api_unii,smiles,MolWt,MolLogP,TPSA,NumHDonors,NumHAcceptors,NumRotatableBonds,NumAromaticRings,NumAliphaticRings,RingCount,FractionCSP3,HeavyAtomCount,NumValenceElectrons,MolMR,LabuteASA,BalabanJ,BertzCT,HallKierAlpha,NumSaturatedRings,NumHeteroatoms,NHOHCount
6CW7F3G59X,C1CCC(CC1)(CC(=O)O)CN,171.23999999999998,1.3703,63.31999999999999,2.0,2.0,3.0,0.0,1.0,1.0,0.8888888888888888,12.0,70.0,46.82520000000001,72.94860333872566,2.5326302810221746,161.9114705065293,-0.5700000000000001,1.0,3.0,3.0
J0E2756Z7N,CCCCC1=NC2(CCCC2)C(=O)N1Cc3ccc(cc3)-c4ccccc4-c5[nH]nnn5,428.5400000000001,4.777400000000004,87.13000000000001,1.0,5.0,7.0,3.0,2.0,5.0,0.4,32.0,164.0,123.75870000000002,187.50337792250116,1.3836088791531862,1113.598605256763,-3.3499999999999996,1.0,7.0,1.0
6E8ZO8LRNM,c1ccn2c(c1)nn(CCCN3CCN(CC3)c4cccc(c4)Cl)c2=O.Cl,408.333,2.7835000000000014,45.78,0.0,4.0,5.0,3.0,1.0,4.0,0.3684210526315789,27.0,144.0,111.42200000000004,168.9106913047951,2.102497181083033e-06,946.4230477570544,-2.0199999999999996,1.0,8.0,0.0
143NQ3779B,C[C@H](/C=C/[C@H](C1CC1)O)[C@@]2([H])CC[C@@]3([H])/C(=C/C=C\4/C[C@H](C[C@@H](C4=C)O)O)/CCC[C@]23C,412.61400000000026,5.090600000000006,60.69,3.0,3.0,5.0,0.0,4.0,4.0,0.7037037037037037,30.0,166.0,121.76040000000008,181.82871051587546,1.4835572427136636,743.2071381686682,-1.1600000000000001,4.0,3.0,3.0
IR84JPZ1RK,CC[C@@H](CO)NC(=O)[C@@H]1C=C2c3cccc4c3c(C[C@@]2([H])N(C)C1)c[nH]4.C(=C/C(=O)O)/C(=O)O,455.51100000000014,1.6364999999999998,142.96,5.0,5.0,6.0,2.0,2.0,4.0,0.375,33.0,176.0,123.60680000000008,190.9532280952252,3.307499635588011e-07,1082.8097210184906,-3.43,0.0,9.0,5.0
19XTS3T51U,C[C@H]1c2cccc(c2C(=O)C3=C([C@]4([C@]([H])([C@@H](C(=C(C4=O)C(=O)N)O)N(C)C)[C@H]([C@]13[H])O)O)O)O.C[C@H]1c2cccc(c2C(=O)C3=C([C@]4([C@]([H])([C@@H](C(=C(C4=O)C(=O)N)O)N(C)C)[C@H]([C@]13[H])O)O)O)O.CCO.Cl.Cl.O,1025.8860000000002,-0.6776999999999958,414.9700000000001,13.0,19.0,4.0,2.0,6.0,8.0,0.43478260869565216,70.0,384.0,250.4193999999997,411.8068850145561,3.3695207102815416e-07,2486.9392341347825,-5.920000000000001,0.0,24.0,17.0
BK76465IHM,CNC(=C[N+](=O)[O-])NCCSCc1ccc(CN(C)C)o1.Cl,350.872,1.8808000000000002,83.58,2.0,7.0,10.0,1.0,0.0,1.0,0.5384615384615384,22.0,126.0,91.64880000000004,140.60934541879294,4.409995493404742e-06,479.6051883937699,-1.3799999999999997,0.0,9.0,2.0
0VE05JYS2P,CN(C)CCC=C1c2ccccc2C=Cc3ccccc31.Cl,311.85600000000005,4.9756000000000045,3.24,0.0,1.0,3.0,2.0,1.0,3.0,0.2,22.0,114.0,99.31000000000004,138.9359239455889,1.76333217841468e-06,646.8583615681584,-1.8299999999999992,0.0,2.0,0.0
786Z46389E,CN(C)C(=N)NC(=N)N.Cl,165.62800000000001,-0.6123600000000003,88.99000000000001,4.0,2.0,0.0,0.0,0.0,0.0,0.5,10.0,60.0,43.71150000000001,66.00745917292251,0.0,131.60964047443682,-0.97,0.0,6.0,5.0
0H73WJJ391,CC1(C)O[C@]2([H])CO[C@]3(COS(=O)(=O)N)[C@]([H])([C@]2([H])O1)OC(C)(C)O3,339.36600000000016,-0.3953999999999982,115.54000000000002,1.0,8.0,3.0,0.0,3.0,3.0,1.0,22.0,128.0,71.60420000000005,128.7270626681316,1.8725713676939653,561.473564578839,-0.33,3.0,10.0,2.0
26LUD4JO9K,CN(C)CCC=C1c2ccccc2CCc3ccccc31.Cl,313.872,4.590400000000005,3.24,0.0,1.0,3.0,2.0,1.0,3.0,0.3,22.0,116.0,97.79000000000005,139.62552697777318,1.763332159631371e-06,608.7617496026902,-1.5699999999999994,0.0,2.0,0.0
7LKK855W8I,c1cc(ccc1C#N)C(c2ccc(cc2)C#N)n3cncn3,285.31,2.659160000000001,78.29,0.0,4.0,3.0,3.0,0.0,3.0,0.058823529411764705,22.0,104.0,79.57700000000003,127.25245867565965,2.0705579702617833,776.560109916363,-3.44,0.0,5.0,0.0
J6292F8L3D,C(CC(=O)c1ccc(cc1)F)CN2CCC(CC2)(c3ccc(cc3)Cl)O,375.8709999999999,4.4256000000000055,40.540000000000006,1.0,3.0,6.0,2.0,1.0,3.0,0.38095238095238093,26.0,138.0,100.98730000000005,157.95153635385228,1.444579210133206,737.611323693879,-1.7499999999999996,1.0,5.0,1.0
00FN6IH15D,CNCCC=C1c2ccccc2CCc3ccccc31.Cl,299.84499999999997,4.248200000000004,12.03,1.0,1.0,3.0,2.0,1.0,3.0,0.2631578947368421,21.0,110.0,93.16270000000004,133.05061337678126,1.6133323727894866e-06,581.4684095750006,-1.5699999999999994,0.0,2.0,1.0
21925K482H,CCCC(C)(COC(=O)N)COC(=O)NC(C)C,260.334,2.0227,90.65,2.0,4.0,7.0,0.0,0.0,0.0,0.8333333333333334,18.0,106.0,68.17010000000005,108.1935018259143,4.239056776558339,281.25097565253355,-1.46,0.0,6.0,3.0
216X081ORU,c1ccc2c(c1)c(ns2)N3CCN(CCc4cc5CC(=O)Nc5cc4Cl)CC3.Cl.O,467.42200000000014,3.4061000000000026,79.97,1.0,5.0,4.0,3.0,2.0,5.0,0.3333333333333333,30.0,160.0,126.62450000000001,190.2473022376181,1.2799990709006908e-06,1050.6624409584088,-1.8999999999999995,1.0,9.0,3.0
ZG7E5POY8O,CC(C(=O)c1cccc(c1)Cl)NC(C)(C)C.Cl,276.20699999999994,3.721100000000003,29.1,1.0,2.0,3.0,1.0,0.0,1.0,0.46153846153846156,17.0,96.0,75.38120000000005,114.15374168335612,2.559998788000591e-06,385.2510066297173,-0.5700000000000001,0.0,4.0,1.0
021SEF3731,CC(C)(C)NCC(c1ccc(c(c1)CO)O)O.CC(C)(C)NCC(c1ccc(c(c1)CO)O)O.OS(=O)(=O)O,576.7090000000003,1.9592000000000005,220.03999999999996,10.0,10.0,8.0,2.0,0.0,2.0,0.5384615384615384,39.0,224.0,147.66759999999996,230.10634975285882,6.319785948922289e-07,1031.1969739659537,-2.33,0.0,13.0,10.0
9G64RSX1XD,C[C@H](CS)C(=O)N1CCC[C@H]1C(=O)O,217.28999999999996,0.6279000000000001,57.61,2.0,3.0,3.0,0.0,1.0,1.0,0.7777777777777778,14.0,80.0,55.38780000000003,88.68513507536183,2.6669696816932777,244.21156588239836,-0.71,1.0,5.0,1.0
33CM23913M,c1ccc2c(c1)C=Cc3ccccc3N2C(=O)N,236.27399999999997,3.3872000000000018,46.33,1.0,1.0,0.0,2.0,1.0,3.0,0.0,18.0,88.0,73.53440000000002,105.14913595029721,2.305250789577584,596.9467906495956,-2.55,0.0,3.0,2.0
CHB1QD2QSS,CN1c2ccc(cc2C(=NC(C1=O)O)c3ccccc3)Cl,300.745,2.472200000000001,52.900000000000006,1.0,3.0,1.0,2.0,1.0,3.0,0.125,21.0,106.0,82.94980000000002,126.85661286480315,2.2716729569381777,728.3117647975776,-2.1699999999999995,0.0,5.0,1.0
UZX80K71OE,CN1CCN(CC1)C(=O)O[C@H]2c3c(C(=O)N2c4ccc(cn4)Cl)nccn3,388.81500000000005,1.568,91.76,0.0,7.0,2.0,2.0,2.0,4.0,0.35294117647058826,27.0,140.0,96.38050000000003,160.0746725436011,1.631264877657146,869.2273935019914,-2.78,1.0,10.0,0.0
J8BDZ68989,CNS(=O)(=O)Cc1ccc2c(c1)c(CCN(C)C)c[nH]2.C(CC(=O)O)C(=O)O,413.49600000000015,1.2569999999999997,139.8,4.0,5.0,9.0,2.0,0.0,2.0,0.4444444444444444,28.0,156.0,106.74580000000009,163.95946382044778,4.1649996877854435e-07,891.1817381853239,-2.43,0.0,10.0,4.0
BW9B0ZE037,CCCc1c2c(c(=O)[nH]c(-c3cc(ccc3OCC)S(=O)(=O)N4CCN(C)CC4)n2)n(C)n1.C(C(=O)O)C(CC(=O)O)(C(=O)O)O,666.7100000000005,0.3624000000000032,245.54999999999995,5.0,11.0,12.0,3.0,1.0,4.0,0.5,46.0,252.0,163.07669999999976,263.63771909218025,3.759440180369061e-07,1745.0215907015534,-4.390000000000001,1.0,18.0,5.0
3ST302B24A,CCCCc1nc(c(CO)n1Cc2ccc(cc2)-c3ccccc3-c4[n-]nnn4)Cl.[K+],461.01000000000005,0.8998999999999997,90.82000000000001,1.0,5.0,8.0,4.0,0.0,4.0,0.2727272727272727,31.0,154.0,114.89280000000001,228.22464805613313,2.7224962102304753e-06,1111.7488853570685,-1.3936363636363636,0.0,9.0,1.0
QTG126297Q,c1ccc(c(c1)CC(=O)[O-])Nc2c(cccc2Cl)Cl.[Na+],318.135,0.033399999999999486,52.16,1.0,3.0,4.0,2.0,0.0,2.0,0.07142857142857142,20.0,98.0,74.89770000000003,148.7439316666773,1.9999988342507e-06,599.6229405866206,-0.7099999999999995,0.0,6.0,1.0
3X6SAX83JZ,c1ccc2c(c1)c(ns2)N3CCN(CCc4cc5CC(=O)Nc5cc4Cl)CC3,412.94600000000014,3.809000000000002,48.470000000000006,1.0,5.0,4.0,3.0,2.0,5.0,0.3333333333333333,28.0,144.0,115.76270000000002,172.6134555566543,1.2037543273576896,1042.061660907766,-2.1499999999999995,1.0,7.0,1.0
Z5B97MU9K4,CC(c1ccc(-c2ccccc2)c(c1)F)C(=O)[O-].[Na+].O.O,302.27700000000004,-2.2992999999999992,103.13,0.0,2.0,3.0,2.0,0.0,2.0,0.13333333333333333,21.0,108.0,72.4856,144.07952140345756,0.0,575.1412299983277,-1.2399999999999998,0.0,6.0,4.0
742SXX0ICT,CN1CC(=O)N2[C@]([H])(Cc3c4ccccc4[nH]c3[C@H]2c5ccc6c(c5)OCO6)C1=O,389.41100000000023,2.2112999999999996,74.87,1.0,4.0,1.0,3.0,3.0,6.0,0.2727272727272727,29.0,146.0,104.68170000000005,166.35116773240372,1.5913979833793044,1184.014141782871,-3.4799999999999995,1.0,7.0,1.0
660YQ98I10,[Cl-].[K+],74.551,-5.992,0.0,0.0,0.0,0.0,0.0,0.0,0.0,0.0,2.0,8.0,0.0,62.44413570781571,0.0,2.0,1.9263636363636363,0.0,2.0,0.0
O2GMZ0LF5W,CCC(=O)O[C@@]1([C@H](C)C[C@@]2([H])[C@]3([H])C[C@@H](C4=CC(=O)C=C[C@]4(C)[C@]3([C@H](C[C@@]21C)O)F)F)C(=O)SCF,500.57900000000024,4.430000000000005,80.67000000000002,1.0,6.0,4.0,0.0,4.0,4.0,0.72,34.0,188.0,120.86780000000007,201.10739261084086,1.8728693199616573,983.5979311485574,-1.61,3.0,9.0,1.0
HDP7W44CIO,Cc1cccc(c1)CN2CCN(CC2)C(c3ccccc3)c4ccc(cc4)Cl.Cl.Cl.O,481.8950000000001,5.574520000000007,37.980000000000004,0.0,2.0,5.0,3.0,1.0,4.0,0.28,31.0,168.0,135.87580000000005,202.7042286796737,1.6016659521169962e-06,898.1553748750258,-1.589999999999999,1.0,6.0,2.0
3I3T11UD2S,c1cc(ccc1[C@@H]2CCNC[C@H]2COc3ccc4c(c3)OCO4)F.Cl,365.83200000000005,3.7483000000000026,39.72,1.0,4.0,4.0,2.0,2.0,4.0,0.3684210526315789,25.0,134.0,95.42570000000005,152.24055634688315,1.8224981079770186e-06,710.3154348404983,-1.979999999999999,1.0,6.0,1.0
4EVE5946BQ,c1ccc(cc1)C(=O)c2ccc3C(CCn32)C(=O)O.C(C(CO)(CO)N)O,376.40900000000016,-0.04820000000000002,146.01,5.0,6.0,6.0,2.0,1.0,3.0,0.3684210526315789,27.0,146.0,97.47610000000005,156.0319781686244,2.7938594706867143e-07,774.4878303046804,-2.5200000000000005,0.0,8.0,6.0
2XG66W44KF,CN(C)CC/C=C\1/c2ccccc2COc3ccc(cc13)CC(=O)O.Cl,373.88000000000005,4.011300000000004,49.769999999999996,1.0,3.0,5.0,2.0,1.0,3.0,0.2857142857142857,26.0,138.0,106.05380000000007,160.05977017391643,2.4299977737021394e-06,814.6535308537381,-2.3,0.0,5.0,1.0
VB0R961HZT,C[C@@]12C=CC(=O)C=C2CC[C@@]3([H])[C@]4([H])CC[C@](C(=O)CO)([C@@]4(C)CC(=O)[C@@]31[H])O,358.4340000000001,1.7658,91.67,2.0,5.0,2.0,0.0,4.0,4.0,0.6666666666666666,26.0,140.0,94.04860000000005,152.70859644179959,1.7605370426078073,764.3631263188779,-1.59,3.0,5.0,2.0
JCX84Q7J1L,Cc1ccc(cc1)-c2cc(C(F)(F)F)nn2-c3ccc(cc3)S(=O)(=O)N,381.3790000000001,3.5139200000000015,77.98,1.0,3.0,3.0,3.0,0.0,3.0,0.11764705882352941,26.0,136.0,90.11220000000002,147.47998201558565,2.160670373157657,1038.352309274621,-2.65,0.0,9.0,2.0
UTI8907Y6X,CN[C@H]1CC[C@@H](c2ccc(c(c2)Cl)Cl)c3ccccc31.Cl,342.69699999999995,5.601400000000004,12.03,1.0,1.0,2.0,2.0,1.0,3.0,0.29411764705882354,21.0,112.0,93.02970000000003,141.61686463393562,1.6133323516450603e-06,627.1823274367913,-0.73,0.0,4.0,1.0
ISQ9I6J12J,CC(=O)NC[C@H]1CN(c2ccc(c(c2)F)N3CCOCC3)C(=O)O1,337.35100000000017,1.1235999999999997,71.11,1.0,5.0,4.0,1.0,2.0,3.0,0.5,24.0,130.0,85.73070000000004,138.8543615424469,1.692165277075504,633.7485798888887,-2.35,2.0,8.0,1.0
2S3PL1B6UJ,c1ccc2c(c1)C(=Nc3ccccc3S2)N4CCN(CC4)CCOCCO.c1ccc2c(c1)C(=Nc3ccccc3S2)N4CCN(CC4)CCOCCO.C(=C\C(=O)O)/C(=O)O,883.106,5.423800000000005,171.2,4.0,14.0,12.0,4.0,4.0,8.0,0.34782608695652173,62.0,328.0,242.65519999999935,370.7334162863212,1.764890341394691e-07,2021.4567977462034,-5.039999999999999,2.0,16.0,4.0
3U9A0FE9N5,CN(C)CC/C=C/1\C2=CC=CC=C2COC3=CC=CC=C31.Cl,315.844,4.384200000000005,12.47,0.0,2.0,3.0,2.0,1.0,3.0,0.2631578947368421,22.0,116.0,94.71400000000004,138.37413009288346,1.763332159631371e-06,614.4896887450093,-1.7699999999999996,0.0,3.0,0.0
125OD7737X,COc1ccccc1OCC(COC(=O)N)O,241.24299999999994,0.5301999999999998,91.01,2.0,5.0,6.0,1.0,0.0,1.0,0.36363636363636365,17.0,94.0,60.03120000000003,98.89239592925315,2.4107583404005677,368.6343524510428,-1.9500000000000002,0.0,6.0,3.0
57WVB6I2W0,Cc1ccccc1O[C@H](CCNC)c2ccccc2.Cl,291.82199999999995,4.146420000000004,21.259999999999998,1.0,2.0,6.0,2.0,0.0,2.0,0.29411764705882354,20.0,108.0,86.78170000000004,127.1297085632084,1.9999987283341697e-06,501.3530075892534,-1.5099999999999993,0.0,3.0,1.0
P41PML4GHR,CNC(=C[N+](=O)[O-])NCCSCc1csc(CN(C)C)n1,331.4670000000001,1.3224999999999998,83.33,2.0,8.0,10.0,1.0,0.0,1.0,0.5833333333333334,21.0,118.0,87.80680000000004,132.52193415352465,2.218277243493725,475.9677720170103,-1.32,0.0,9.0,2.0
F446C597KA,CC1(C)O[C@]2([H])C[C@@]3([H])[C@]4([H])CCC5=CC(=O)C=C[C@]5(C)[C@]4([C@H](C[C@]3(C)[C@]2(C(=O)CO)O1)O)F,434.50400000000025,2.418800000000001,93.06000000000002,2.0,6.0,2.0,0.0,5.0,5.0,0.75,31.0,170.0,108.59860000000006,181.0286953933564,1.6368996691130526,925.0303087134429,-1.4100000000000001,4.0,7.0,2.0
48A5M73Z4Q,CC(C)c1c(c(-c2ccccc2)c(-c3ccc(cc3)F)n1CC[C@H](C[C@H](CC(=O)[O-])O)O)C(=O)Nc4ccccc4.CC(C)c1c(c(-c2ccccc2)c(-c3ccc(cc3)F)n1CC[C@H](C[C@H](CC(=O)[O-])O)O)C(=O)Nc4ccccc4.[Ca+2].O.O.O,1209.4070000000004,7.102900000000012,323.74,6.0,10.0,24.0,8.0,0.0,8.0,0.2727272727272727,86.0,452.0,325.83100000000036,528.1041984143056,4.3022220151433846e-07,3177.726013694911,-7.4002597402597425,0.0,20.0,12.0
WI4X0X7BPJ,C[C@@]12CCC(=O)C=C2CC[C@@]3([H])[C@]4([H])CC[C@](C(=O)CO)([C@@]4(C)C[C@@H]([C@@]31[H])O)O,362.46600000000007,1.7816,94.83000000000001,3.0,5.0,2.0,0.0,4.0,4.0,0.8095238095238095,26.0,144.0,95.14240000000004,154.0309111261361,1.7350832012021693,683.8889217536757,-1.0400000000000003,3.0,5.0,3.0
XB13HYU18U,c1ccc(cc1)C[C@H]2C(=O)N[C@@H](CCC(=O)N)C(=O)N[C@@H](CC(=O)N)C(=O)N[C@@H](CSSCCC(=O)N[C@@H](Cc3ccc(cc3)O)C(=O)N2)C(=O)N4CCC[C@H]4C(=O)N[C@H](CCCNC(=N)N)C(=O)NCC(=O)N.CC(=O)O.O.O.O,1183.3349999999998,-6.515230000000019,567.2099999999998,15.0,16.0,19.0,2.0,2.0,4.0,0.4791666666666667,81.0,450.0,295.55489999999975,472.4394023439334,8.83115965647138e-06,2477.66063478092,-8.27,2.0,33.0,25.0
KG60484QX9,Cc1cnc(C[S+](c2[nH]c3ccc(cc3n2)OC)[O-])c(C)c1OC,345.42400000000015,2.8997400000000013,83.09,1.0,5.0,5.0,3.0,0.0,3.0,0.29411764705882354,24.0,126.0,93.02110000000005,142.96481028678312,1.8844828594834786,878.8884252759138,-2.25,0.0,7.0,1.0
05RMF7YPWN,CCCC(=O)O[C@@]1(CC[C@@]2([H])[C@]3([H])CCC4=CC(=O)CC[C@]4(C)[C@@]3([H])[C@H](C[C@@]21C)O)C(=O)CO,432.55700000000024,3.1326000000000023,100.90000000000002,2.0,6.0,5.0,0.0,4.0,4.0,0.8,31.0,172.0,113.92360000000008,183.97151316107718,1.7251301470037164,816.8298573946399,-1.53,3.0,6.0,2.0
M6Q1EO9TD0,C1C2CC3CC1CC(C2)(C3)N.Cl,187.714,2.3356999999999997,26.02,1.0,1.0,0.0,0.0,4.0,4.0,1.0,12.0,70.0,52.338400000000036,80.49922054637346,5.63333210050027e-07,154.9933883013439,0.24999999999999997,4.0,2.0,2.0
R3UK8X3U3D,c1ccc(cc1)C(c2ccccc2)[S+](CC(=O)N)[O-],273.35699999999997,2.0099999999999993,66.15,1.0,2.0,5.0,2.0,0.0,2.0,0.13333333333333333,19.0,98.0,76.93080000000003,115.1791274813901,2.3650690421732667,490.8565422827171,-1.7799999999999994,0.0,4.0,2.0
U3RSY48JW5,CCOC(=O)c1ccc(cc1)N,165.19199999999998,1.4455,52.32,1.0,3.0,2.0,1.0,0.0,1.0,0.2222222222222222,12.0,64.0,46.81090000000002,71.14118748925014,2.753742758109602,266.36195376207496,-1.51,0.0,3.0,2.0
PML56A160O,c1cc(c(CC(=O)NC(=N)N)c(c1)Cl)Cl.Cl,282.55799999999994,1.9673699999999994,78.97,3.0,2.0,2.0,1.0,0.0,1.0,0.1111111111111111,16.0,88.0,67.47080000000001,109.02248114892886,2.2499990680003994e-06,388.7357257388614,-0.9699999999999998,0.0,7.0,4.0
04201GDN4R,C[C@@H]1C[C@@]2([H])[C@]3([H])CCC4=CC(=O)C=C[C@]4(C)[C@]3([C@H](C[C@]2(C)[C@]1(C(=O)CCl)OC(=O)c5ccco5)O)Cl,521.4370000000002,4.8692000000000055,93.81000000000002,1.0,6.0,4.0,1.0,4.0,5.0,0.5925925925925926,35.0,188.0,130.22830000000005,214.21574807180787,1.613281683932518,1140.5302305667146,-1.8900000000000001,3.0,8.0,1.0
LEC9GKY20K,C[C@H]1C[C@H]2[C@@H]3CC[C@](C(=O)CO)([C@@]3(C)C[C@@H]([C@@H]2[C@@]4(C)C=CC(=O)C=C14)O)O,374.4770000000001,1.8036000000000003,94.83,3.0,5.0,2.0,0.0,4.0,4.0,0.7272727272727273,27.0,148.0,99.59540000000005,159.70625020834842,1.781065864389522,753.8020968349459,-1.2999999999999998,3.0,5.0,3.0
T18F433X4S,C#C[C@@]1(CC[C@@]2([H])[C@]3([H])CCC4=CC(=O)CC[C@]4([H])[C@@]3([H])CC[C@@]21C)O,298.426,3.492500000000003,37.3,1.0,2.0,0.0,0.0,4.0,4.0,0.75,22.0,118.0,85.87580000000004,132.91520479916298,1.6520192857313454,583.0048893946201,-1.07,3.0,2.0,1.0
976728SY6Z,CCCCc1c(c2ccccc2o1)C(=O)c3cc(c(c(c3)I)OCCN(CC)CC)I.Cl,681.7800000000002,7.358000000000007,42.68,0.0,4.0,11.0,3.0,0.0,3.0,0.4,32.0,174.0,150.66549999999975,223.69052487412648,3.6299944951505127e-06,1023.838209219812,-0.8399999999999996,0.0,7.0,0.0
4BA73M5E37,C1CC1n2cc(c(=O)c3cc(c(cc32)N4CCNCC4)F)C(=O)O.Cl.O,385.8230000000001,1.1804,106.07000000000001,2.0,4.0,3.0,2.0,2.0,4.0,0.4117647058823529,26.0,142.0,99.34080000000004,154.67691761687342,1.214999521575199e-06,891.687477053396,-2.16,2.0,9.0,4.0
D7ZD41RZI9,CCCN(CCC)CCc1cccc2c1CC(=O)N2.Cl,296.8419999999999,3.2675000000000023,32.34,1.0,2.0,7.0,1.0,1.0,2.0,0.5625,20.0,112.0,86.74970000000005,127.69930431633844,1.9999986175843255e-06,442.10305466674646,-1.06,0.0,4.0,1.0
804826J2HU,CC1(C)[C@H](C(=O)O)N2C(=O)[C@H]([C@@]2([H])S1)NC(=O)[C@@H](c3ccc(cc3)O)N.O.O.O,419.45600000000024,-2.4503999999999975,227.46,4.0,6.0,4.0,1.0,2.0,3.0,0.4375,28.0,158.0,101.53510000000003,164.35715262236042,2.429999109975335e-06,741.9098381858506,-2.38,2.0,12.0,11.0
U1O3J18SFL,CC(C)(c1ccccc1CC[C@H](c2cccc(/C=C/c3ccc4ccc(cc4n3)Cl)c2)SCC5(CC5)CC(=O)O)O,586.1970000000003,8.948000000000002,70.42,2.0,4.0,12.0,4.0,1.0,5.0,0.3142857142857143,41.0,212.0,171.2495999999996,251.03702531682842,1.3712638757589357,1571.490110063069,-3.1199999999999988,1.0,6.0,2.0
9LHU78OQFD,CC[C@H](C)C(=O)O[C@H]1C[C@@H](C)C=C2C=C[C@H](C)[C@H](CC[C@@H]3C[C@H](CC(=O)O3)O)[C@]21[H],404.54700000000025,4.1955000000000044,72.83000000000001,1.0,5.0,6.0,0.0,3.0,3.0,0.75,29.0,162.0,110.83780000000007,174.08058854529264,1.7401695799133003,666.182169981736,-1.62,1.0,5.0,1.0
I1E9D14F36,CN(C)CCCC1(c2ccc(cc2)F)c3ccc(cc3CO1)C#N.Br,405.3110000000001,4.390880000000005,36.26,0.0,3.0,5.0,2.0,1.0,3.0,0.35,25.0,132.0,101.23600000000005,158.34639918375734,2.2533313596462586e-06,770.2558879609472,-1.7399999999999993,0.0,5.0,0.0
5688UTC01R,C/C(=C\C=C\C(=C\C(=O)O)\C)/C=C/C1=C(C)CCCC1(C)C,300.44200000000006,5.602600000000005,37.3,1.0,1.0,5.0,0.0,1.0,1.0,0.45,22.0,120.0,93.76180000000005,134.17506073915436,2.7915849583616437,566.514664398947,-1.8299999999999996,0.0,2.0,1.0
W5S57Y3A5L,CC(C)NCC(COc1ccc(cc1)CCOC)O.CC(C)NCC(COc1ccc(cc1)CCOC)O.[C@@H]([C@H](C(=O)O)O)(C(=O)O)O,684.8240000000006,1.1038000000000041,216.49999999999997,8.0,12.0,21.0,2.0,0.0,2.0,0.5882352941176471,48.0,274.0,180.6101999999996,283.1712381478521,7.271778402977419e-07,1012.8070016932661,-3.3400000000000003,0.0,14.0,8.0
R61ZEH7I1I,CC(CN1c2ccccc2Sc3ccccc31)N(C)C.Cl,320.88899999999995,4.6612000000000045,6.48,0.0,3.0,3.0,2.0,1.0,3.0,0.29411764705882354,21.0,112.0,94.41000000000005,137.10324736233622,1.6133323421117405e-06,569.7440326769416,-1.1599999999999997,0.0,4.0,0.0
140QMO216E,Cc1ncc(n1CCO)[N+](=O)[O-],171.15599999999998,0.09201999999999982,81.19,1.0,4.0,3.0,1.0,0.0,1.0,0.5,12.0,66.0,40.704200000000014,68.61221882593873,3.032858934158134,294.2284590462866,-1.43,0.0,6.0,1.0
OLH94387TE,CC(=O)O[C@@H]1[C@H](c2ccc(cc2)OC)Sc3ccccc3N(CCN(C)C)C1=O.Cl,450.9880000000002,3.7903000000000024,59.080000000000005,0.0,6.0,6.0,2.0,1.0,3.0,0.36363636363636365,30.0,162.0,121.74300000000007,187.4780925934206,3.203329436638286e-06,875.6961840095589,-2.2199999999999998,0.0,8.0,0.0
0K2I505OTV,CC(C)(Cc1ccccc1)N.Cl,185.69799999999998,2.3882,26.02,1.0,1.0,2.0,1.0,0.0,1.0,0.4,12.0,68.0,55.66040000000003,80.38415552664553,1.2099997178500676e-06,213.03023055713177,-0.53,0.0,2.0,2.0
77TI35393C,CN(C)C(=O)C(CCN1CCC(CC1)(c2ccc(cc2)Cl)O)(c3ccccc3)c4ccccc4.Cl,513.5090000000001,5.509800000000008,43.78,1.0,3.0,7.0,3.0,1.0,4.0,0.3448275862068966,35.0,186.0,145.24579999999983,219.48590630853604,3.422493851073916e-06,1041.1842244166335,-2.3699999999999988,1.0,6.0,1.0
6871619Q5X,COc1ccnc(C[S+](c2nc3ccc(cc3[n-]2)OC(F)F)[O-])c1OC.COc1ccnc(C[S+](c2nc3ccc(cc3[n-]2)OC(F)F)[O-])c1OC.[Na+].[Na+].O.O.O,864.7610000000001,-3.4392999999999954,275.76,0.0,12.0,14.0,6.0,0.0,6.0,0.25,57.0,300.0,189.1381999999997,371.989550186255,1.0116128674386417e-06,1980.162682897962,-3.3,0.0,25.0,6.0
IV021NXA9J,C[C@@]12C=CC(=O)C=C2CC[C@@]3([H])[C@]4([H])CC[C@](C(=O)COP(=O)([O-])[O-])([C@@]4(C)C[C@@H]([C@@]31[H])O)O.[Na+].[Na+],484.39300000000014,-5.581399999999994,147.02,2.0,8.0,4.0,0.0,4.0,4.0,0.7142857142857143,32.0,166.0,101.52110000000006,231.6254969955537,1.8149987545258913e-06,900.2305343293389,0.8499999999999996,3.0,11.0,2.0
Z6375YW9SF,C1CC1CN2CC[C@@]34c5c6ccc(c5O[C@@]4([H])C(=O)CC[C@]3([C@H]2C6)O)O.Cl,377.8680000000001,1.947200000000001,70.0,2.0,5.0,2.0,1.0,5.0,6.0,0.65,26.0,140.0,97.04560000000004,158.2878987100988,1.4999987282927976e-06,809.2460744994622,-1.2999999999999998,3.0,6.0,2.0
SX6K58TVWC,COc1ccc(cc1C(=O)NCCc2ccc(cc2)S(=O)(=O)NC(=O)NC3CCCCC3)Cl,494.01300000000026,3.641700000000002,113.6,3.0,5.0,8.0,2.0,1.0,3.0,0.391304347826087,33.0,178.0,126.20940000000004,198.64724753010978,1.513273099027308,1083.77575374057,-2.7800000000000002,1.0,10.0,3.0
WY6W63843K,Cc1ccc(cc1)-c2c(CC(=O)N(C)C)n3cc(C)ccc3n2.Cc1ccc(cc1)-c2c(CC(=O)N(C)C)n3cc(C)ccc3n2.[C@@H]([C@H](C(=O)O)O)(C(=O)O)O,764.8800000000003,4.375080000000003,190.27999999999997,4.0,8.0,9.0,6.0,0.0,6.0,0.2857142857142857,56.0,294.0,212.2851999999995,324.4717293767769,2.0187483117597477e-07,2178.3252878737735,-6.379999999999999,0.0,14.0,4.0
VG2QF83CGL,Cc1cnc(NC(=O)C2=C(c3ccccc3S(=O)(=O)N2C)O)s1,351.4090000000001,1.95092,99.6,2.0,6.0,2.0,2.0,1.0,3.0,0.14285714285714285,23.0,120.0,86.42030000000004,136.50401256165483,2.086827219746808,931.0039542533557,-2.3899999999999997,0.0,9.0,2.0
9N7R477WCK,CN(C)C[C@H]1CCCC[C@@]1(c2cccc(c2)OC)O.Cl,299.8419999999999,3.0564000000000027,32.7,1.0,3.0,4.0,1.0,1.0,2.0,0.625,20.0,114.0,84.65080000000005,127.89569901438954,1.9999987946674217e-06,424.6928286924328,-0.77,1.0,4.0,1.0
YKH834O4BH,CNC[C@@H](c1ccc(c(c1)O)O)O,183.207,0.35059999999999986,72.72,4.0,4.0,3.0,1.0,0.0,1.0,0.3333333333333333,13.0,72.0,48.65810000000003,76.45879290288288,2.835168262488178,288.1883450849283,-1.26,0.0,4.0,4.0
63937KV33D,CC[C@@H]1[C@](C)([C@@H]([C@@H](C)C(=O)[C@H](C)C[C@](C)([C@@H]([C@@H](C)[C@@H]([C@@H](C)C(=O)O1)O[C@@]2([H])C[C@](C)([C@H]([C@H](C)O2)O)OC)O[C@@]3([H])[C@@H]([C@H](C[C@@H](C)O3)N(C)C)O)O)O)O,733.9370000000004,1.7856000000000058,193.91,5.0,14.0,7.0,0.0,3.0,3.0,0.9459459459459459,51.0,298.0,186.25799999999947,303.594991693832,2.1830663351681414,1167.2981664566057,-1.3000000000000005,3.0,14.0,5.0
YU55MQ3IZY,Cc1nnc2CN=C(c3ccccc3)c4cc(ccc4-n12)Cl,308.77200000000005,3.5801200000000026,43.07,0.0,3.0,1.0,3.0,1.0,4.0,0.11764705882352941,22.0,108.0,86.89100000000003,132.66005687193478,2.0133815691934758,880.9295253951269,-2.459999999999999,0.0,5.0,0.0
935E97BOY8,c1cc(ccc1C(=O)N[C@@H](CCC(=O)O)C(=O)O)NCc2cnc3c(c(=O)[nH]c(N)n3)n2,441.40400000000017,-0.044799999999998674,213.27999999999997,6.0,9.0,9.0,3.0,0.0,3.0,0.21052631578947367,32.0,166.0,111.89460000000004,179.27751955065443,1.6218348411934933,1225.0586856369828,-4.550000000000001,0.0,13.0,7.0
83MVU38M7Q,CC(C)c1c(/C=C/[C@H](C[C@H](CC(=O)[O-])O)O)c(-c2ccc(cc2)F)nc(n1)N(C)S(=O)(=O)C.CC(C)c1c(/C=C/[C@H](C[C@H](CC(=O)[O-])O)O)c(-c2ccc(cc2)F)nc(n1)N(C)S(=O)(=O)C.[Ca+2],1001.1539999999999,1.7532000000000025,287.49999999999994,4.0,16.0,20.0,4.0,0.0,4.0,0.4090909090909091,67.0,360.0,245.85479999999941,418.44301813573156,4.5333331264313845e-07,2425.890445177916,-4.520259740259741,0.0,23.0,4.0
1L4806J2QF,COc1ccc(cc1C23CC4CC(CC(C4)C2)C3)-c5ccc6cc(ccc6c5)C(=O)O,412.52900000000005,6.681400000000006,46.53,1.0,2.0,4.0,3.0,4.0,7.0,0.39285714285714285,31.0,158.0,122.74530000000007,182.60127485121444,1.427942981302204,1156.7976717268523,-2.8099999999999996,4.0,3.0,1.0
0EWG668W17,c1ccc(cc1)/N=N/c2ccc(N)nc2N.Cl,249.705,3.0832,89.64999999999999,2.0,5.0,2.0,2.0,0.0,2.0,0.0,17.0,88.0,70.9278,104.98779779757145,1.44499936165029e-06,512.5251694131185,-2.1399999999999997,0.0,6.0,4.0
SOD6A38AGA,c1ccc(cc1)[C@H](c2ccc(cc2)Cl)N3CCN(CC3)CCOCC(=O)O.Cl.Cl,461.8170000000002,3.9918000000000036,53.010000000000005,1.0,4.0,8.0,2.0,1.0,3.0,0.38095238095238093,29.0,160.0,120.70080000000006,188.96556635573515,2.1024985798166353e-06,723.7109943974056,-1.3399999999999994,1.0,8.0,1.0
44YRR34555,CC[C@@H](C(=O)N)N1CCCC1=O,170.212,-0.12729999999999997,63.400000000000006,1.0,2.0,3.0,0.0,1.0,1.0,0.75,12.0,68.0,44.22040000000001,71.7107832423802,2.6471642061485827,203.23454122869492,-1.06,1.0,4.0,2.0
E7199S1YWR,c1ccc(cc1)CC[C@@H](C(=O)O)N[C@@H](CCCCN)C(=O)N2CCC[C@H]2C(=O)O.O.O,441.52500000000026,-0.41419999999999724,195.95999999999998,4.0,5.0,12.0,1.0,1.0,2.0,0.5714285714285714,31.0,176.0,115.61430000000006,181.58383089409307,4.499996627065122e-06,686.8107483602024,-2.5300000000000002,1.0,10.0,9.0
0J48LPH2TH,c1c(c(cc2c1NCNS2(=O)=O)S(=O)(=O)N)Cl,297.745,-0.3512999999999999,118.36,3.0,5.0,1.0,1.0,1.0,2.0,0.14285714285714285,17.0,94.0,61.63640000000001,103.05494715630498,2.790493724042408,683.315512378044,-0.8700000000000001,0.0,10.0,4.0
C1ENJ2TE6C,CN1CC[C@@]23c4c5ccc(c4O[C@@]3([H])C(=O)CC[C@]2([C@@]1([H])C5)O)OC.Cl,351.83,1.4699999999999998,59.0,1.0,5.0,1.0,1.0,4.0,5.0,0.6111111111111112,24.0,130.0,90.26580000000004,146.8831571121457,1.4579990202156778e-06,737.9740999373059,-1.2999999999999998,2.0,6.0,1.0
8VZV102JFY,c1cc(c(cc1F)F)C(Cn2cncn2)(Cn3cncn3)O,306.276,0.7357999999999993,81.65,1.0,5.0,5.0,3.0,0.0,3.0,0.23076923076923078,22.0,114.0,70.29880000000001,123.41948530867808,2.0062012637427222,707.748307396491,-2.68,0.0,9.0,1.0
23310D4I19,C1Cc2cccc3c2[C@H](C1)CN([C@@H]4CN5CCC4CC5)C3=O,296.414,2.656500000000001,23.55,0.0,2.0,1.0,1.0,5.0,6.0,0.631578947368421,22.0,116.0,86.10950000000005,131.83351543298647,1.5288177918866686,617.8612402283367,-1.3499999999999999,3.0,3.0,0.0
50VV3VW0TI,CC(C)NCC(COc1ccc(cc1)CC(=O)N)O,266.34099999999995,0.4521,84.58,3.0,4.0,8.0,1.0,0.0,1.0,0.5,19.0,106.0,73.98090000000002,113.30999399703728,2.346203475304779,390.18247960279086,-1.5899999999999999,0.0,5.0,4.0
V92SO9WP2I,C[N+]1(C)CC[C@@H](C1)OC(=O)[C@](c2ccccc2)(C3CCCC3)O.[Br-],398.3410000000002,-0.5396999999999983,46.53,1.0,3.0,4.0,1.0,2.0,3.0,0.631578947368421,24.0,134.0,88.63620000000006,154.71579665058727,2.0833314752100527e-06,556.9901447057542,-0.9100000000000001,2.0,5.0,1.0
4J9FJ0HL51,[K+].OP(=O)(O)[O-],136.084,-4.5565999999999995,80.59,2.0,2.0,0.0,0.0,0.0,0.0,0.0,6.0,32.0,12.0441,77.22918553985866,0.0,53.68367439558378,1.7463636363636363,0.0,6.0,2.0
W46JY43EJR,c1cnc(nc1)[N-]S(=O)(=O)c2ccc(cc2)N.[Ag+],357.14300000000003,1.4504,100.04,1.0,5.0,3.0,2.0,0.0,2.0,0.0,18.0,98.0,63.09120000000002,120.21172491378354,1.619999209350399e-06,601.5346230313262,-1.4097402597402595,0.0,8.0,2.0
U202363UOS,CC(C)OC(=O)C(C)(C)Oc1ccc(cc1)C(=O)c2ccc(cc2)Cl,360.837,4.680000000000004,52.6,0.0,4.0,6.0,2.0,0.0,2.0,0.3,25.0,132.0,97.26150000000004,152.26143512671686,2.099929247281439,746.2705504674376,-2.329999999999999,0.0,5.0,0.0
X5F8EKL9ZG,c1ccc(c(c1)CC(=O)O)Nc2c(cccc2Cl)Cl.C1CCN(C1)CCO,411.3290000000003,4.438600000000004,72.8,3.0,4.0,6.0,2.0,1.0,3.0,0.35,27.0,146.0,110.28630000000005,169.0742521527444,2.7263156161591627e-07,729.506724575563,-1.7899999999999996,1.0,7.0,3.0
R85M2X0D68,CCOc1nc2cccc(c2n1Cc3ccc(cc3)-c4ccccc4-c5[nH]nnn5)C(=O)OC(C)OC(=O)OC6CCCCC6,610.6709999999999,6.319100000000007,143.34,1.0,10.0,10.0,5.0,1.0,6.0,0.3333333333333333,45.0,232.0,164.37019999999956,259.21223667879013,1.222997079290457,1762.6183384983417,-5.260000000000001,1.0,12.0,1.0
724L30Y2QR,C[C@H](CCC(=O)O)[C@@]1([H])CC[C@@]2([H])[C@@]3([H])[C@]([H])(CC[C@]12C)[C@@]4(C)CC[C@H](C[C@@]4([H])C[C@@H]3O)O,392.58000000000015,4.477900000000006,77.76,3.0,3.0,4.0,0.0,4.0,4.0,0.9583333333333334,28.0,160.0,108.64740000000009,169.65381840146637,1.5548220176091474,605.412568486979,-0.6100000000000001,4.0,4.0,3.0
29O079NTYT,CN(C)[C@H]1[C@]2([H])C[C@@]3([H])C(=C([C@@]2(C(=O)C(=C1O)C(=O)N)O)O)C(=O)c4c(ccc(c4[C@H]3O)Cl)O.Cl,501.31900000000013,0.6867000000000003,181.62,6.0,9.0,2.0,1.0,3.0,4.0,0.38095238095238093,33.0,178.0,117.1879,198.52065421824847,3.0624961888694586e-06,1161.163922976965,-2.63,0.0,12.0,7.0
927AH8112L,c1cc([N+](=O)[O-])oc1/C=N/N2CC(=O)NC2=O,238.15899999999996,0.07350000000000018,118.04999999999998,1.0,6.0,3.0,1.0,1.0,2.0,0.125,17.0,88.0,53.201100000000004,93.83084397012486,2.070287586498745,519.7401440929855,-2.71,1.0,9.0,1.0
5W7SIA7YZW,CC[C@@]12CC[C@]3([H])[C@@]4([H])CCC(=O)C=C4CC[C@@]3([H])[C@]2([H])CC[C@]1(C#C)O,312.45300000000003,3.882600000000003,37.3,1.0,2.0,1.0,0.0,4.0,4.0,0.7619047619047619,23.0,124.0,90.49280000000005,139.28014691355958,1.6711962826978062,597.4530522903293,-1.07,3.0,2.0,1.0
L7T10EIP3A,CC1CCC(C(C1)O)C(C)C,156.26899999999998,2.4395000000000007,20.23,1.0,1.0,1.0,0.0,1.0,1.0,1.0,11.0,66.0,47.34980000000002,69.8121326560658,2.437159260034696,120.0411847243922,-0.04,1.0,1.0,1.0
MHJ80W9LRB,c1ccc(cc1)-c2c(-c3ccccc3)oc(CCC(=O)O)n2,293.32199999999995,4.025800000000003,63.33,1.0,3.0,5.0,3.0,0.0,3.0,0.1111111111111111,22.0,110.0,83.33180000000004,127.610150972078,2.0431259124342342,706.541070336389,-2.88,0.0,4.0,1.0
9WP59609J6,CN(C)CCCN1c2ccccc2Sc3ccc(cc31)Cl.Cl,355.334,5.316200000000005,6.48,0.0,3.0,4.0,2.0,1.0,3.0,0.29411764705882354,22.0,118.0,99.44200000000004,147.4065135892179,1.7633320850731467e-06,646.3061062586762,-0.8699999999999997,0.0,5.0,0.0
L9F3D9RENQ,CCN(CC)CC#CCOC(=O)C(c1ccccc1)(C2CCCCC2)O.Cl,393.9550000000002,3.7647000000000044,49.769999999999996,1.0,4.0,7.0,1.0,1.0,2.0,0.5909090909090909,27.0,150.0,110.68480000000007,169.2460991926722,3.644995501130812e-06,615.440215132596,-1.5399999999999996,1.0,5.0,1.0
4E07GXB7AU,C[C@@H]1C[C@@]2([H])[C@]3([H])CCC4=CC(=O)C=C[C@]4(C)[C@]3([C@H](C[C@]2(C)[C@H]1C(=O)CO)O)F,376.4680000000001,2.780800000000002,74.60000000000001,2.0,4.0,2.0,0.0,4.0,4.0,0.7272727272727273,27.0,148.0,98.48460000000006,159.07755185907865,1.8012015150828034,757.4117373093828,-1.3300000000000003,3.0,5.0,2.0
I9L0DDD30I,C[N+](C)(C)CCOC(=O)CCC(=O)OCC[N+](C)(C)C.[Cl-].[Cl-],361.30999999999995,-5.726600000000004,52.60000000000001,0.0,4.0,9.0,0.0,0.0,0.0,0.8571428571428571,22.0,134.0,76.95080000000006,146.279429992783,-1.8049990794504856e-06,293.78497669256024,-0.56,0.0,8.0,0.0
K89MJ0S5VY,Cc1cc(c(c(C)c1CC2=NCCN2)O)C(C)(C)C.Cl,296.8419999999999,3.2725400000000016,44.620000000000005,2.0,3.0,2.0,1.0,1.0,2.0,0.5625,20.0,112.0,87.53750000000004,127.46750478414742,1.999998852167359e-06,530.2589018270961,-1.22,0.0,4.0,2.0
451W47IQ8X,[Cl-].[Na+],58.443,-5.992,0.0,0.0,0.0,0.0,0.0,0.0,0.0,0.0,2.0,8.0,0.0,41.93497063516508,0.0,2.0,1.29,0.0,2.0,0.0
6153CWM0CL,CC(=O)CC(c1ccccc1)c2c(c3ccccc3oc2=O)[O-].[Na+],330.31500000000005,-0.018399999999999972,70.34,0.0,4.0,4.0,3.0,0.0,3.0,0.15789473684210525,24.0,116.0,85.51300000000006,160.96542471388716,2.08333183986222e-06,915.5481477224685,-1.88,0.0,5.0,0.0
F2R8V82B84,S(=O)(O)(O)=O.O.N1([C@@H]2C[C@H](C[C@H]1CC2)OC([C@@H](c3ccccc3)CO)=O)C.O.N1([C@@H]2C[C@H](C[C@H]1CC2)OC([C@@H](c3ccccc3)CO)=O)C,712.859,1.559600000000001,237.13999999999996,4.0,10.0,8.0,2.0,4.0,6.0,0.5882352941176471,49.0,276.0,181.31659999999948,287.7572115342514,2.8896103081014254e-07,1272.8905635620688,-2.9899999999999993,4.0,15.0,8.0
15H5577CQD,CC1=C2[C@H](C(=O)[C@]3(C)[C@H](C[C@@H]4[C@@](CO4)([C@H]3C([C@](C[C@@H]1OC(=O)[C@@H]([C@H](c5ccccc5)NC(=O)OC(C)(C)C)O)(C2(C)C)O)OC(=O)c6ccccc6)OC(=O)C)O)O,807.8900000000003,3.2596000000000016,224.44999999999993,5.0,14.0,8.0,2.0,4.0,6.0,0.5581395348837209,58.0,314.0,203.60439999999946,336.1909090656998,1.4857057667213098,1976.3289707769834,-4.67,3.0,15.0,5.0
5PE9FDE8GB,c1ccc(c(c1)C2=NCC(=O)Nc3ccc(cc32)[N+](=O)[O-])Cl,315.716,3.037700000000001,84.6,1.0,4.0,2.0,2.0,1.0,3.0,0.06666666666666667,22.0,110.0,83.68410000000002,130.14044123411497,2.2335991802431643,817.430013234153,-2.73,0.0,7.0,1.0
9044SC542W,CNCC[C@@H](c1cccs1)Oc2cccc3ccccc32.Cl,333.88399999999996,5.052700000000004,21.259999999999998,1.0,3.0,6.0,3.0,0.0,3.0,0.2222222222222222,22.0,116.0,97.42770000000004,141.0867942509585,1.7633320674398291e-06,693.8883548644536,-1.5499999999999994,0.0,4.0,1.0
XXE1CET956,Cc1c(CC(=O)O)c2cc(ccc2n1C(=O)c3ccc(cc3)Cl)OC,357.79300000000006,3.9273200000000026,68.53,1.0,3.0,4.0,3.0,0.0,3.0,0.15789473684210525,25.0,128.0,95.74730000000002,148.948093745561,2.232371733378279,973.2479304430422,-2.7899999999999996,0.0,6.0,1.0
64O047KTOA,c1ccc(cc1)C(c2ccc(cc2)Cl)N3CCN(CC3)CCOCC(=O)O.Cl.Cl,461.8170000000002,3.9918000000000036,53.010000000000005,1.0,4.0,8.0,2.0,1.0,3.0,0.38095238095238093,29.0,160.0,120.70080000000006,188.96556635573515,2.1024985798166353e-06,723.7109943974056,-1.3399999999999994,1.0,8.0,1.0
7S5I7G3JQL,C[C@@H]1C[C@@]2([H])[C@]3([H])CCC4=CC(=O)C=C[C@]4(C)[C@]3([C@H](C[C@]2(C)[C@]1(C(=O)CO)O)O)F,392.4670000000001,1.895700000000001,94.83000000000001,3.0,5.0,2.0,0.0,4.0,4.0,0.7272727272727273,28.0,154.0,99.94440000000006,163.87178561127467,1.83769187946728,804.7488254884713,-1.3700000000000003,3.0,6.0,3.0
1E6682427E,c1ccc(cc1)C(c2ccccc2)(C(=O)O[C@@H]3C[C@@H]4CC[C@H](C3)[N+]54CCCC5)O.[Cl-],427.9720000000003,0.7737,46.53,1.0,3.0,4.0,2.0,3.0,5.0,0.48,30.0,160.0,111.03520000000007,184.407450843224,2.1779970826390338e-06,810.9771790161549,-1.8799999999999994,3.0,5.0,1.0
L6UH7ZF8HC,Cc1c(CCN2CCC(CC2)c3c4ccc(cc4on3)F)c(=O)n5CCCCc5n1,410.4930000000002,3.5904200000000026,64.16,0.0,5.0,4.0,3.0,2.0,5.0,0.5217391304347826,30.0,158.0,112.25800000000005,174.23929709545146,1.2328492308842518,1128.1689101168886,-2.5400000000000005,1.0,7.0,0.0
V3888OEY5R,CC(C)C(CCCN(C)CCc1ccc(c(c1)OC)OC)(C#N)c2ccc(c(c2)OC)OC.Cl,491.0720000000003,5.514880000000007,63.95,0.0,6.0,13.0,2.0,0.0,2.0,0.5185185185185185,34.0,188.0,138.90399999999994,210.7223165637592,5.779988679156161e-06,944.7127076665782,-2.6199999999999997,0.0,7.0,0.0
2Z07MYW1AZ,CC(C)(C#N)c1cc(cc(c1)C(C)(C)C#N)Cn2cncn2,293.37399999999997,2.9287600000000014,78.29,0.0,4.0,4.0,2.0,0.0,2.0,0.4117647058823529,22.0,112.0,82.84400000000004,130.38501715597528,2.547796960808831,698.0918659440513,-2.66,0.0,5.0,0.0
7D7RX5A8MO,CN(C)CC(c1ccc(cc1)OC)C2(CCCCC2)O.Cl,313.86899999999997,3.4574000000000034,32.7,1.0,3.0,5.0,1.0,1.0,2.0,0.6470588235294118,21.0,120.0,89.57180000000005,134.26064112878612,2.2049984995510646e-06,413.3032139965103,-0.77,1.0,4.0,1.0
73K4184T59,C[C@@H]1[C@H]([C@H](C[C@@]([H])(O1)O[C@@H]2[C@@H](C)O[C@]([H])(C[C@@H]2O)O[C@@H]3[C@@H](C)O[C@]([H])(C[C@@H]3O)O[C@H]4CC[C@@]5(C)[C@]([H])(CC[C@]6([H])[C@]5([H])C[C@H]([C@]7(C)[C@H](CC[C@]67O)C8=CC(=O)OC8)O)C4)O)O,780.9490000000002,2.2181000000000015,203.05999999999997,6.0,14.0,7.0,0.0,8.0,8.0,0.926829268292683,55.0,312.0,192.61079999999947,323.32242456304374,0.8374981988041249,1409.0037418555949,-1.27,7.0,14.0,6.0
956S425ZCY,CC[C@@]1(c2cc3-c4c(cc5c(CN(C)C)c(ccc5n4)O)Cn3c(=O)c2COC1=O)O,421.4530000000002,1.8467999999999996,104.89,2.0,7.0,3.0,3.0,2.0,5.0,0.34782608695652173,31.0,160.0,113.58060000000006,177.8771366324854,1.7487721103238787,1327.262093253442,-3.23,0.0,8.0,2.0
J697UZ2A9J,CC(C)[N@+]1(C)[C@H]2CC[C@@H]1C[C@@H](C2)OC(=O)C(CO)c3ccccc3.[Br-].O,430.38300000000004,-0.9665999999999972,78.03,1.0,3.0,5.0,1.0,2.0,3.0,0.65,26.0,148.0,97.12700000000005,166.56149219339824,1.6899991197379707e-06,566.433730226844,-0.9499999999999997,2.0,6.0,3.0
04JA59TNSJ,CNC[C@@H](c1cccc(c1)O)O.Cl,203.669,1.0667999999999997,52.489999999999995,3.0,3.0,3.0,1.0,0.0,1.0,0.3333333333333333,13.0,74.0,54.24130000000004,83.81765240323628,1.4399996060001125e-06,255.12494694489405,-0.77,0.0,4.0,3.0
3O2T2PJ89D,COc1cc2CC(CC3CCN(CC3)Cc4ccccc4)C(=O)c2cc1OC.Cl,415.96100000000007,4.782900000000006,38.769999999999996,0.0,4.0,6.0,2.0,2.0,4.0,0.4583333333333333,29.0,156.0,117.37850000000006,179.15767987307223,2.4024964267388434e-06,831.5194582244534,-2.0399999999999996,1.0,5.0,0.0
2W4A77YPAN,CC(=O)OCC(=O)[C@@]12[C@@]([H])(C[C@@]3([H])[C@]4([H])C[C@@H](C5=CC(=O)C=C[C@]5(C)[C@]4([C@H](C[C@@]31C)O)F)F)OC(C)(C)O2,494.53100000000023,2.9376000000000015,99.13000000000001,1.0,7.0,3.0,0.0,5.0,5.0,0.7307692307692307,35.0,192.0,118.42480000000005,202.40494860243052,1.6192822666100477,1067.9185340705912,-1.9700000000000002,4.0,9.0,1.0
5U85DBW7LO,CN(C)CCC[C@]1(c2ccc(cc2)F)c3ccc(cc3CO1)C#N.C(=O)(C(=O)O)O,414.4330000000002,2.96858,110.86000000000001,2.0,5.0,5.0,2.0,1.0,3.0,0.3181818181818182,30.0,158.0,106.18560000000008,173.48092415811186,4.6930549012308094e-07,940.990520552452,-3.28,0.0,8.0,2.0
F8A3652H1V,CC(C)NCC(COc1cccc2ccccc21)O.Cl,295.81,2.9993000000000016,41.489999999999995,2.0,3.0,6.0,2.0,0.0,2.0,0.375,20.0,110.0,85.83650000000004,125.9134547554722,1.9999986018343523e-06,525.3707285845835,-1.2899999999999996,0.0,4.0,2.0
T58MSI464G,C[C@@H]1[C@H]([C@@H]([C@H]([C@]([H])(O1)O[C@@H]2[C@@H](CO)O[C@@]([H])([C@@H]([C@H]2O)O)O[C@H]([C@@H](CO)O)[C@@H]([C@H](C=O)O)O)O)O)N[C@@]3([H])C=C(CO)[C@H]([C@@H]([C@H]3O)O)O,645.6080000000003,-8.721900000000003,329.01000000000005,14.0,19.0,13.0,0.0,3.0,3.0,0.88,44.0,256.0,138.9261,250.28136926080353,1.7104000515539242,942.7743220461939,-1.31,2.0,19.0,14.0
H789N3FKE8,c1cc(ccc1C(CC(=O)O)CN)Cl,213.66399999999996,1.8569999999999995,63.31999999999999,2.0,2.0,4.0,1.0,0.0,1.0,0.3,14.0,76.0,55.500200000000014,87.49008435321754,2.7829771877466487,310.402966410215,-1.06,0.0,4.0,3.0
Q3JTX2Q7TU,CN1c2ccc(cc2C(=NCC1=O)c3ccccc3)Cl,284.746,3.153800000000002,32.67,0.0,2.0,1.0,2.0,1.0,3.0,0.125,20.0,100.0,81.81000000000003,122.06237911260715,2.2299634444150054,694.8779897536323,-2.1299999999999994,0.0,4.0,0.0
VS041H42XC,CC(C)[C@@H](C)/C=C/[C@@H](C)[C@@]1([H])CC[C@@]2([H])/C(=C/C=C\3/C[C@H](CCC3=C)O)/CCC[C@]12C,396.6590000000003,7.641000000000009,20.23,1.0,1.0,5.0,0.0,3.0,3.0,0.7142857142857143,29.0,162.0,125.64180000000009,179.61101627940926,1.7486149113663454,678.4273908657839,-1.08,3.0,1.0,1.0
3CYT62D3GA,[Al+3].[Cl-].[Cl-].[Cl-].O.O.O.O.O.O,241.43099999999993,-14.317,189.0,0.0,0.0,0.0,0.0,0.0,0.0,0.0,10.0,72.0,27.436799999999998,87.58579108002493,-0.0,12.954618442383216,1.1624675324675322,0.0,10.0,12.0
55JG375S6M,CC(C)C[C@@H](CC(=O)O)CN,159.22899999999998,1.0821,63.31999999999999,2.0,2.0,5.0,0.0,0.0,0.0,0.875,11.0,66.0,44.2522,67.58949237785828,3.6645690593675506,123.26046567326583,-0.5700000000000001,0.0,3.0,3.0
L960UP2KRW,CN1CC[C@@]23[C@@]4([H])CCC(=O)[C@]2([H])Oc5c(ccc(C[C@H]41)c53)O.Cl,321.80400000000003,2.0521000000000003,49.77,1.0,4.0,0.0,1.0,4.0,5.0,0.5882352941176471,22.0,118.0,83.91880000000003,135.40466976824217,1.2499992729587665e-06,676.1130509354081,-1.26,2.0,5.0,1.0
280111G160,CC1=C(C(=O)O)N2C(=O)[C@H]([C@@]2([H])SC1)NC(=O)[C@@H](c3ccc(cc3)O)N.O,381.41000000000014,-0.6741999999999997,164.46,4.0,6.0,4.0,1.0,2.0,3.0,0.3125,26.0,140.0,94.00750000000002,152.70604273334737,2.4299973337530085e-06,778.6946891066953,-2.56,1.0,10.0,7.0
1T0N3G9CRC,CCOC(=O)[C@H](CCc1ccccc1)N[C@@H](C)C(=O)N2[C@@]3([H])CCCC[C@]3([H])C[C@H]2C(=O)O,430.54500000000036,2.7733,95.94000000000001,2.0,5.0,9.0,1.0,2.0,3.0,0.625,31.0,170.0,116.41450000000009,183.69074000722307,1.6957215363829772,768.4929777374001,-2.41,2.0,7.0,2.0
4B3SC438HI,COC(=O)[C@H](c1ccccc1)[C@@]2([H])CCCCN2.Cl,269.77199999999993,2.5071000000000008,38.33,1.0,3.0,3.0,1.0,1.0,2.0,0.5,18.0,100.0,74.08870000000005,114.32313164684872,1.6199991780754324e-06,363.3165578143707,-1.06,1.0,4.0,1.0
X7WDT95N5C,Cc1cnc(cn1)C(=O)NCCc2ccc(cc2)S(=O)(=O)NC(=O)NC3CCCCC3,445.54500000000024,2.0781199999999993,130.15,3.0,6.0,7.0,2.0,1.0,3.0,0.42857142857142855,31.0,166.0,114.97440000000005,181.66973203561423,1.4808622529805016,1001.0705398115275,-3.0100000000000002,1.0,10.0,3.0
WK2XYI10QM,CC(C)Cc1ccc(cc1)C(C)C(=O)O,206.28499999999997,3.073200000000001,37.3,1.0,1.0,4.0,1.0,0.0,1.0,0.46153846153846156,15.0,82.0,61.03480000000004,90.94175377251301,2.7590371332701524,324.8941190021566,-1.31,0.0,2.0,1.0
NJ82J0F8QC,CN1CCC(=C2c3ccccc3C=Cc4ccccc42)CC1.CN1CCC(=C2c3ccccc3C=Cc4ccccc42)CC1.Cl.Cl.O.O.O,701.7790000000002,7.7653,100.98,0.0,2.0,0.0,4.0,4.0,8.0,0.23809523809523808,49.0,260.0,214.4673999999996,303.66385233825196,3.086419677625364e-07,1572.113978344407,-3.7799999999999976,2.0,7.0,6.0
459384H98V,c1ccc2c(c1)c(CS(=O)(=O)N)no2,212.22999999999996,0.6163,86.19,1.0,4.0,2.0,2.0,0.0,2.0,0.125,14.0,74.0,50.82020000000001,80.54400990584924,2.539001213297287,558.7250089212612,-1.4,0.0,6.0,2.0
11SV1951MR,CCOc1ccccc1OCCN[C@H](C)Cc2ccc(c(c2)S(=O)(=O)N)OC.Cl,444.98100000000005,2.7627,99.88,2.0,6.0,11.0,2.0,0.0,2.0,0.4,29.0,162.0,115.88990000000004,178.55229195483983,4.204993537843532e-06,876.9253207356763,-1.9999999999999996,0.0,9.0,3.0
MUN5LYG46H,CCC(=O)N(c1ccccc1)C2CCN(CCc3ccccc3)CC2,336.47900000000004,4.136700000000004,23.550000000000004,0.0,2.0,6.0,2.0,1.0,3.0,0.4090909090909091,25.0,132.0,103.82700000000007,150.81327675644837,1.5676321318584887,648.2421416714782,-2.1299999999999994,1.0,3.0,0.0
8B2807733D,CC(=O)OCC(=O)[C@]1(CC[C@@]2([H])[C@]3([H])CCC4=CC(=O)C=C[C@]4(C)[C@@]3([H])[C@H](C[C@@]21C)O)O,402.48700000000014,2.128400000000001,100.9,2.0,6.0,3.0,0.0,4.0,4.0,0.6956521739130435,29.0,158.0,104.59560000000006,170.5520259000997,1.663956407732868,827.2246952751074,-1.79,3.0,6.0,2.0
76755771U3,c1ccc(cc1)C(c2ccc(cc2)Cl)N3CCN(CC3)CCOCCO.Cl.Cl,447.83400000000023,3.8995000000000046,35.94,1.0,4.0,8.0,2.0,1.0,3.0,0.42857142857142855,28.0,156.0,120.15080000000005,184.8040442556914,1.9599987858507963e-06,650.4600878296759,-0.8499999999999996,1.0,7.0,1.0
80M03YXJ7I,CCCCC(=O)N(Cc1ccc(cc1)-c2ccccc2-c3[nH]nnn3)[C@@H](C(C)C)C(=O)O,435.5280000000002,4.1617000000000015,112.07000000000001,2.0,5.0,10.0,3.0,0.0,3.0,0.375,32.0,168.0,121.38650000000007,187.21053148154266,1.8705600872018624,1032.0529522380773,-3.5500000000000003,0.0,8.0,2.0
054I36CPMN,c1c(cc(c(c1I)Oc2cc(c(c(c2)I)O)I)I)C[C@@H](C(=O)[O-])N.[Na+],798.8539999999999,0.22660000000000158,95.61,2.0,5.0,5.0,2.0,0.0,2.0,0.13333333333333333,25.0,128.0,122.17720000000001,221.24750130659268,3.1249970641695375e-06,757.0862034224031,1.39,0.0,10.0,3.0
M329791L57,c1ccc(cc1)C(=O)NCC(=O)O.C1N2CN3CN1CN(C2)C3,319.36500000000007,-0.5187999999999979,79.35999999999999,2.0,6.0,3.0,1.0,4.0,5.0,0.4666666666666667,23.0,124.0,82.96900000000004,134.41069465871308,1.3894230406161245e-07,508.9612680116405,-2.0,4.0,8.0,2.0
7LXU5N7ZO5,c1cc(CNc2cc(c(cc2C(=O)O)S(=O)(=O)N)Cl)oc1,330.749,1.8907,122.63,3.0,5.0,5.0,2.0,0.0,2.0,0.08333333333333333,21.0,112.0,75.81920000000001,124.92226167058831,2.4066257491277265,771.1955159056121,-2.03,0.0,9.0,4.0
J60AR2IKIC,CN1CCN(CC1)C2=Nc3cc(ccc3Nc4ccccc42)Cl,326.831,3.7227000000000023,30.869999999999997,1.0,4.0,0.0,2.0,2.0,4.0,0.2777777777777778,23.0,118.0,96.44370000000004,140.9346059416388,1.8304332090303408,763.3669443617505,-2.0399999999999996,1.0,5.0,1.0
O26FZP769L,c1ccc(c(c1)C2=NC(C(=O)Nc3ccc(cc32)Cl)O)Cl,321.163,3.1013000000000015,61.69,2.0,3.0,1.0,2.0,1.0,3.0,0.06666666666666667,21.0,106.0,83.17950000000002,130.58496549069287,2.26892535252096,759.0888790908208,-1.8799999999999994,0.0,6.0,2.0
8X7386QRLV,CC([C@@H]1CC[C@H]([C@H](O1)O[C@@H]2[C@H](C[C@H]([C@@H]([C@H]2O)O[C@@H]3[C@@H]([C@H]([C@@](CO3)(C)O)NC)O)N)N)N)N.CC([C@@H]1CC[C@H]([C@H](O1)O[C@@H]2[C@H](C[C@H]([C@@H]([C@H]2O)O[C@@H]3[C@@H]([C@H]([C@@](CO3)(C)O)NC)O)N)N)N)NC.C[C@@]1(CO[C@@H]([C@@H]([C@H]1NC)O)O[C@H]2[C@@H](C[C@@H]([C@H]([C@@H]2O)O[C@@H]3[C@@H](CC[C@H](O3)CN)N)N)N)O.OS(=O)(=O)O,1488.807000000001,-11.545199999999932,701.7700000000002,26.0,38.0,19.0,0.0,9.0,9.0,1.0,101.0,596.0,359.63080000000014,590.3166154197672,2.3025542683825753e-07,2561.523394029259,-1.5700000000000007,9.0,41.0,37.0
X3P646A2J0,[C@@]123c4c5c(O)ccc4C[C@@H](N(C)CC1)[C@]2([H])C=C[C@H](O)[C@]3([H])O5.S(=O)(=O)(O)O.O.O.O.O.O.[C@@]123c4c5c(O)ccc4C[C@H]([C@]1([H])C=C[C@@H]([C@]2([H])O5)O)N(C)CC3,758.8400000000003,-2.3800999999999934,337.96000000000004,6.0,10.0,0.0,2.0,8.0,10.0,0.5294117647058824,52.0,292.0,187.39959999999977,300.06236444531356,2.292312931191251e-07,1700.3698286019412,-3.3699999999999997,2.0,18.0,16.0
4B9XT59T7S,Cc1cn([C@H]2C[C@@H]([C@@H](CO)O2)N=[N+]=[N-])c(=O)[nH]c1=O,267.245,-0.19628000000000012,133.07999999999998,2.0,5.0,3.0,1.0,1.0,2.0,0.6,19.0,102.0,64.60650000000003,106.62903730140096,2.3418569370217903,629.5425620141572,-2.09,1.0,9.0,2.0
Q8X02027X3,Cc1ccc(C)c(c1)OCCCC(C)(C)C(=O)O,250.33799999999994,3.573240000000002,46.53,1.0,2.0,6.0,1.0,0.0,1.0,0.5333333333333333,18.0,100.0,72.06180000000005,108.7851832308131,2.4287441586455745,421.746932506919,-1.5099999999999998,0.0,3.0,1.0
ADS4I3E22M,CC(C)(C)NC[C@@H](c1ccc(c(c1)CO)O)O,239.315,1.3059999999999996,72.72,4.0,4.0,4.0,1.0,0.0,1.0,0.5384615384615384,17.0,96.0,66.74510000000004,101.91856136046931,2.720205866139174,371.41759115181975,-1.1,0.0,4.0,4.0
1K860WSG25,C[C@H](c1cccc2ccccc21)NCCCc3cccc(c3)C(F)(F)F.Cl,393.87999999999994,6.563800000000004,12.03,1.0,1.0,6.0,3.0,0.0,3.0,0.2727272727272727,27.0,144.0,107.37870000000004,163.55937618861205,2.613329998537674e-06,871.310930642311,-2.0399999999999987,0.0,5.0,1.0
W1792A2RVD,CCN(CC)CCNC(=O)c1cc(c(cc1OC)N)Cl.Cl.O,354.278,1.5994999999999995,99.09,2.0,4.0,7.0,1.0,0.0,1.0,0.5,22.0,128.0,93.39940000000003,142.21270682289006,0.0,468.89143856488374,-1.21,0.0,8.0,5.0
P8Y54F701R,CC(C)(C)NC[C@@H](COc1c(nsn1)N2CCOCC2)O.C(=C/C(=O)O)/C(=O)O,432.4990000000002,0.21430000000000116,154.34,4.0,10.0,8.0,1.0,1.0,2.0,0.6470588235294118,29.0,164.0,106.61010000000007,172.8203027829579,4.470832870443853e-07,652.9838382046931,-2.28,1.0,12.0,4.0
207LT9J9OC,C1CCC2(C1)CC(=O)N(CCCCN3CCN(CC3)c4ncccn4)C(=O)C2.Cl,421.9730000000001,2.5100000000000002,69.64000000000001,0.0,6.0,6.0,1.0,3.0,4.0,0.7142857142857143,29.0,160.0,114.02200000000006,178.81286002879168,2.4024958894072396e-06,667.5716854113509,-1.73,3.0,8.0,0.0
R6875N380F,C=C[C@H]1C[N@@]2CC[C@H]1C[C@]2([H])[C@H](c3ccnc4ccc(cc34)OC)O.C([C@H]([C@H]([C@@H]([C@H](C(=O)O)O)O)O)O)O,520.5790000000003,-0.31989999999999874,184.04,7.0,10.0,9.0,2.0,3.0,5.0,0.5384615384615384,37.0,204.0,133.77560000000014,214.43583465633355,2.512499853850245e-07,1067.5191204856721,-2.64,3.0,11.0,7.0
RQ8UL4C17S,c1cc(cc(c1CO/N=C(\Cn2ccnc2)/c3ccc(cc3Cl)Cl)Cl)Cl.[N+](=O)(O)[O-],492.1460000000001,5.770100000000002,102.78,1.0,5.0,6.0,3.0,0.0,3.0,0.1111111111111111,30.0,158.0,115.25790000000003,190.86224801344568,7.352562104849313e-07,1025.03078084403,-2.5199999999999996,0.0,12.0,1.0
0L591QR10I,CN1CCCC(CC1)n2c(=O)c3ccccc3c(Cc4ccc(cc4)Cl)n2.Cl,418.3680000000001,4.719300000000006,38.13,0.0,3.0,3.0,3.0,1.0,4.0,0.36363636363636365,28.0,148.0,117.89400000000002,176.07930388551114,2.2499976289401192e-06,1000.8296530980233,-1.8799999999999994,1.0,6.0,0.0
U6X61U5ZEG,C[C@@H]([C@@H](c1ccccc1)O)NC.C[C@@H]([C@@H](c1ccccc1)O)NC.OS(=O)(=O)O,428.5510000000001,2.003,139.11999999999998,6.0,6.0,6.0,2.0,0.0,2.0,0.4,29.0,164.0,114.02440000000007,172.73976205769512,4.419607778584308e-07,699.5555945817691,-1.8499999999999996,0.0,9.0,6.0
CQ903KQA31,CCN(CC)CCOC(=O)C1(CCCCC1)C2CCCCC2.Cl,345.9550000000001,4.824000000000006,29.54,0.0,3.0,7.0,0.0,2.0,2.0,0.9473684210526315,23.0,136.0,98.08800000000006,148.48454103221349,2.6449974855274946e-06,332.2613141115411,-0.2800000000000001,2.0,4.0,0.0
MD6P741W8A,CC(C)c1nnc(C)n1[C@H]2C[C@@H]3CC[C@H](C2)N3CC[C@@H](c4ccccc4)NC(=O)C5CCC(CC5)(F)F,513.6770000000002,5.950920000000006,63.050000000000004,1.0,4.0,8.0,2.0,3.0,5.0,0.6896551724137931,37.0,202.0,139.48269999999997,218.76395846491707,1.2397988201377264,1047.5042240658524,-2.3499999999999996,3.0,8.0,1.0
864V2Q084H,CCOC(=O)C1=C(COCCN)NC(=C(C1c2ccccc2Cl)C(=O)OC)C.c1ccc(cc1)S(=O)(=O)O,567.0600000000003,3.199600000000001,154.25,3.0,9.0,9.0,2.0,1.0,3.0,0.3076923076923077,38.0,206.0,141.83369999999988,226.70381586889627,4.2342852967976155e-07,1293.3362339674745,-3.2199999999999993,0.0,12.0,4.0
19W019ZDRJ,Cc1cc(C2CCCCC2)n(c(=O)c1)O,207.273,2.4417199999999992,42.230000000000004,1.0,2.0,1.0,1.0,1.0,2.0,0.5833333333333334,15.0,82.0,58.44950000000003,89.3195805860036,2.3732051649079926,402.573413213669,-1.2500000000000002,1.0,3.0,1.0
FEN504330V,CC(C)(C)NCC(COc1cccc2C[C@H]([C@H](Cc21)O)O)O,309.406,0.6348,81.95,4.0,5.0,5.0,1.0,1.0,2.0,0.6470588235294118,22.0,124.0,85.12110000000003,131.4860438940334,1.9518277980661054,497.9225718548434,-1.1400000000000001,0.0,5.0,4.0
19V2PL39NG,CCN(CC)C(C)C(=O)c1ccccc1.Cl,241.76200000000003,3.021400000000002,20.310000000000002,0.0,2.0,5.0,1.0,0.0,1.0,0.46153846153846156,16.0,90.0,70.40350000000004,104.0604469430698,2.2499990538754123e-06,308.9684496166115,-0.8599999999999999,0.0,3.0,0.0
1HM943223R,Cc1nnc2CN=C(c3ccccc3Cl)c4cc(ccc4-n12)Cl,343.2170000000001,4.233520000000002,43.07,0.0,3.0,1.0,3.0,1.0,4.0,0.11764705882352941,23.0,114.0,91.90100000000002,142.96332309881646,2.0274961737508215,943.5164678122118,-2.169999999999999,0.0,6.0,0.0
6GNT3Y5LMF,C[C@H]1COc2c3c(cc(c2N4CCN(C)CC4)F)c(=O)c(cn13)C(=O)O.C[C@H]1COc2c3c(cc(c2N4CCN(C)CC4)F)c(=O)c(cn13)C(=O)O.O,740.761,2.263300000000001,181.51999999999998,2.0,10.0,4.0,4.0,4.0,8.0,0.4444444444444444,53.0,284.0,193.69639999999956,301.57533520132756,1.7798941218221982e-07,2086.4538903340513,-5.260000000000001,2.0,17.0,4.0
XX73205DH5,C([C@@H]1[C@H]([C@@H]([C@H]([C@]([H])(O1)O[C@@]2(COS(=O)(=O)O[Al](O)O)[C@H]([C@@H]([C@@H](COS(=O)(=O)O[Al](O)O)O2)OS(=O)(=O)O[Al](O)O)OS(=O)(=O)O[Al](O)O)OS(=O)(=O)O[Al](O)O)OS(=O)(=O)O[Al](O)O)OS(=O)(=O)O[Al](O)O)OS(=O)(=O)O[Al](O)O.[Al](O)(O)O.O,1558.7310000000016,-22.230500000000024,864.3600000000007,19.0,54.0,37.0,0.0,2.0,2.0,1.0,84.0,488.0,237.16640000000015,513.6782249952615,1.3311107965917113e-05,2934.052715722135,2.83220779220779,2.0,72.0,21.0
A4P49JAZ9H,CC1COc2c3c(cc(c2N4CCN(C)CC4)F)c(=O)c(cn13)C(=O)O,361.37300000000005,1.5440000000000003,75.01,1.0,5.0,2.0,2.0,2.0,4.0,0.4444444444444444,26.0,138.0,95.04130000000006,148.7315297664084,2.0040889154009793,963.2881482992597,-2.6100000000000008,1.0,8.0,1.0
57Y76R9ATQ,C[C@@H](c1ccc2cc(ccc2c1)OC)C(=O)O,230.26299999999998,3.036500000000001,46.53,1.0,2.0,3.0,2.0,0.0,2.0,0.21428571428571427,17.0,88.0,66.55080000000004,99.64213719056528,2.4789644386388336,560.3959195741091,-2.03,0.0,3.0,1.0
0CD5FD6S2M,CC1(C)O[C@]2([H])C[C@@]3([H])[C@]4([H])C[C@@H](C5=CC(=O)C=C[C@]5(C)[C@]4([C@H](C[C@]3(C)[C@]2(C(=O)CO)O1)O)F)F,452.49400000000026,2.3668000000000013,93.06000000000002,2.0,6.0,2.0,0.0,5.0,5.0,0.75,32.0,176.0,108.87760000000006,185.19423079628265,1.6603057972661495,960.1361070217898,-1.4800000000000002,4.0,8.0,2.0
4NRT660KJQ,CC(=O)[N-]S(=O)(=O)c1ccc(cc1)N.[Na+].O,254.243,-2.9429999999999987,122.83,1.0,4.0,2.0,1.0,0.0,1.0,0.125,16.0,84.0,55.694000000000024,115.86749127249611,0.0,443.611044134908,-0.5999999999999999,0.0,8.0,4.0
1GEV3BAW9J,CC(CCc1ccccc1)NCC(c2ccc(c(c2)C(=O)N)O)O.Cl,364.873,2.5572000000000012,95.58000000000001,4.0,4.0,8.0,2.0,0.0,2.0,0.3157894736842105,25.0,136.0,101.06020000000004,153.83592786394323,3.1249963700043464e-06,679.6243520195803,-2.0799999999999996,0.0,6.0,5.0
OBN7UDS42Y,CC1=C(C(=O)O)N2C(=O)[C@H]([C@@]2([H])SC1)NC(=O)[C@@H](c3ccccc3)N.O,365.4110000000001,-0.3797999999999997,144.23000000000002,3.0,5.0,4.0,1.0,2.0,3.0,0.3125,25.0,134.0,92.34270000000002,147.91180898115138,2.253331048585718e-06,736.5455521403326,-2.36,1.0,9.0,6.0
W7TTW573JJ,Cc1ncc2CN=C(c3ccccc3F)c4cc(ccc4-n12)Cl.Cl,362.23499999999996,4.746020000000003,30.18,0.0,2.0,1.0,3.0,1.0,4.0,0.1111111111111111,24.0,122.0,96.30200000000002,149.7905839780592,1.6899988408883173e-06,947.1869736133389,-2.1699999999999995,0.0,6.0,0.0
LW0TIW155Z,CC(=O)CCc1ccc2cc(ccc2c1)OC,228.291,3.370000000000002,26.3,0.0,2.0,4.0,2.0,0.0,2.0,0.26666666666666666,17.0,88.0,69.50200000000004,101.21284555276587,2.2794935782808614,543.6131589013072,-1.8299999999999998,0.0,2.0,0.0
X4W7ZR7023,C[C@H]1C[C@@]2([H])[C@]3([H])CC[C@](C(=O)CO)([C@@]3(C)C[C@@H]([C@]2([H])[C@@]4(C)C=CC(=O)C=C14)O)O,374.4770000000001,1.8036000000000003,94.83,3.0,5.0,2.0,0.0,4.0,4.0,0.7272727272727273,27.0,148.0,99.59540000000005,159.70625020834842,1.781065864389522,753.8020968349459,-1.2999999999999998,3.0,5.0,3.0
I9W7N6B1KJ,CNCCC(c1ccccc1)Oc2ccc(cc2)C(F)(F)F.Cl,345.792,4.856800000000004,21.259999999999998,1.0,2.0,6.0,2.0,0.0,2.0,0.29411764705882354,23.0,126.0,87.04670000000003,139.62631477198707,2.6449977333520136e-06,572.64239292781,-1.7199999999999993,0.0,6.0,1.0
W76I6XXF06,c1cc(c(c(c1)Cl)NC2=NCCN2)Cl.Cl,266.55899999999997,2.7863,36.42,2.0,3.0,1.0,1.0,1.0,2.0,0.2222222222222222,15.0,82.0,67.6374,104.27507086854654,1.124999608500141e-06,358.6153606097086,-0.6399999999999999,0.0,6.0,2.0
RJ84Y44811,CCOC(=O)[C@H](CCc1ccccc1)N[C@@H](C)C(=O)N2Cc3ccccc3C[C@H]2C(=O)O,438.5240000000003,2.5671,95.94000000000001,2.0,5.0,9.0,2.0,1.0,3.0,0.4,32.0,170.0,119.90150000000007,187.92895479483326,1.7203033592790702,946.3582688000238,-3.1899999999999995,0.0,7.0,2.0
YRZ789OWMI,CC(C)c1c(c(-c2ccccc2)c(-c3ccc(cc3)F)n1CC[C@H](C[C@H](CC(=O)O)O)O)C(=O)Nc4ccccc4,558.6500000000003,6.313600000000008,111.79000000000002,4.0,4.0,12.0,4.0,0.0,4.0,0.2727272727272727,41.0,214.0,157.24659999999977,238.45732394687116,1.891136858699184,1467.2614722780868,-4.27,0.0,8.0,4.0
8W8T17847W,C(=O)(N)N,60.05599999999999,-0.9762,69.11,2.0,1.0,0.0,0.0,0.0,0.0,0.0,4.0,24.0,13.7708,23.580554521898744,2.8030394876740514,29.019550008653873,-0.73,0.0,3.0,4.0
F2VW3D43YT,C(CCCC(=O)O)CCCC(=O)O,188.22299999999996,1.8863,74.6,2.0,2.0,8.0,0.0,0.0,0.0,0.7777777777777778,13.0,76.0,47.59060000000002,77.57029964748199,2.9961049979124525,146.99763683370963,-1.06,0.0,4.0,2.0
5FD1131I7S,CC[C@@H]1[C@](C)([C@@H]([C@@H](C)N(C)C[C@H](C)C[C@](C)([C@@H]([C@@H](C)[C@@H]([C@@H](C)C(=O)O1)O[C@H]2C[C@](C)([C@H]([C@H](C)O2)O)OC)O[C@H]3[C@@H]([C@H](C[C@@H](C)O3)N(C)C)O)O)O)O,748.9960000000004,1.9007000000000067,180.07999999999998,5.0,14.0,7.0,0.0,3.0,3.0,0.9736842105263158,52.0,306.0,194.17899999999935,311.5582453783882,2.174897674367485,1143.2996076325867,-1.0100000000000005,3.0,14.0,5.0
H1250JIK0A,CC[C@@H]1[C@](C)([C@@H]([C@@H](C)C(=O)[C@H](C)C[C@](C)([C@@]([H])([C@@H](C)[C@@]([H])([C@@H](C)C(=O)O1)O[C@H]2C[C@](C)([C@H]([C@H](C)O2)O)OC)O[C@H]3[C@@H]([C@H](C[C@@H](C)O3)N(C)C)O)OC)O)O,747.9640000000003,2.4397000000000064,182.91,4.0,14.0,8.0,0.0,3.0,3.0,0.9473684210526315,52.0,304.0,191.04819999999935,310.27924528553945,2.221952094654376,1187.5764542086656,-1.3000000000000005,3.0,14.0,4.0
6KY687524K,CCC1=C(C)CN(C1=O)C(=O)NCCc2ccc(cc2)S(=O)(=O)NC(=O)N[C@H]3CC[C@H](C)CC3,490.62600000000026,3.0740000000000016,124.68,3.0,5.0,7.0,1.0,2.0,3.0,0.5416666666666666,34.0,186.0,128.52190000000004,200.95385825296714,1.4606470073677094,1057.3391753589833,-2.88,1.0,10.0,3.0
SN86FG7N2K,c1c(c(cc2c1NC=NS2(=O)=O)S(=O)(=O)N)Cl,295.72900000000004,0.12990000000000007,118.68999999999998,2.0,5.0,1.0,1.0,1.0,2.0,0.0,17.0,92.0,62.1257,102.40040745855705,2.8223182415338073,723.7308563894459,-1.1599999999999997,0.0,10.0,3.0
4182431BJH,c1ccc(cc1)C2(c3ccccc3)C(=O)[N-]C(=O)N2.[Na+],274.255,-0.4423000000000005,60.27,1.0,2.0,2.0,2.0,1.0,3.0,0.06666666666666667,20.0,94.0,70.56170000000003,138.4136607052372,1.469999249250395e-06,589.3364775257082,-1.6199999999999997,1.0,5.0,1.0
Q0MQD1073Q,c1ccc2c(c1)C(=O)NC2(c3ccc(c(c3)S(=O)(=O)N)Cl)O,338.772,0.9242000000000001,109.49000000000001,3.0,4.0,2.0,2.0,1.0,3.0,0.07142857142857142,22.0,114.0,79.73220000000002,131.12210125298228,2.2295565964620514,897.4658924470709,-1.9299999999999993,0.0,8.0,4.0
9TN87S3A3C,C[C@@H](c1ccc2cc(ccc2c1)OC)C(=O)[O-].[Na+],252.24499999999998,-1.2941999999999987,49.36,0.0,3.0,3.0,2.0,0.0,2.0,0.21428571428571427,18.0,88.0,63.92200000000004,128.05553681327723,1.6199992655253488e-06,565.967701298815,-1.0299999999999998,0.0,4.0,0.0
L4D5UA6CB4,c1ccc(c(c1)CC(=O)[O-])Nc2c(cccc2Cl)Cl.[K+],334.243,0.033399999999999486,52.16,1.0,3.0,4.0,2.0,0.0,2.0,0.07142857142857142,20.0,98.0,74.89770000000003,169.25309673932796,1.9999988342507e-06,599.6229405866206,-0.07363636363636328,0.0,6.0,1.0
NMH84OZK2B,Cc1nccn1CC2CCc3c(c4ccccc4n3C)C2=O.Cl.O.O,365.86100000000016,1.9009200000000015,102.82,0.0,2.0,2.0,3.0,1.0,4.0,0.3333333333333333,25.0,136.0,100.50010000000003,152.05295951013096,1.0416664135417302e-06,884.953989694642,-2.15,0.0,7.0,4.0
X0A40N8I4S,Cc1ccccc1C(c2ccccc2)OCCN(C)C.C(C(=O)O)C(CC(=O)O)(C(=O)O)O,461.51100000000025,2.41412,144.60000000000002,4.0,6.0,11.0,2.0,0.0,2.0,0.375,33.0,180.0,121.06120000000011,192.40851406047508,3.6553844586029537e-07,897.6900527609298,-3.27,0.0,9.0,4.0
D32S14F082,COc1cc2c(cc1OC)nc(nc2N)N3CCN(CC3)C(=O)C4CCCO4.Cl.O.O,459.9310000000003,-0.17080000000000034,166.04000000000002,1.0,8.0,4.0,2.0,2.0,4.0,0.5263157894736842,31.0,174.0,119.29700000000003,186.0313804997915,1.601665962737362e-06,887.7076693502474,-2.600000000000001,2.0,12.0,6.0
826Y60901U,CCC(=O)OCC(=O)[C@]1([C@@H](C)C[C@@]2([H])[C@]3([H])CCC4=CC(=O)C=C[C@]4(C)[C@]3([C@H](C[C@@]21C)O)F)OC(=O)CC,504.5950000000003,3.8175000000000026,106.97,1.0,7.0,6.0,0.0,4.0,4.0,0.7142857142857143,36.0,198.0,128.27280000000005,211.0231054523636,1.801524168042904,1048.4984065372723,-2.35,3.0,8.0,1.0
YEH1EZ96K6,CCOC(=O)O[C@@]1(CC[C@@]2([H])[C@]3([H])CCC4=CC(=O)C=C[C@]4(C)[C@@]3([H])[C@H](C[C@@]21C)O)C(=O)OCCl,466.9580000000002,3.9165000000000028,99.13000000000001,1.0,7.0,4.0,0.0,4.0,4.0,0.7083333333333334,32.0,176.0,115.65580000000004,192.6530909481957,1.7320622595362987,881.5735064979541,-1.8599999999999999,3.0,8.0,1.0
5Y2EI94NBC,CN1CC[C@@]23c4c5ccc(c4O[C@@]3([H])C(=O)CC[C@]2([C@H]1C5)O)O.Cl,337.80299999999994,1.1669999999999996,70.0,2.0,5.0,0.0,1.0,4.0,5.0,0.5882352941176471,23.0,124.0,85.37860000000003,140.19890352043822,1.3519991697338554e-06,722.79007272141,-1.2999999999999998,2.0,6.0,2.0
08I79HTP27,COC(=O)[C@H](c1ccccc1Cl)N2CCc3c(ccs3)C2.OS(=O)(=O)O,419.9080000000001,3.0211000000000006,104.14,2.0,6.0,3.0,2.0,1.0,3.0,0.3125,26.0,142.0,98.81940000000006,160.28855414728253,4.311427991161921e-07,859.1298520208281,-1.4899999999999998,0.0,10.0,2.0
0K5C5T2QPG,Cc1c(C[S+](c2[nH]c3ccccc3n2)[O-])nccc1OCC(F)(F)F,369.3680000000001,3.515220000000002,73.86,1.0,4.0,5.0,3.0,0.0,3.0,0.25,25.0,132.0,86.73010000000005,143.98292915165834,1.7731962752944586,849.4325983042299,-2.2599999999999993,0.0,9.0,1.0
WDQ1526QJM,CC(C)(C)NC[C@@H](c1ccc(c(c1)CO)O)O.Cl,275.776,1.7278000000000011,72.72,4.0,4.0,4.0,1.0,0.0,1.0,0.5384615384615384,18.0,104.0,73.99310000000001,114.07165461301874,2.88999841078424e-06,376.9893728765256,-0.81,0.0,5.0,4.0
101V0R1N2E,CC(C)COc1ccc(cc1C#N)-c2nc(C)c(C(=O)O)s2,316.382,3.723200000000002,83.21,1.0,5.0,5.0,2.0,0.0,2.0,0.3125,22.0,114.0,84.29430000000004,132.36498414091062,2.3540148782117365,744.3345726791586,-2.39,0.0,6.0,1.0
6T84R30KC1,C1C[C@@H](CC[C@H]1CN)C(=O)O,157.21300000000002,0.8361000000000001,63.32000000000001,2.0,2.0,2.0,0.0,1.0,1.0,0.875,11.0,64.0,42.1382,66.58366122432905,2.297820229194632,139.02748440752183,-0.5700000000000001,1.0,3.0,3.0
4AF302ESOS,Cc1nccn1CC2CCc3c(c4ccccc4n3C)C2=O,293.37000000000006,3.1285200000000017,39.82,0.0,2.0,2.0,3.0,1.0,4.0,0.3333333333333333,22.0,112.0,86.02450000000005,128.93835940075277,1.7679612527097788,871.7199680624578,-2.36,0.0,4.0,0.0
X4HES1O11F,C(COCn1cnc2c1nc(N)[nH]c2=O)O,225.20799999999997,-1.3317999999999997,119.05,3.0,6.0,4.0,2.0,0.0,2.0,0.375,16.0,86.0,55.5989,89.69516162363054,2.360787751450609,546.0876253223264,-1.93,0.0,8.0,4.0
L36O5T016N,Cc1ccn2c(c1)nc3c4c5c(c(C)c6c4C(=O)[C@@](C)(O/C=C/[C@@H]([C@@H](C)[C@]([H])([C@H](C)[C@@H]([C@H](C)[C@H]([C@@H](C)/C=C/C=C(/C)\C(=O)Nc(c32)c5O)O)O)OC(=O)C)OC)O6)O,785.8910000000003,6.157840000000009,198.37999999999997,5.0,12.0,2.0,4.0,2.0,6.0,0.4418604651162791,57.0,304.0,213.1433999999996,329.935992769171,1.5777662839216344,2378.8100422585158,-5.44,0.0,14.0,5.0
YI7VU623SF,CC(C)c1cccc(C(C)C)c1O,178.27499999999995,3.6390000000000025,20.23,1.0,1.0,2.0,1.0,0.0,1.0,0.5,13.0,72.0,56.28480000000004,80.41528955807262,3.184631820665765,260.92599275295936,-0.98,0.0,1.0,1.0
LX22YL083G,C(=O)[C@@H]([C@H]([C@@H]([C@@H](CO)O)O)O)O.O,198.171,-4.203499999999998,149.72000000000003,5.0,6.0,5.0,0.0,0.0,0.0,0.8333333333333334,13.0,80.0,40.7908,74.17740588925078,0.0,138.94445687710405,-0.57,0.0,7.0,7.0
QBL8IZH14X,C[C@@H]1C[C@@]2([H])[C@]3([H])C[C@@H](C4=CC(=O)C=C[C@]4(C)[C@]3([C@H](C[C@]2(C)[C@H]1C(=O)COC(=O)C(C)(C)C)O)Cl)F,495.03100000000023,4.595100000000005,80.67,1.0,5.0,3.0,0.0,4.0,4.0,0.7407407407407407,34.0,188.0,126.83680000000007,205.68636223529805,1.6684544882604369,981.9951047078448,-1.5300000000000002,3.0,7.0,1.0
2BMD2GNA4V,C(=O)([O-])[O-].[Li+].[Li+],73.89,-8.439,63.19,0.0,3.0,0.0,0.0,0.0,0.0,0.0,6.0,24.0,5.396,59.08437168413018,-4.4999999250000016e-08,31.774437510817343,0.4648051948051948,0.0,5.0,0.0
776B62CQ27,C1[C@@H]([C@@H](CO)O[C@H]1n2cnc(N)nc2=O)O,228.20799999999997,-2.1387999999999994,123.49,3.0,7.0,2.0,1.0,1.0,2.0,0.625,16.0,88.0,52.32400000000001,90.32262349834103,2.2326555210648866,434.2916414150851,-1.51,1.0,8.0,4.0
AI9376Y64P,C[C@@H]1C[C@@]2([H])[C@]3([H])CCC4=CC(=O)C=C[C@]4(C)[C@]3([C@H](C[C@]2(C)[C@]1(C(=O)COP(=O)([O-])[O-])O)O)F.[Na+].[Na+],516.4100000000002,-5.243299999999994,147.02,2.0,8.0,4.0,0.0,4.0,4.0,0.7272727272727273,34.0,178.0,106.41710000000005,242.15597451287655,2.041665174209472e-06,983.9513682595054,0.7799999999999996,3.0,12.0,2.0
OL961R6O2C,CCOC(=O)C1=C(C)NC(=C(C1c2cccc(c2Cl)Cl)C(=O)OC)C,384.25900000000007,3.9643000000000033,64.63,1.0,5.0,4.0,1.0,1.0,2.0,0.3333333333333333,25.0,134.0,96.38770000000004,156.13220057083123,2.7389310603483206,783.28078615776,-1.979999999999999,0.0,7.0,1.0
27O7W4T232,CC(=O)S[C@@H]1CC2=CC(=O)CC[C@]2(C)[C@@]3([H])CC[C@@]4(C)[C@@]([H])(CC[C@]54CCC(=O)O5)[C@@]31[H],416.58300000000025,4.852300000000005,60.44,0.0,5.0,1.0,0.0,5.0,5.0,0.7916666666666666,29.0,158.0,112.21000000000006,177.13538241412454,1.5572210087099811,817.6983003627337,-1.1,4.0,5.0,0.0
FD171B778Y,c1ccc2c(c1)cnnc2NN.Cl,196.64100000000002,1.3371999999999995,63.83,2.0,4.0,1.0,2.0,0.0,2.0,0.0,13.0,68.0,54.596100000000014,81.53379933493508,8.449998240667046e-07,398.77108911131114,-1.39,0.0,5.0,3.0
ZOU145W1XL,c1ccc2c(c1)N(CCCN3CCN(CC3)CCO)c4cc(ccc4S2)C(F)(F)F.Cl.Cl,510.45300000000003,5.151700000000006,29.950000000000003,1.0,5.0,6.0,2.0,2.0,4.0,0.45454545454545453,32.0,178.0,128.09380000000004,203.12589366451755,1.814998599242802e-06,879.7398117376299,-1.1599999999999995,1.0,10.0,1.0
SI86V6QNEG,CC1(C)O[C@]2([H])C[C@@]3([H])[C@]4([H])CCC5=CC(=O)CC[C@]5(C)[C@]4([C@H](C[C@]3(C)[C@]2(C(=O)CCl)O1)O)F,454.96600000000024,3.8893000000000035,72.83000000000001,1.0,5.0,2.0,0.0,5.0,5.0,0.8333333333333334,31.0,172.0,112.32680000000006,187.22733090022635,1.6279380945612387,887.1954360999135,-0.8200000000000003,4.0,7.0,1.0
83HN0GTJ6D,C/C=C/C[C@@H](C)[C@H]([C@@]1([H])C(=O)N[C@@H](CC)C(=O)N(C)CC(=O)N(C)[C@@H](CC(C)C)C(=O)N[C@@H](C(C)C)C(=O)N(C)[C@@H](CC(C)C)C(=O)N[C@@H](C)C(=O)N[C@H](C)C(=O)N(C)[C@@H](CC(C)C)C(=O)N(C)[C@@H](CC(C)C)C(=O)N(C)[C@@H](C(C)C)C(=O)N1C)O,1202.6349999999993,3.269000000000004,278.8,5.0,12.0,15.0,0.0,1.0,1.0,0.7903225806451613,85.0,486.0,328.4446000000004,508.39454709884245,4.320268725023782,2325.0756756660257,-6.130000000000003,1.0,23.0,5.0
8ZYQ1474W7,[F-].[Na+],41.988,-5.992,0.0,0.0,0.0,0.0,0.0,0.0,0.0,0.0,2.0,8.0,0.0,34.5105403470167,0.0,2.0,0.9299999999999999,0.0,2.0,0.0
VJT6J7R4TR,C[C@H]1/C=C/C=C(/C)\C(=O)Nc2c(/C=N/N3CCN(C)CC3)c(c4c(c(c(C)c5c4C(=O)[C@@](C)(O/C=C/[C@@H]([C@@H](C)[C@H]([C@H](C)[C@@H]([C@H](C)[C@H]1O)O)OC(=O)C)OC)O5)O)c2O)O,822.9530000000007,4.335420000000008,220.14999999999998,6.0,15.0,4.0,2.0,4.0,6.0,0.5348837209302325,59.0,322.0,220.4791999999995,343.91475887842864,1.7035908752452265,2072.6280698397927,-5.16,1.0,16.0,6.0
YF7V70N02B,CC(=O)[C@]1(CC[C@@]2([H])[C@]3([H])CCC4=CC(=O)CCC4=C3[C@H](C[C@@]21C)c5ccc(cc5)N(C)C)OC(=O)C,475.62900000000025,5.543000000000006,63.68,0.0,5.0,4.0,1.0,4.0,5.0,0.5666666666666667,35.0,186.0,136.20999999999995,208.14542838637175,1.6830452018129882,1143.3926310206266,-2.69,2.0,5.0,0.0
644VL95AO6,CCCC(CCC)C(=O)[O-].CCCC(CCC)C(=O)[O-].[Na+].[H+],310.40999999999997,-0.9780999999999953,80.25999999999999,0.0,4.0,10.0,0.0,0.0,0.0,0.875,21.0,120.0,77.73800000000006,153.02892359399496,-1.3499999736875004e-07,224.53036095335736,-0.06000000000000005,0.0,5.0,0.0
L35JN3I7SJ,CCOC(=O)[C@H](CCc1ccccc1)N[C@@H](C)C(=O)N2[C@@]3([H])CCC[C@@]3([H])C[C@H]2C(=O)O,416.5180000000003,2.3831999999999995,95.94000000000001,2.0,5.0,9.0,1.0,2.0,3.0,0.6086956521739131,30.0,164.0,111.79750000000008,177.32579789282644,1.6824837055129525,753.2201749557545,-2.41,2.0,7.0,2.0
HXQ6A1N7R6,CC1(C)[C@H](C(=O)O)N2C(=O)[C@H]([C@H]2S1)NC(=O)[C@@H](c3ccccc3)N,349.4120000000001,0.31810000000000127,112.73,3.0,5.0,4.0,1.0,2.0,3.0,0.4375,24.0,128.0,89.02890000000004,143.12065858492127,1.711293315571299,693.8227554205864,-2.0599999999999996,2.0,8.0,4.0
3XC8GUZ6CB,c1ccnc(c1)NS(=O)(=O)c2ccc(cc2)/N=N/c3ccc(c(c3)C(=O)O)O,398.40000000000015,3.701600000000002,141.31,3.0,7.0,6.0,3.0,0.0,3.0,0.0,28.0,142.0,100.72960000000003,159.63758715191614,1.7658464964858718,1130.397370484095,-3.7899999999999996,0.0,10.0,3.0
CI0FAO63WC,C=CC1=C(C(=O)O)N2C(=O)[C@H]([C@@]2([H])SC1)NC(=O)/C(=N\O)/c3csc(N)n3,395.4220000000001,-0.17179999999999962,158.21000000000004,4.0,9.0,5.0,1.0,2.0,3.0,0.21428571428571427,26.0,136.0,94.73140000000001,154.61000062384147,1.7805932854020337,876.8334656726947,-2.8600000000000003,1.0,12.0,5.0
75046A1XTN,CN(CCCNC(=O)C1CCCO1)c2nc3cc(c(cc3c(N)n2)OC)OC.Cl,425.9170000000001,1.7724999999999995,111.83000000000001,2.0,8.0,8.0,2.0,1.0,3.0,0.5263157894736842,29.0,160.0,114.17310000000005,175.86573330989663,2.9999956441733296e-06,844.9495700488727,-2.52,1.0,10.0,3.0
N6OU7HJ70P,CC(C)(C[N+]#[C-])OC.CC(C)(C[N+]#[C-])OC.CC(C)(C[N+]#[C-])OC.CC(C)(C[N+]#[C-])OC.[B-](F)(F)(F)F.[Cu+],602.9900000000004,6.620260000000008,54.36,0.0,4.0,8.0,0.0,0.0,0.0,0.8333333333333334,38.0,226.0,140.41399999999993,238.13360389968986,-8.436363599428956e-08,622.1536129598863,-1.8955844155844155,0.0,14.0,0.0
F850569PQR,C=CCN1CC[C@@]23c4c5ccc(c4O[C@@]3([H])C(=O)CC[C@]2([C@H]1C5)O)O.Cl,363.84100000000007,1.7232000000000007,70.0,2.0,5.0,2.0,1.0,4.0,5.0,0.5263157894736842,25.0,134.0,94.51860000000003,152.23918471704715,1.567998824747579e-06,780.9327520896012,-1.56,2.0,6.0,2.0
UYE4T5I70X,Cc1c(C[S@+](c2[nH]c3ccccc3n2)[O-])nccc1OCC(F)(F)F,369.3680000000001,3.515220000000002,73.86,1.0,4.0,5.0,3.0,0.0,3.0,0.25,25.0,132.0,86.73010000000005,143.98292915165834,1.7731962752944586,849.4325983042299,-2.2599999999999993,0.0,9.0,1.0
QE4VW5FO07,CC[C@@H](CO)NCCN[C@@H](CC)CO.Cl.Cl,277.236,0.5509999999999997,64.52,4.0,4.0,9.0,0.0,0.0,0.0,1.0,16.0,102.0,72.83100000000003,111.01810843410597,-8.449997806250585e-07,109.3866568687393,0.41999999999999993,0.0,6.0,4.0
9O25354EPJ,CCOC(=O)[C@H](CCc1ccccc1)N[C@@H](C)C(=O)N2CCC[C@H]2C(=O)O.C(=C/C(=O)O)/C(=O)O,492.5250000000004,1.316400000000002,170.54,4.0,7.0,11.0,1.0,1.0,2.0,0.4583333333333333,35.0,192.0,124.56410000000012,202.92431098657678,6.578702670061469e-07,885.5156836912856,-3.7300000000000004,1.0,11.0,4.0
56U7906FQW,CCNC(=NCCCC[C@H](C(=O)N[C@@H](CC(C)C)C(=O)N[C@@H](CCCCN=C(NCC)NCC)C(=O)N1CCC[C@H]1C(=O)N[C@H](C)C(=O)N)NC(=O)[C@H](Cc2ccc(cc2)O)NC(=O)[C@H](CO)NC(=O)[C@@H](Cc3cccnc3)NC(=O)[C@@H](Cc4ccc(cc4)Cl)NC(=O)[C@@H](Cc5ccc6ccccc6c5)NC(=O)C)NCC.CC(=O)O.CC(=O)O,1690.454,2.4544999999999684,526.0899999999998,18.0,18.0,44.0,5.0,1.0,6.0,0.5,120.0,656.0,455.3867000000015,704.930096186583,3.6104670718480063e-06,4181.2479777093795,-12.01000000000001,1.0,36.0,19.0
C2QI4IOI2G,C[C@H]1C[C@]2([H])[C@]([H])(CC[C@@]3(C)[C@@]2([H])CC[C@@]3(C(=O)C)OC(=O)C)[C@@]4(C)CCC(=O)C=C14,386.5320000000002,4.655200000000004,60.440000000000005,0.0,4.0,2.0,0.0,4.0,4.0,0.7916666666666666,28.0,154.0,106.43500000000007,168.01810354228854,1.734944964196878,766.5668378003053,-1.4500000000000002,3.0,4.0,0.0
VPO7KJ050N,CC(=O)c1ccc(c(c1)OC)OCCCN2CCC(CC2)c3c4ccc(cc4on3)F,426.4880000000001,4.826600000000004,64.80000000000001,0.0,6.0,8.0,3.0,1.0,4.0,0.4166666666666667,31.0,164.0,115.49250000000005,180.4580091451094,1.2403139967278165,1056.913957279493,-2.9299999999999997,1.0,7.0,0.0
JE6H2O27P8,C1CC1C#C[C@]2(c3cc(ccc3NC(=O)O2)Cl)C(F)(F)F,315.67799999999994,4.073100000000001,38.33,1.0,2.0,0.0,1.0,2.0,3.0,0.35714285714285715,21.0,110.0,69.7887,122.9633050682897,2.218109084297208,673.0222975253698,-1.8700000000000003,1.0,7.0,1.0
3L36P16U4R,Cc1c(C[S+](c2nc3ccccc3[n-]2)[O-])nccc1OCCCOC.[Na+],381.4330000000003,-0.3774799999999989,81.4,0.0,5.0,8.0,3.0,0.0,3.0,0.3333333333333333,26.0,132.0,96.13740000000004,177.7431520238917,2.429997293853168e-06,810.4143118169119,-1.0899999999999999,0.0,8.0,0.0
13AFD7670Q,CCC1(c2ccccc2)C(=O)NCNC1=O,218.25599999999994,0.5378999999999999,58.2,2.0,2.0,2.0,1.0,1.0,2.0,0.3333333333333333,16.0,84.0,59.56340000000003,94.03799321965101,2.524396870109536,398.28675391292165,-1.84,1.0,4.0,2.0
1018WH7F9I,Cc1cccc(c1C)[C@H](C)c2cnc[nH]2,200.28500000000003,3.1783400000000013,28.68,1.0,1.0,2.0,2.0,0.0,2.0,0.3076923076923077,15.0,78.0,62.020700000000026,90.37707418510821,2.4192962075236624,443.5644420701929,-1.57,0.0,2.0,1.0
779619577M,CCC(=O)O[C@@]1([C@@H](C)C[C@@]2([H])[C@]3([H])CCC4=CC(=O)C=C[C@]4(C)[C@]3([C@H](C[C@@]21C)O)F)C(=O)CCl,466.9770000000002,4.103100000000004,80.67000000000002,1.0,5.0,4.0,0.0,4.0,4.0,0.72,32.0,176.0,117.74280000000006,192.9564780065048,1.850152382108208,929.2930528942795,-1.53,3.0,7.0,1.0
V83O1VOZ8L,c1cnccc1C(=O)NN,137.14199999999997,-0.3149000000000001,68.01,2.0,3.0,1.0,1.0,0.0,1.0,0.0,10.0,52.0,35.89059999999999,58.037404215739585,2.8526279288191443,221.69435494406167,-1.4200000000000002,0.0,4.0,3.0
A051Q2099Q,CN1CCN2C(C1)c3ccccc3Cc4cccnc42,265.36,2.4789000000000003,19.37,0.0,3.0,0.0,2.0,2.0,4.0,0.35294117647058826,20.0,102.0,81.06900000000005,119.40580302623545,1.90176612455508,637.6371725464028,-1.8699999999999997,1.0,3.0,0.0
5P4DHS6ENR,CCCCNC1=CC=C(C=C1)C(=O)OCCOCCOCCOCCOCCOCCOCCOCCOCCOC,603.7500000000003,2.8346000000000027,121.40000000000003,1.0,12.0,32.0,1.0,0.0,1.0,0.7666666666666667,42.0,244.0,158.55019999999968,251.0368504437363,1.7386033479807952,709.000521486721,-1.8700000000000003,0.0,12.0,1.0
5QZO15J2Z8,C(CSCc1csc(n1)NC(=N)N)C(=N)NS(=O)(=O)N,337.4560000000001,-0.1578599999999989,170.83,6.0,7.0,7.0,1.0,0.0,1.0,0.375,20.0,112.0,82.39939999999999,124.28559613101794,2.2575091367419695,582.6459015133817,-1.37,0.0,12.0,8.0
012C11ZU6G,CC(C)(C)C#C/C=C/CN(C)Cc1cccc2ccccc21.Cl,327.89899999999994,5.2991000000000055,3.24,0.0,1.0,4.0,2.0,0.0,2.0,0.3333333333333333,23.0,122.0,103.90100000000005,146.34998019202266,2.6449975740772934e-06,708.4294811502012,-1.7499999999999991,0.0,2.0,0.0
57GNO57U7G,CC(C)(C)NC(=O)[C@H]1CC[C@@]2([H])[C@]3([H])CC[C@]4([H])[C@](C)(C=CC(=O)N4)[C@@]3([H])CC[C@@]21C,372.5530000000001,3.8145000000000024,58.2,2.0,2.0,1.0,0.0,4.0,4.0,0.8260869565217391,27.0,150.0,106.84240000000007,163.47781846555736,1.5803697249958204,678.3560579995735,-1.32,3.0,4.0,2.0
SJT761GEGS,C[C@@H](Cc1ccccc1)NC(=O)[C@H](CCCCN)N.CS(=O)(=O)O.CS(=O)(=O)O,455.5990000000001,0.19810000000000472,189.87999999999997,5.0,7.0,8.0,1.0,0.0,1.0,0.5882352941176471,29.0,170.0,113.57670000000007,173.10586638267668,0.0,723.4760748329081,-1.5699999999999998,0.0,12.0,7.0
184SNS8VUH,CC/1=C(CC(=O)O)c2cc(ccc2\C1=C/c3ccc(cc3)[S+](C)[O-])F,356.418,4.3655000000000035,60.36,1.0,2.0,4.0,2.0,1.0,3.0,0.15,25.0,128.0,97.89220000000005,148.23867929358497,2.0864588896211838,895.6573271795393,-2.3699999999999988,0.0,5.0,1.0
6985IP0T80,C[C@H]1[C@H](c2ccccc2)OCCN1C.[C@@H]([C@H](C(=O)O)O)(C(=O)O)O,341.36,-0.04439999999999955,127.53,4.0,6.0,4.0,1.0,1.0,2.0,0.5,24.0,134.0,84.51220000000004,139.45418237204487,2.5714284964432684e-07,518.4872805052343,-2.0,1.0,8.0,4.0
GNN1DV99GX,CC(C)([C@H](C(=O)O)N)S,149.215,0.10670000000000035,63.31999999999999,3.0,3.0,2.0,0.0,0.0,0.0,0.8,9.0,54.0,38.676199999999994,59.649732698070196,4.040215640745235,118.61662740247263,-0.22000000000000008,0.0,4.0,3.0
146T0TU1JB,CC1(C)[C@H](C(=O)[O-])N2C(=O)[C@H]([C@@]2([H])S1)NC(=O)COc3ccccc3.[K+],388.4860000000001,-3.633599999999996,98.77,1.0,6.0,5.0,1.0,2.0,3.0,0.4375,25.0,128.0,84.96670000000005,191.81687781277802,2.2533308538028205e-06,684.3624648430614,-0.5836363636363631,2.0,9.0,1.0
40AX66P76P,C[N+]1(CCC2=CC(=C(C=C2C1CC3=CC(=C(C=C3)OC)OC)OC)OC)CCC(=O)OCCCCCOC(=O)CC[N+]4(CCC5=CC(=C(C=C5C4CC6=CC(=C(C=C6)OC)OC)OC)OC)C.C1=CC=C(C=C1)S(=O)(=O)[O-].C1=CC=C(C=C1)S(=O)(=O)[O-],1243.501,9.246900000000004,240.84,0.0,18.0,26.0,6.0,2.0,8.0,0.4153846153846154,87.0,472.0,324.13220000000075,511.95557429615354,5.072799674000849e-07,3233.8082518190067,-7.6000000000000005,0.0,22.0,0.0
X2ELS050D8,c1cc(ccc1[C@@H]2CCNC[C@H]2COc3ccc4c(c3)OCO4)F,329.37100000000004,3.326500000000002,39.72,1.0,4.0,4.0,2.0,2.0,4.0,0.3684210526315789,24.0,126.0,88.17770000000006,140.0874630943337,1.4430472633559428,704.2581301134379,-2.269999999999999,1.0,5.0,1.0
T20OQ1YN1W,CCC[C@@H]1C[C@@H](C(=O)N[C@]([H])([C@H](C)Cl)[C@]2([H])[C@@H]([C@@H]([C@H]([C@H](O2)SC)O)O)O)N(C)C1.Cl,461.45200000000017,0.8112999999999992,102.26,4.0,7.0,7.0,0.0,2.0,2.0,0.9444444444444444,28.0,166.0,114.12310000000005,182.47853861025982,3.9199949400567694e-06,502.59641622159506,0.19999999999999993,2.0,10.0,4.0
7C546U4DEN,c1cc(c(cc1-c2ccc(cc2F)F)C(=O)O)O,250.19999999999996,3.035600000000001,57.53,2.0,2.0,2.0,2.0,0.0,2.0,0.0,18.0,92.0,60.41810000000001,100.93449985024588,2.5756673637094636,623.6285760476572,-2.43,0.0,5.0,2.0
E70G3G5863,CC(C(=O)c1cccc(c1)Cl)NC(C)(C)C.Br,320.65799999999996,3.8772000000000033,29.1,1.0,2.0,3.0,1.0,0.0,1.0,0.46153846153846156,17.0,96.0,78.45520000000003,118.51335054325418,2.559998788000591e-06,387.2510066297173,-0.3800000000000001,0.0,4.0,1.0
3J0KPB596Q,CCOCCP(CCOCC)CCP(CCOCC)CCOCC,382.4620000000002,4.096200000000003,36.92,0.0,4.0,19.0,0.0,0.0,0.0,1.0,24.0,146.0,109.0140000000001,152.39681865234593,4.21407398445639,201.05865002596164,0.7,0.0,6.0,0.0
B53E3NMY5C,c1cc2c(c(c1Cl)NC3=NCCN3)nsn2.Cl,290.179,2.1376000000000004,62.2,2.0,6.0,1.0,2.0,1.0,3.0,0.2222222222222222,17.0,90.0,73.6004,113.01530838359544,1.079999559600187e-06,567.5115970207116,-1.1099999999999999,0.0,8.0,2.0
71WO621TJD,CC(C)C[C@H](C(=O)N[C@@H]1[C@@H](c2ccc(c(c2)Cl)Oc3cc4cc(c3O[C@H]5[C@@]([H])([C@H]([C@@H]([C@@H](CO)O5)O)O)O[C@H]6C[C@@](C)([C@@H]([C@H](C)O6)O)N)Oc7ccc(cc7Cl)[C@H]([C@H]8C(=O)N[C@@H](c9cc(cc(c9-c%10cc(ccc%10O)[C@H](C(=O)N8)NC(=O)[C@@H]4NC(=O)[C@H](CC(=O)N)NC1=O)O)O)C(=O)O)O)O)NC.Cl,1485.7320000000007,0.5280000000000058,530.4899999999999,19.0,25.0,13.0,5.0,7.0,12.0,0.42424242424242425,102.0,550.0,356.5397000000005,595.9727683793305,1.2099888538433052e-05,4079.852289480219,-8.909999999999997,2.0,36.0,21.0
ISP4442I3Y,CCS(=O)(=O)N1CC(CC#N)(C1)n2cc(cn2)-c3c4cc[nH]c4ncn3,371.42600000000004,1.09568,120.56,1.0,6.0,5.0,3.0,1.0,4.0,0.375,26.0,134.0,94.34750000000004,149.88780458849854,1.685278128274849,1103.0235450751004,-2.77,1.0,10.0,1.0
606D60IS38,Cc1cccc(C)c1OCC(C)N.Cl,215.724,2.45124,35.25,1.0,2.0,3.0,1.0,0.0,1.0,0.45454545454545453,14.0,80.0,62.308400000000034,91.86264287054901,1.6899994611501785e-06,266.3660623680346,-0.73,0.0,3.0,2.0
U3P01618RT,c1c(c(=O)[nH]c(=O)[nH]1)F,130.07799999999997,-0.7977000000000001,65.72,2.0,2.0,0.0,1.0,0.0,1.0,0.0,9.0,48.0,27.641399999999997,48.359278684403755,3.5238977189940166,312.83394095677266,-1.3900000000000001,0.0,5.0,2.0
I9ZF7L6G2L,CC1=C(C(c2ccccc2[N+](=O)[O-])C(=C(C)N1)C(=O)OC)C(=O)OC,346.3390000000001,2.1755999999999993,107.77000000000002,1.0,7.0,4.0,1.0,1.0,2.0,0.29411764705882354,25.0,132.0,88.40510000000002,143.8137017251711,2.803490087611988,771.1110283918144,-3.1600000000000006,0.0,8.0,1.0
0E43V0BB57,CCCCC(C)(C/C=C/[C@@H]1[C@@H](CCCCCCC(=O)OC)C(=O)C[C@H]1O)O,382.54100000000005,3.9536000000000047,83.83000000000001,2.0,5.0,13.0,0.0,1.0,1.0,0.8181818181818182,27.0,156.0,106.23460000000007,163.73265817843128,2.418000827559309,483.09480891403854,-1.2000000000000002,1.0,5.0,2.0
6804DJ8Z9U,CCCCCOC(=O)Nc1c(cn([C@H]2[C@@H]([C@@H]([C@@H](C)O2)O)O)c(=O)n1)F,359.3540000000001,0.7602,122.91000000000001,3.0,7.0,6.0,1.0,1.0,2.0,0.6666666666666666,25.0,140.0,84.54830000000003,142.94320242284633,2.0737294799944523,667.1570459543574,-2.04,1.0,10.0,3.0
P6R62377KV,C[C@]1(c2cccc(c2C(=O)C3=C([C@]4([C@@]([H])(C[C@@]31[H])[C@@H](C(=C(C4=O)C(=O)N)O)N(C)C)O)O)O)O.Cl,480.9010000000001,0.20740000000000036,181.61999999999998,6.0,9.0,2.0,1.0,3.0,4.0,0.4090909090909091,33.0,178.0,116.78890000000006,194.58233010576336,3.0624962367026704e-06,1155.0499807474612,-2.920000000000001,0.0,11.0,7.0
W31X2H97FB,CC(C)NC(=O)NS(=O)(=O)c1cnccc1Nc2cccc(C)c2,348.42800000000005,2.5299200000000006,100.19000000000001,3.0,5.0,5.0,2.0,0.0,2.0,0.25,24.0,128.0,92.68790000000003,141.1047404217735,2.2883466603467544,834.721096902533,-2.6099999999999994,0.0,8.0,3.0
HEC37C70XX,CC(C)NCC(c1ccc(cc1)NS(=O)(=O)C)O.Cl,308.83099999999996,1.5112999999999999,78.42999999999999,3.0,4.0,6.0,1.0,0.0,1.0,0.5,19.0,110.0,80.25500000000002,120.42888307025322,3.2399979264013913e-06,474.2527922971799,-0.8200000000000001,0.0,7.0,3.0
13T4O6VMAM,CN1C(=C(c2ccccc2S1(=O)=O)O)C(=O)Nc3ccccn3,331.353,1.5810000000000002,99.60000000000001,2.0,5.0,2.0,2.0,1.0,3.0,0.06666666666666667,23.0,118.0,83.80630000000004,132.49870717684675,2.0932817931934427,907.3290496863176,-2.8699999999999997,0.0,8.0,2.0
Z49QDT0J8Z,CC(=O)OC(C)OC(=O)C1=C(COC(=O)N)CS[C@]2([H])[C@@H](C(=O)N12)NC(=O)/C(=N\OC)/c3ccco3,510.48100000000017,-0.16829999999999723,189.06,2.0,12.0,9.0,1.0,2.0,3.0,0.4,35.0,188.0,117.15810000000002,202.2473898544506,1.8038593704512904,1083.6634599982663,-4.01,1.0,15.0,3.0
042LAQ1IIS,CCc1c2cc(ccc2nc-3c1Cn4c3cc5c(COC(=O)[C@@]5(CC)O)c4=O)OC(=O)N6CCC(CC6)N7CCCCC7.Cl.O.O.O,677.1949999999999,2.0388000000000024,208.70000000000002,1.0,8.0,4.0,3.0,4.0,7.0,0.5151515151515151,47.0,258.0,178.03519999999966,278.3509162547436,1.5006239781912344e-06,1699.8366970118675,-3.5900000000000007,2.0,14.0,7.0
V63XWA605I,c1ccc(cc1)C(c2ccccc2)[S@@+](CC(=O)N)[O-],273.35699999999997,2.0099999999999993,66.15,1.0,2.0,5.0,2.0,0.0,2.0,0.13333333333333333,19.0,98.0,76.93080000000003,115.1791274813901,2.3650690421732667,490.8565422827171,-1.7799999999999994,0.0,4.0,2.0
SD6QCT3TSU,CC(=O)CCCCn1c(=O)c2c(ncn2C)n(C)c1=O,278.31200000000007,0.19300000000000006,78.89,0.0,4.0,5.0,2.0,0.0,2.0,0.5384615384615384,20.0,108.0,74.74700000000003,115.01518969017611,2.3816217976898786,766.2398536300292,-2.18,0.0,7.0,0.0
4F86W47BR6,C1CCN(CC1)CCOc2ccc(cc2)C(=O)c3c4ccc(cc4sc3-c5ccc(cc5)O)O.Cl,510.0550000000001,6.497000000000007,70.0,2.0,6.0,7.0,4.0,1.0,5.0,0.25,35.0,182.0,143.4990999999999,214.5577868521108,2.8879947061036868e-06,1295.2939536968536,-3.0599999999999987,1.0,7.0,2.0
1NMA9J598Y,Cc1cc(C)cc(c1)OCC2CNC(=O)O2,221.25599999999997,1.7906399999999998,47.56,1.0,3.0,3.0,1.0,1.0,2.0,0.4166666666666667,16.0,86.0,59.68270000000003,94.55369939501296,1.9147662796967868,383.0003882453518,-1.71,1.0,4.0,1.0
81AXN7R2QT,C[C@@]1(C(=O)N2[C@@H](Cc3ccccc3)C(=O)N4CCC[C@@]4([H])[C@]2(O)O1)NC(=O)[C@@H]5C[C@]6([H])c7cccc8c7c(C[C@@]6([H])N(C)C5)c[nH]8.CS(=O)(=O)O,679.7960000000003,1.5851000000000015,172.57999999999998,4.0,8.0,4.0,3.0,5.0,8.0,0.5,48.0,256.0,174.8387999999996,278.5051844382187,6.812787114063641e-07,1875.9815689240754,-3.82,4.0,14.0,4.0
6W731X367Q,C#CCN(C)[C@H](C)Cc1ccccc1.Cl,223.747,2.6044000000000014,3.24,0.0,1.0,4.0,1.0,0.0,1.0,0.38461538461538464,15.0,82.0,68.31900000000003,98.89815023488529,1.959999206666998e-06,302.06203354641235,-0.9699999999999998,0.0,2.0,0.0
Z69D9E381Q,S=[Se]=S,143.094,0.9156,0.0,0.0,2.0,0.0,0.0,0.0,0.0,0.0,3.0,18.0,20.936,33.09302945032864,3.2659863237109046,23.774437510817343,0.9594805194805194,0.0,3.0,0.0
GCA9VV7D2N,c1cc(c(cc1Oc2c(cc(cc2I)C[C@@H](C(=O)[O-])N)I)I)O.[Na+],672.9580000000001,-0.3780000000000004,95.61,2.0,5.0,5.0,2.0,0.0,2.0,0.13333333333333333,24.0,122.0,109.46020000000001,201.98566318554904,2.8799974543023453e-06,734.4892899937496,0.6600000000000008,0.0,9.0,3.0
U26EO4675Q,Cn1cnc2c1c(=O)n(C)c(=O)n2C.C(C(=O)O)C(CC(=O)O)(C(=O)O)O,386.3170000000001,-2.277799999999997,193.94999999999996,4.0,7.0,5.0,2.0,0.0,2.0,0.42857142857142855,27.0,148.0,88.28720000000004,149.88594216697356,2.7148351096101443e-07,997.9900692089559,-3.480000000000001,0.0,13.0,4.0
V47IF0PVH4,CC(=O)OCC(=O)[C@]1(CC[C@@]2([H])[C@]3([H])CCC4=CC(=O)CC[C@]4(C)[C@]3([C@H](C[C@@]21C)O)F)O,422.4930000000002,2.4445000000000014,100.9,2.0,6.0,3.0,0.0,4.0,4.0,0.782608695652174,30.0,166.0,105.03860000000006,175.4071643352102,1.709654638325483,837.5499642846634,-1.6,3.0,7.0,2.0
9PHQ9Y1OLM,C[C@@]12C=CC(=O)C=C2CC[C@@]3([H])[C@]4([H])CC[C@](C(=O)CO)([C@@]4(C)C[C@@H]([C@@]31[H])O)O,360.45000000000005,1.5575999999999999,94.83000000000001,3.0,5.0,2.0,0.0,4.0,4.0,0.7142857142857143,26.0,142.0,95.04840000000004,153.34130809395182,1.7472814479871788,723.9130815015496,-1.3000000000000003,3.0,5.0,3.0
756RDM536M,CCN(CC)CCN1c2ccc(cc2C(=NCC1=O)c3ccccc3F)Cl.Cl.Cl,460.80800000000005,4.848500000000006,35.91,0.0,3.0,6.0,2.0,1.0,3.0,0.3333333333333333,29.0,158.0,122.99500000000002,188.1186452628186,2.1024988705714695e-06,871.9998653323232,-1.6599999999999993,0.0,8.0,0.0
H0DE420U8G,c1cc2c(cc1Cl)[nH]c(=O)o2,169.56699999999998,1.7744999999999997,46.0,1.0,2.0,0.0,2.0,0.0,2.0,0.0,11.0,56.0,41.844699999999996,66.59183322318094,2.920939354744553,442.88245407860506,-1.22,0.0,4.0,1.0
5E8K9I0O4U,C1CC1n2cc(c(=O)c3cc(c(cc32)N4CCNCC4)F)C(=O)O,331.34700000000004,1.5833,74.57000000000001,2.0,4.0,3.0,2.0,2.0,4.0,0.4117647058823529,24.0,126.0,88.47900000000006,137.04307093590964,1.9485981247024458,882.760256896872,-2.41,2.0,7.0,2.0
C53598599T,COc1c2c(cc(c1N3C[C@]4([H])CCCN[C@]4([H])C3)F)c(=O)c(cn2C5CC5)C(=O)O.Cl,437.89900000000017,2.7923000000000013,83.8,2.0,5.0,4.0,2.0,3.0,5.0,0.5238095238095238,30.0,162.0,113.92400000000005,178.7636467220231,2.177997596942795e-06,1054.6231291017546,-2.3200000000000007,3.0,9.0,2.0
LX1OH63030,C1[C@@H]([C@]2([H])[C@@]([H])([C@@H](CO2)O[N+](=O)[O-])O1)O,191.13899999999998,-1.2782,91.06,1.0,6.0,2.0,0.0,2.0,2.0,1.0,13.0,74.0,37.354200000000006,73.29418295544856,1.9795730634118363,221.17001630580296,-0.9200000000000002,2.0,7.0,1.0
82VFR53I78,C(CCOc1ccc2CCC(=O)Nc2c1)CN3CCN(CC3)c4cccc(c4Cl)Cl,448.3940000000001,4.859300000000005,44.81,1.0,4.0,7.0,2.0,2.0,4.0,0.43478260869565216,30.0,160.0,123.23670000000003,187.44232758419403,1.1543969516664405,898.0121087625581,-1.9499999999999993,1.0,7.0,1.0
43502P7F0P,C[C@H]1C[C@@]2([H])[C@]3([H])CC[C@](C(=O)COC(=O)C)([C@@]3(C)C[C@@H]([C@]2([H])[C@@]4(C)C=CC(=O)C=C14)O)O,416.51400000000007,2.3744000000000014,100.9,2.0,6.0,3.0,0.0,4.0,4.0,0.7083333333333334,30.0,164.0,109.14260000000007,176.91696801449626,1.6968943649552877,857.7574652189163,-1.79,3.0,6.0,2.0
3M8608UQ61,CC[C@H](C)C(=O)O[C@H]1C[C@@H](C=C2C=C[C@H](C)[C@H](CC[C@H](C[C@H](CC(=O)[O-])O)O)[C@]21[H])O.[Na+],446.5160000000002,-1.890299999999995,127.12000000000002,3.0,7.0,10.0,0.0,2.0,2.0,0.7391304347826086,31.0,170.0,108.81440000000008,206.40403323421833,4.804992319375345e-06,662.3104274487301,-0.7000000000000002,0.0,8.0,3.0
2T8Q726O95,c1cn([C@@H]2CS[C@H](CO)O2)c(=O)nc1N,229.261,-0.5941000000000001,90.36999999999999,2.0,6.0,2.0,1.0,1.0,2.0,0.5,15.0,82.0,56.36320000000001,90.06690967616713,2.2042997522549412,408.36352218380665,-1.05,1.0,7.0,3.0
359HUE8FJC,C(Cn1cnc2c1nc(N)[nH]c2=O)C(CO)CO,253.26199999999997,-1.307299999999999,130.05,4.0,6.0,5.0,2.0,0.0,2.0,0.5,18.0,98.0,64.83970000000001,102.10573437511292,2.265207858895495,586.700943605641,-1.93,0.0,8.0,5.0
U3H27498KS,c1cc(c(c(c1)Cl)Cl)-c2c(N)nc(N)nn2,256.09599999999995,2.0098,90.71,2.0,5.0,1.0,2.0,0.0,2.0,0.0,16.0,82.0,64.1078,101.40220868459403,2.632549823314152,543.4177085952953,-1.59,0.0,7.0,4.0
NXU65IC8PG,C(CN(CC(=O)[O-])CC(=O)[O-])N(CCN(CC(=O)[O-])CC(=O)[O-])CC(=O)[O-].[Na+].[Na+].[Na+].[Zn+2],522.6690000000002,-18.34859999999998,210.36999999999998,0.0,13.0,16.0,0.0,0.0,0.0,0.6428571428571429,31.0,154.0,74.35500000000003,257.66530569749517,-5.633331304927837e-07,501.7044608292172,0.8533766233766229,0.0,17.0,0.0
U5SYW473RQ,CCCc1nc2c(C)cc(cc2n1Cc3ccc(cc3)-c4ccccc4C(=O)O)-c5nc6ccccc6n5C,514.6290000000002,7.264420000000007,72.94,1.0,3.0,7.0,6.0,0.0,6.0,0.18181818181818182,39.0,194.0,156.1122999999997,226.75392523128772,1.4222648056159974,1844.1413674143123,-4.709999999999999,0.0,6.0,1.0
02N1TZF99F,Cc1ccc(cc1)C(=O)c2ccc(CC(=O)[O-])n2C.[Na+].O.O,315.30100000000004,-3.788479999999997,125.13,0.0,3.0,4.0,2.0,0.0,2.0,0.2,22.0,114.0,75.96310000000001,150.2245242369779,0.0,633.8824057055057,-1.44,0.0,7.0,4.0
WYQ7N0BPYC,CC(=O)N[C@@H](CS)C(=O)O,163.198,-0.4945,66.4,3.0,3.0,3.0,0.0,0.0,0.0,0.6,10.0,58.0,39.093500000000006,64.02122628470927,3.833483296499401,147.8284895747849,-0.71,0.0,5.0,2.0
63CZ7GJN5I,c1c2c([nH]cnc2=O)[nH]n1,136.11399999999998,-0.3538000000000003,74.43,2.0,3.0,0.0,2.0,0.0,2.0,0.0,10.0,50.0,34.50939999999999,55.11114768353449,3.0929120500200677,400.94019739120694,-1.6500000000000001,0.0,5.0,2.0
6794O900AX,CCCCCCCCCCCCCCCCOCCCOP(=O)(CO[C@@H](Cn1ccc(N)nc1=O)CO)O,561.7010000000002,5.250500000000006,146.13000000000002,3.0,8.0,26.0,1.0,0.0,1.0,0.8518518518518519,38.0,222.0,151.26049999999992,228.3677956054243,1.9442974826803656,809.121054933066,-1.2900000000000003,0.0,11.0,4.0
JTE4MNN1MD,CC[C@@H]1[C@](C)([C@@H]([C@@H](C)N(C)C[C@H](C)C[C@](C)([C@@H]([C@@H](C)[C@@H]([C@@H](C)C(=O)O1)O[C@@]2([H])C[C@](C)([C@H]([C@H](C)O2)O)OC)O[C@@]3([H])[C@@H]([C@H](C[C@@H](C)O3)N(C)C)O)O)O)O.O,767.0110000000004,1.0760000000000067,211.57999999999998,5.0,14.0,7.0,0.0,3.0,3.0,0.9736842105263158,53.0,314.0,197.79279999999937,317.0389988068026,9.719966427419295e-06,1145.3703600539193,-1.0500000000000005,3.0,15.0,7.0
K5BC5011K3,CC1=C(C(c2cccc(c2)[N+](=O)[O-])C(=C(C)N1)C(=O)OCCN(C)Cc3ccccc3)C(=O)OC.Cl,515.9940000000004,4.099600000000003,111.01,1.0,8.0,9.0,2.0,1.0,3.0,0.3076923076923077,36.0,192.0,137.37209999999993,215.8785491971777,4.563324435776564e-06,1179.211806270604,-3.69,0.0,10.0,1.0
S59502J185,CC(C)C(=O)OCC(=O)[C@@]12[C@@H](C[C@@]3([H])[C@]4([H])CCC5=CC(=O)C=C[C@]5(C)[C@@]4([H])[C@H](C[C@@]31C)O)O[C@@H](C6CCCCC6)O2,540.6970000000003,4.703900000000004,99.13000000000001,1.0,7.0,5.0,0.0,6.0,6.0,0.78125,39.0,214.0,143.24479999999988,231.25769932942848,1.3513571568167628,1101.7967398899848,-1.83,5.0,7.0,1.0
7318FJ13YJ,CN(C)S(=O)(=O)c1ccc2c(c1)/C(=C\CCN3CCN(C)CC3)/c4ccccc4S2,443.63800000000026,3.4707000000000026,43.86000000000001,0.0,5.0,5.0,2.0,2.0,4.0,0.391304347826087,30.0,160.0,123.51280000000004,183.96498217307143,1.6676985497860848,1055.8679416192647,-1.6399999999999992,1.0,7.0,0.0
G1LN9045DK,CS(=O)(=O)OCCCCOS(=O)(=O)C,246.30599999999998,-0.2809999999999997,86.74000000000001,0.0,6.0,7.0,0.0,0.0,0.0,1.0,14.0,86.0,50.82560000000003,84.45985657451557,3.4084654000021937,304.51801900399903,-0.1800000000000001,0.0,8.0,0.0
EC2CNF7XFP,CCN(CC)CC(=O)Nc1c(C)cccc1C.Cl,270.804,3.005540000000002,32.34,1.0,2.0,5.0,1.0,0.0,1.0,0.5,18.0,102.0,79.58170000000004,115.97525124107445,2.889998391942593e-06,369.13042328361445,-1.06,0.0,4.0,1.0
Q2WXR1I0PK,c1cc(c2c(=O)cc(C(=O)[O-])oc2c1)OCC(COc3cccc4c3c(=O)cc(C(=O)[O-])o4)O.[Na+].[Na+],512.3340000000002,-6.546899999999998,179.36999999999998,1.0,11.0,8.0,4.0,0.0,4.0,0.13043478260869565,36.0,174.0,110.62580000000005,245.36884997023327,2.2816645261159423e-06,1425.9040171624079,-2.6399999999999997,0.0,13.0,1.0
90Y4QC304K,CC(c1cccc(c1)C(=O)c2ccccc2)C(=O)O,254.285,3.1057000000000006,54.370000000000005,1.0,2.0,4.0,2.0,0.0,2.0,0.125,19.0,96.0,72.36730000000003,111.065543735431,2.3400417314396122,602.4009276194483,-2.42,0.0,3.0,1.0
736I6971TE,CN(C)CCOC(=O)C(c1ccccc1)C2(CCCC2)O.Cl,327.85200000000003,2.6019000000000014,49.769999999999996,1.0,4.0,6.0,1.0,1.0,2.0,0.5882352941176471,22.0,124.0,89.36180000000004,138.4221632288299,2.4199980939765734e-06,458.2316714436728,-1.1,1.0,5.0,1.0
554Z48XN5E,Cn1cc[nH]c1=S,114.173,1.08269,20.72,1.0,1.0,0.0,1.0,0.0,1.0,0.25,7.0,38.0,30.597699999999996,46.79390536965459,3.391829211284276,197.4547535417141,-0.5700000000000001,0.0,3.0,1.0
2M36281008,CCc1cccc2c3CCOC(CC)(CC(=O)O)c3[nH]c12,287.3589999999999,3.383000000000001,62.32,2.0,2.0,4.0,2.0,1.0,3.0,0.47058823529411764,21.0,112.0,81.55450000000005,123.67017703003339,2.2365005465300696,688.6452033715747,-1.81,0.0,4.0,2.0
G59M7S0WS3,C(C(CO[N+](=O)[O-])O[N+](=O)[O-])O[N+](=O)[O-],227.08499999999995,-1.0200999999999996,157.11,0.0,9.0,8.0,0.0,0.0,0.0,1.0,15.0,86.0,37.76020000000002,80.63081361107673,3.9922055468289943,234.98712426015686,-2.4,0.0,12.0,0.0
VZ8RRZ51VK,C1[C@@H]([C@H]([C@@H]([C@H]([C@@H]1N)O[C@]2([H])[C@@H]([C@H]([C@@H]([C@@H](CO)O2)O)N)O)O)O[C@]3([H])[C@@H](C[C@@H]([C@@H](CN)O3)O)N)N,467.52000000000027,-6.295800000000003,268.16999999999996,10.0,14.0,6.0,0.0,3.0,3.0,1.0,32.0,188.0,108.37100000000002,185.05057667605533,1.699170646876376,607.1880034640932,-0.5599999999999999,3.0,14.0,15.0
229809935B,CCC(=O)C(CC(C)N(C)C)(c1ccccc1)c2ccccc2.Cl,345.91400000000004,4.713800000000005,20.310000000000002,0.0,2.0,7.0,2.0,0.0,2.0,0.38095238095238093,24.0,130.0,103.97600000000006,151.84742537792707,2.8799978391016836e-06,585.3017087010423,-1.6399999999999992,0.0,3.0,0.0
8Q2869CNVH,CCN(CCCC(C)Nc1ccnc2cc(ccc12)Cl)CCO.OS(=O)(=O)O,433.95800000000014,3.1302000000000008,122.99,4.0,6.0,9.0,2.0,0.0,2.0,0.5,28.0,158.0,112.44890000000008,170.66209528646118,6.963476863699863e-07,827.0809192394158,-1.4899999999999998,0.0,10.0,4.0
0K47UL67F2,COc1ccccc1OCCNCC(COc2cccc3c2c4ccccc4[nH]3)O,406.482,3.7380000000000018,75.74,3.0,5.0,10.0,4.0,0.0,4.0,0.25,30.0,156.0,118.66520000000004,174.93537112075,1.2575379884643594,1108.7174439193616,-3.2199999999999993,0.0,6.0,3.0
4S9JU7XF01,C(C(C(=O)O)S)(C(=O)O)S,182.222,-0.24759999999999993,74.6,4.0,4.0,3.0,0.0,0.0,0.0,0.5,10.0,58.0,40.81960000000001,68.05572240230237,4.069511908932011,139.33658100079685,-0.36,0.0,6.0,2.0
Y882YXF34X,CC(=O)[O-].CC(=O)[O-].[Ca+2],158.166,-2.8683999999999985,80.25999999999999,0.0,4.0,0.0,0.0,0.0,0.0,0.5,9.0,48.0,27.115999999999993,82.86718822425235,-7.199999951999999e-08,70.56842503028855,0.19974025974025977,0.0,5.0,0.0
9J765S329G,c1c(cc(c(c1I)Oc2cc(c(c(c2)I)O)I)I)C[C@@H](C(=O)[O-])N.[Na+].O.O.O.O.O,888.9289999999999,-3.8968999999999983,253.11,2.0,5.0,5.0,2.0,0.0,2.0,0.13333333333333333,30.0,168.0,140.24620000000013,248.65126844866458,-3.472221678549472e-07,767.6671915333097,1.1899999999999997,0.0,15.0,13.0
6Z5B6HVF6O,CC(C)OC(=O)CCC/C=C\C[C@@H]1[C@@H](CC[C@H](CCc2ccccc2)O)[C@@H](C[C@@H]1O)O,432.6010000000001,4.186400000000006,86.99000000000001,3.0,5.0,13.0,1.0,1.0,2.0,0.6538461538461539,31.0,174.0,122.45040000000007,186.69257980785426,1.7022321047581674,657.0209861111852,-1.69,1.0,5.0,3.0
81485Y3A9A,CC1CN(CCN1)c2c(cc3c(c2OC)n(cc(c3=O)C(=O)O)C4CC4)F,375.40000000000015,1.9803999999999997,83.8,2.0,5.0,4.0,2.0,2.0,4.0,0.47368421052631576,27.0,144.0,99.62600000000006,154.88650039420972,2.031228563853689,983.3041997140859,-2.61,2.0,8.0,2.0
509F88P9SZ,CC1(C(C1C(=O)OCC2=CC(=CC=C2)OC3=CC=CC=C3)C=C(Cl)Cl)C,391.29400000000004,6.113300000000003,35.53,0.0,3.0,6.0,2.0,1.0,3.0,0.2857142857142857,26.0,136.0,103.30400000000006,163.0726871822379,1.5921835455133286,811.0157196010404,-1.9699999999999993,1.0,5.0,0.0
458VC51857,CCCCCNC(=N)N/N=C/c1c[nH]c2ccc(cc12)OC,301.3940000000001,2.8145700000000007,85.29,4.0,3.0,7.0,2.0,0.0,2.0,0.375,22.0,118.0,90.83480000000004,130.0058440895022,1.9120823609145343,647.0236260761455,-2.4999999999999996,0.0,6.0,4.0
N7Z035406B,C1CCC(CC1)n2c(CCCCOc3ccc4c(CCC(=O)N4)c3)nnn2,369.46900000000005,3.4647000000000014,81.92999999999999,1.0,5.0,7.0,2.0,2.0,4.0,0.6,27.0,144.0,101.76470000000005,159.02944857448045,1.2218802755815945,782.4293018024434,-2.4400000000000004,1.0,7.0,1.0
D0GX863OA5,C/C(=C\C(=O)OCCCCCCCCC(=O)O)/C[C@H]1[C@@H]([C@@H]([C@@H](C[C@@]2([H])[C@]([H])([C@@H](C)[C@H](C)O)O2)CO1)O)O,500.62900000000013,2.592500000000002,146.05,4.0,8.0,16.0,0.0,2.0,2.0,0.8461538461538461,35.0,202.0,128.6542000000001,208.0021534458943,1.6150722202375691,692.3099433432227,-1.5200000000000002,2.0,9.0,4.0
614OI1Z5WI,CCCC(CCC)C(=O)O,144.214,2.2874,37.3,1.0,1.0,5.0,0.0,0.0,0.0,0.875,10.0,60.0,40.9418,62.24960168084558,3.6095780526829477,93.43071362054202,-0.53,0.0,2.0,1.0
YQE403BP4D,CCC1(c2ccccc2)C(=O)NC(=O)NC1=O,232.23899999999995,0.7004,75.27000000000001,2.0,3.0,2.0,1.0,1.0,2.0,0.25,17.0,88.0,60.092400000000026,98.1995153196948,2.535973053206109,461.78392534517104,-2.17,1.0,5.0,2.0
80061L1WGD,Cc1c(CSCCNC(=NC#N)NC)nc[nH]1,252.34700000000004,0.5973999999999997,88.88999999999999,3.0,4.0,5.0,1.0,0.0,1.0,0.5,17.0,92.0,69.59710000000003,104.92554288214419,2.1516938174131393,405.1737761568005,-1.68,0.0,7.0,3.0
N1SN99T69T,CCOC(=O)[C@H](CCc1ccccc1)N[C@H]2CCc3ccccc3N(CC(=O)O)C2=O.Cl,460.95800000000025,2.9949000000000017,95.94,2.0,5.0,9.0,2.0,1.0,3.0,0.375,32.0,172.0,124.10750000000009,193.7171059329861,3.629994302100916e-06,921.6154063476641,-2.9,0.0,8.0,2.0
G79YN26H5B,C(CN(CC(=O)[O-])CC(=O)[O-])N(CCN(CC(=O)[O-])CC(=O)[O-])CC(=O)[O-].[Ca+2].[Na+].[Na+].[Na+],497.3570000000002,-18.72689999999998,210.36999999999998,0.0,13.0,16.0,0.0,0.0,0.0,0.6428571428571429,31.0,154.0,80.10900000000002,274.89774565015443,-5.633331304927837e-07,501.7044608292172,1.4897402597402594,0.0,17.0,0.0
L4618BD7KJ,CC1CN(CCN1)c2c(cc3c(c2OC)n(cc(c3=O)C(=O)O)C4CC4)F.CC1CN(CCN1)c2c(cc3c(c2OC)n(cc(c3=O)C(=O)O)C4CC4)F.O.O.O,804.8450000000001,1.4867000000000017,262.09999999999997,4.0,10.0,8.0,4.0,4.0,8.0,0.47368421052631576,57.0,312.0,210.09339999999963,324.84678331375886,2.3999999255333365e-07,2133.5154573137247,-5.34,4.0,19.0,10.0
H438WYN10E,c1cc(ccc1COC(Cn2ccnc2)c3ccc(cc3Cl)Cl)Cl.[N+](=O)(O)[O-],444.702,5.453700000000003,90.42,1.0,4.0,6.0,3.0,0.0,3.0,0.16666666666666666,28.0,148.0,106.45190000000004,175.7096208012259,6.404165140777e-07,885.6012983758501,-2.3199999999999994,0.0,10.0,1.0
39N9K8S2A4,CC[N+](=C1C=C/C(=C(/c2ccc(cc2)N(CC)CC)\c3cc(ccc3S(=O)(=O)[O-])S(=O)(=O)[O-])/C=C1)CC.[Na+],566.6770000000001,0.7662000000000015,120.65,0.0,7.0,9.0,2.0,1.0,3.0,0.2962962962962963,38.0,198.0,143.02279999999985,247.42378807688024,5.06999147396502e-06,1479.0387927122192,-2.05,0.0,11.0,0.0
4HZT2V9KX0,Cc1c(c(-c2c(cccc2Cl)Cl)no1)C(=O)N[C@@H]3C(=O)N4[C@@H](C(=O)[O-])C(C)(C)S[C@]34[H].[Na+].O,510.3310000000002,-1.9532799999999997,147.07,1.0,7.0,4.0,2.0,2.0,4.0,0.3684210526315789,32.0,166.0,112.66300000000001,219.30388114965493,1.8149987496675513e-06,1074.7604786044726,-1.2699999999999996,2.0,13.0,3.0
S62U433RMH,CCN(C(=O)C)c1cccc(c1)-c2ccnc3c(C#N)cnn23,305.341,2.6407800000000003,74.28999999999999,0.0,4.0,3.0,3.0,0.0,3.0,0.17647058823529413,23.0,114.0,86.83900000000004,133.15305327477,2.1492016913455965,922.123581148975,-3.2,0.0,6.0,0.0
NWQ5N31VKK,CCCCCCCCCC(=O)N[C@@H](Cc1c[nH]c2ccccc12)C(=O)N[C@H](CC(=O)N)C(=O)N[C@@H](CC(=O)O)C(=O)N[C@H]3[C@@H](C)OC(=O)[C@H](CC(=O)c4ccccc4N)NC(=O)[C@]([H])([C@H](C)CC(=O)O)NC(=O)[C@@H](CO)NC(=O)CNC(=O)[C@H](CC(=O)O)NC(=O)[C@@H](C)NC(=O)[C@H](CC(=O)O)NC(=O)[C@H](CCCN)NC(=O)CNC3=O,1620.6930000000013,-5.621799999999982,702.02,22.0,24.0,35.0,3.0,1.0,4.0,0.5277777777777778,115.0,630.0,400.26050000000083,657.0231702290895,1.8735726297976276,4040.3491753507783,-12.699999999999996,1.0,43.0,25.0
4975G9NM6T,CCN(CC)C(=O)/C(=C/c1cc(c(c(c1)O)O)[N+](=O)[O-])/C#N,305.2900000000001,1.7813799999999995,127.70000000000002,2.0,6.0,5.0,1.0,0.0,1.0,0.2857142857142857,22.0,116.0,77.94400000000002,126.21671568109325,3.330991051120794,671.7912617869265,-3.0800000000000005,0.0,8.0,2.0
3QJ8WS6V8H,[Fe+3].[Fe+3].[Fe+3].[Fe+3].O=S(=O)([O-])[O-].O=S(=O)([O-])[O-].O=S(=O)([O-])[O-].O=S(=O)([O-])[O-].O=S(=O)([O-])[O-].[OH-].[OH-],737.7090000000005,-7.053599999999998,461.3,0.0,22.0,0.0,0.0,0.0,0.0,0.0,31.0,196.0,56.244600000000005,216.900989664735,-1.709401706689678e-08,626.0411459953657,1.3479220779220775,0.0,31.0,2.0
P88XT4IS4D,CC1=C2[C@H](C(=O)[C@]3(C)[C@H](C[C@]4([H])[C@@](CO4)([C@@]3([H])[C@@H]([C@](C[C@@H]1OC(=O)[C@@H]([C@H](c5ccccc5)NC(=O)c6ccccc6)O)(C2(C)C)O)OC(=O)c7ccccc7)OC(=O)C)O)OC(=O)C,853.9180000000002,3.7357000000000022,221.28999999999994,4.0,14.0,10.0,3.0,4.0,7.0,0.44680851063829785,62.0,328.0,217.69009999999943,357.8854073908183,1.3874476640402011,2280.346269552866,-5.739999999999999,3.0,15.0,4.0
50MD4SB4AP,Cc1cc(C2CCCCC2)n(c(=O)c1)O,207.273,2.4417199999999992,42.230000000000004,1.0,2.0,1.0,1.0,1.0,2.0,0.5833333333333334,15.0,82.0,58.44950000000003,89.3195805860036,2.3732051649079926,402.573413213669,-1.2500000000000002,1.0,3.0,1.0
A0Z3NAU9DP,CC(CS(=O)(=O)c1ccc(cc1)F)(C(=O)Nc2ccc(C#N)c(c2)C(F)(F)F)O,430.3790000000001,2.879580000000002,107.26,2.0,5.0,5.0,2.0,0.0,2.0,0.2222222222222222,29.0,154.0,93.86530000000002,162.86388772274873,2.2537563722286165,1072.520449591737,-2.9699999999999993,0.0,11.0,2.0
8ECV571Y37,c1cc(CC(=O)[O-])c(c(c1)C(=O)c2ccc(cc2)Br)N.c1cc(CC(=O)[O-])c(c(c1)C(=O)c2ccc(cc2)Br)N.[Na+].[Na+].O.O.O,766.3470000000002,-5.356699999999994,260.94,2.0,8.0,8.0,4.0,0.0,4.0,0.06666666666666667,45.0,228.0,165.1211999999999,319.71666161814017,-7.055999820262406e-07,1468.8744865148797,-2.3999999999999986,0.0,15.0,10.0
4TI98Z838E,C[C@@]12CC[C@]3([H])c4ccc(cc4CC[C@@]3([H])[C@]2([H])CC[C@@H]1O)O,272.3879999999999,3.609200000000003,40.46,2.0,2.0,0.0,1.0,3.0,4.0,0.6666666666666666,20.0,108.0,78.73060000000004,120.38168253606061,1.7111998765070118,538.2198018097884,-1.02,2.0,2.0,2.0
SK47B8698T,[Mg+2].O=S(=O)([O-])[O-].O.O.O.O.O.O.O,246.4729999999999,-7.491699999999994,300.76,0.0,4.0,0.0,0.0,0.0,0.0,0.0,13.0,88.0,41.525200000000005,89.64135235872453,-2.8571428424107142e-09,93.2586863990795,0.35623376623376624,0.0,13.0,14.0
8EUL29XUQT,CC1(C)O[C@]2([H])C[C@@]3([H])[C@]4([H])C[C@@H](C5=CC(=O)CC[C@]5(C)[C@@]4([H])[C@H](C[C@]3(C)[C@]2(C(=O)CO)O1)O)F,436.5200000000002,2.4987000000000013,93.06000000000002,2.0,6.0,2.0,0.0,5.0,5.0,0.8333333333333334,31.0,172.0,108.62260000000006,181.71829842554067,1.60725505914236,868.130832972654,-1.1500000000000004,4.0,7.0,2.0
Y7JEW0XG7I,c1cc(c(cc1/N=N/c2ccc(c(c2)C(=O)[O-])O)C(=O)[O-])O.[Na+].[Na+],346.206,-5.751799999999998,145.44,2.0,8.0,4.0,2.0,0.0,2.0,0.0,24.0,112.0,69.0506,179.9919378531388,2.6449989721879106e-06,729.3292887206641,-1.4200000000000004,0.0,10.0,2.0
R6DXU4WAY9,Cc1cnc(C[S@@+](c2[n-]c3ccc(cc3n2)OC)[O-])c(C)c1OC.Cc1cnc(C[S@@+](c2[n-]c3ccc(cc3n2)OC)[O-])c(C)c1OC.[Mg+2].O.O.O,767.182,2.2027800000000024,257.3,0.0,10.0,10.0,6.0,0.0,6.0,0.29411764705882354,52.0,276.0,200.5761999999996,323.27329890700196,4.828571269675174e-07,1918.601965851895,-3.853766233766233,0.0,18.0,6.0
Y883P1Z2LT,c1ccc2c(c1)C(=O)C(=C(C2=O)O)[C@H]3CC[C@@H](CC3)c4ccc(cc4)Cl,366.84399999999994,5.505100000000004,54.370000000000005,1.0,3.0,2.0,2.0,2.0,4.0,0.2727272727272727,26.0,132.0,100.90880000000003,156.8571973094496,1.5571493631961493,903.2395331906184,-2.3899999999999992,1.0,4.0,1.0
98PI200987,CCN(CC)CC(=O)Nc1c(C)cccc1C,234.343,2.5837400000000006,32.34,1.0,2.0,5.0,1.0,0.0,1.0,0.5,17.0,94.0,72.33370000000005,103.82215798852502,2.680267656047493,363.55864155890856,-1.35,0.0,3.0,1.0
8R78F6L9VO,CNS(=O)(=O)Cc1ccc2c(c1)c(CCN(C)C)c[nH]2,295.40799999999996,1.3211999999999997,65.2,2.0,3.0,6.0,2.0,0.0,2.0,0.42857142857142855,20.0,110.0,82.24020000000004,119.58235250485261,2.293411510347588,689.5069699952306,-1.3699999999999999,0.0,6.0,2.0
J280872D1O,CC1(C)O[C@]2([H])C[C@@]3([H])[C@]4([H])CCC5=CC(=O)C=C[C@]5(C)[C@@]4([H])[C@H](C[C@]3(C)[C@]2(C(=O)CO)O1)O,416.51400000000024,2.3267000000000015,93.06000000000002,2.0,6.0,2.0,0.0,5.0,5.0,0.75,30.0,164.0,108.24960000000006,176.86315999043018,1.5928652883432364,872.9219338162858,-1.34,4.0,6.0,2.0
9242ECW6R0,C/C(=C\Cc1c(c2c(COC2=O)c(C)c1OC)O)/CCC(=O)OCCN3CCOCC3,433.50100000000043,2.524020000000001,94.53000000000002,1.0,8.0,9.0,1.0,2.0,3.0,0.5652173913043478,31.0,170.0,113.42830000000006,182.26544626551106,1.5309832573877629,856.2163393799154,-2.58,1.0,8.0,1.0
JY0WD0UA60,CC12CC3CC(C)(C1)CC(C3)(C2)N.Cl,215.768,3.1159000000000012,26.02,1.0,1.0,0.0,0.0,4.0,4.0,1.0,14.0,82.0,61.572400000000044,93.2291047751667,7.499997907500589e-07,212.2533564975087,0.24999999999999997,4.0,2.0,2.0
9U7D5QH5AE,C(C(=O)[C@H]([C@@]([H])([C@@H](CO)O)O[C@H]1[C@@H]([C@H]([C@H]([C@@H](CO)O1)O)O)O)O)O,342.297,-5.552999999999993,197.36999999999998,8.0,11.0,8.0,0.0,1.0,1.0,0.9166666666666666,23.0,136.0,69.83240000000002,130.49026570928862,2.906574168444082,376.01843836179484,-0.7300000000000001,1.0,11.0,8.0
6X97D2XT0O,CC(C)NCC(COc1ccc(cc1)CCOCC2CC2)O.Cl,343.89500000000004,2.8152000000000017,50.72,2.0,4.0,11.0,1.0,1.0,2.0,0.6666666666666666,23.0,132.0,95.57750000000004,145.52915698609428,2.6449969249037883e-06,420.7798038805983,-0.81,1.0,5.0,2.0
P9G3CKZ4P5,C(C(CO)OCn1cnc2c1nc(N)[nH]c2=O)O,255.23399999999998,-1.970899999999999,139.27999999999997,4.0,7.0,5.0,2.0,0.0,2.0,0.4444444444444444,18.0,98.0,61.605700000000006,100.85433749022314,2.265207858895494,588.1457870436972,-1.97,0.0,9.0,5.0
4Q81I59GXC,c1cc(c(cc1N)C(=O)O)O,153.137,0.6725999999999999,83.55000000000001,3.0,3.0,1.0,1.0,0.0,1.0,0.0,11.0,58.0,39.478500000000004,62.88622553534208,3.2322088703054916,295.7372022742226,-1.7099999999999997,0.0,4.0,4.0
N12000U13O,C[C@H]1c2cccc(c2C(=O)C3=C([C@]4([C@]([H])([C@@H](C(=C(C4=O)C(=O)N)O)N(C)C)[C@H]([C@]13[H])O)O)O)O.O,462.45500000000015,-1.1722999999999988,213.11999999999998,6.0,9.0,2.0,1.0,3.0,4.0,0.4090909090909091,33.0,178.0,113.38870000000003,187.90999028162832,3.0624962563172095e-06,1138.6757202178312,-3.250000000000001,0.0,11.0,9.0
AGG2FN16EV,CCC(C)(C)C(=O)O[C@H]1C[C@@H](C)C=C2C=C[C@H](C)[C@H](CC[C@@H]3C[C@H](CC(=O)O3)O)[C@]21[H],418.57400000000024,4.585600000000005,72.83000000000001,1.0,5.0,6.0,0.0,3.0,3.0,0.76,30.0,168.0,115.45480000000009,180.4455306596892,1.7612771112578929,706.3275441224729,-1.62,1.0,5.0,1.0
S56PQL4N1V,CCC(=O)OCC(=O)[C@]1([C@H](C)C[C@@]2([H])[C@]3([H])[C@@H](CC4=CC(=O)C=C[C@]4(C)[C@@]3([H])[C@H](C[C@@]21C)O)Cl)OC(=O)CC,521.0500000000003,3.942700000000003,106.97,1.0,7.0,6.0,0.0,4.0,4.0,0.7142857142857143,36.0,198.0,132.9478,217.16083627631906,1.7940979008688165,1032.9155782472158,-1.99,3.0,8.0,1.0
362O9ITL9D,CC(=O)Nc1ccc(cc1)O,151.165,1.3505999999999998,49.33,2.0,2.0,1.0,1.0,0.0,1.0,0.125,11.0,58.0,42.41050000000002,64.66690538413799,2.7362980721056545,253.29949758389105,-1.51,0.0,3.0,2.0
3XMK78S47O,C[C@@]12CCC(=O)C=C2CC[C@@]3([H])[C@]4([H])CC[C@@H]([C@@]4(C)CC[C@@]31[H])O,288.431,3.879200000000004,37.3,1.0,2.0,0.0,0.0,4.0,4.0,0.8421052631578947,21.0,116.0,82.71680000000005,127.55103729290711,1.6883496404253648,507.69574308017087,-0.6300000000000001,3.0,2.0,1.0
6158TKW0C5,c1ccc(cc1)C2(c3ccccc3)C(=O)NC(=O)N2,252.273,1.7695999999999994,58.2,2.0,2.0,2.0,2.0,1.0,3.0,0.06666666666666667,19.0,94.0,70.33840000000002,110.00026108252523,2.2308361050041703,583.608538383389,-2.6199999999999997,1.0,4.0,2.0
TH25PD4CCB,CC(C)NCC(COc1ccc(cc1)CCOC)O.CC(C)NCC(COc1ccc(cc1)CCOC)O.C(CC(=O)O)C(=O)O,652.8260000000004,3.1622000000000012,176.04,6.0,10.0,21.0,2.0,0.0,2.0,0.5882352941176471,46.0,262.0,177.83059999999958,273.58277064346004,7.162280504560984e-07,949.7295929695626,-3.2600000000000002,0.0,12.0,6.0
U8CJK0JH5M,c1cc2Cc3cccc(c3C(=O)c2c(c1)O)O,226.23099999999997,2.2330000000000014,57.53,2.0,3.0,0.0,2.0,1.0,3.0,0.07142857142857142,17.0,84.0,62.45210000000002,97.96254000526078,2.2958209600916915,575.8596033380337,-2.29,0.0,3.0,2.0
1B8447E7YI,CCN(CC)CCOC1=CC=C(C=C1)C(=C(C2=CC=CC=C2)Cl)C3=CC=CC=C3.C(C(=O)O)C(CC(=O)O)(C(=O)O)O,598.0920000000004,5.314100000000005,144.60000000000002,4.0,6.0,14.0,3.0,0.0,3.0,0.28125,42.0,224.0,161.46919999999974,249.80915569002974,4.011051801940083e-07,1307.641217372985,-4.179999999999999,0.0,10.0,4.0
MZ1131787D,c1ccc2c(c1)cccc2CC3=NCCN3.Cl,246.74099999999996,2.8058,24.39,1.0,2.0,2.0,2.0,1.0,3.0,0.21428571428571427,17.0,88.0,75.20470000000002,107.16528287730698,1.0799995508001947e-06,543.418436428792,-1.5399999999999996,0.0,3.0,1.0
56LH93261Y,C[C@](Cc1ccc(c(c1)O)O)(C(=O)O)N.C[C@](Cc1ccc(c(c1)O)O)(C(=O)O)N.O.O.O,476.47900000000027,-1.5895000000000004,302.06,8.0,8.0,6.0,2.0,0.0,2.0,0.3,33.0,188.0,118.24900000000004,188.62435378679527,-4.999999889675928e-07,854.7221805689899,-3.62,0.0,13.0,16.0
XV74C1N1AE,c1cc(ccc1O)O,110.11199999999997,1.0977999999999999,40.46,2.0,2.0,0.0,1.0,0.0,1.0,0.0,8.0,42.0,29.771599999999992,47.01987062388899,3.032455532033676,145.38833891467198,-1.18,0.0,2.0,2.0
5SEH9X1D1D,CCC1(C)CC(=O)NC1=O,141.17,0.4491999999999999,46.17,1.0,2.0,1.0,0.0,1.0,1.0,0.7142857142857143,10.0,56.0,36.164699999999996,59.79597894437554,2.8000015092487516,188.04512825117834,-0.8600000000000001,1.0,3.0,1.0
N7U69T4SZR,Cc1cc2C(=Nc3ccccc3Nc2s1)N4CCN(C)CC4,312.4420000000001,3.4392200000000024,30.870000000000005,1.0,5.0,0.0,2.0,2.0,4.0,0.35294117647058826,22.0,114.0,94.04770000000005,134.63664509956521,1.80940676635996,726.0102103648205,-1.8499999999999996,1.0,5.0,1.0
PYF7O1FV7F,CC(C)n1c2ccccc2c(-c3ccc(cc3)F)c1/C=C/[C@@H](C[C@@H](CC(=O)[O-])O)O.[Na+],433.45500000000015,0.2974000000000013,85.52000000000001,2.0,4.0,8.0,3.0,0.0,3.0,0.2916666666666667,31.0,158.0,113.00560000000006,202.6722702589576,3.4133289139615943e-06,1059.3765866765195,-1.96,0.0,7.0,2.0
2KNI5N06TI,c1cnc(cn1)C(=O)N,123.115,-0.42450000000000004,68.87,1.0,3.0,1.0,1.0,0.0,1.0,0.0,9.0,46.0,30.549899999999997,51.73705399284307,2.9814546140411315,208.70290908206394,-1.4500000000000002,0.0,4.0,2.0
8W5C518302,c1cc(ccc1N)S(=O)(=O)c2ccc(cc2)N,248.307,1.6838,86.18,2.0,4.0,2.0,2.0,0.0,2.0,0.0,17.0,88.0,67.16060000000002,99.79367710137302,2.4961289671937283,565.0601341830188,-2.01,0.0,5.0,4.0
QF8SVZ843E,CC(C)(C)NCC(c1ccc(c(c1)CO)O)O,239.315,1.3059999999999996,72.72,4.0,4.0,4.0,1.0,0.0,1.0,0.5384615384615384,17.0,96.0,66.74510000000004,101.91856136046931,2.720205866139174,371.41759115181975,-1.1,0.0,4.0,4.0
59JV96YTXV,COc1ccc(c(c1)C(CNC(=O)CN)O)OC.Cl,290.7469999999999,0.23390000000000027,93.81,3.0,5.0,6.0,1.0,0.0,1.0,0.4166666666666667,19.0,108.0,73.81790000000002,117.84674825030035,3.2399980542012248e-06,414.71589850294333,-1.5,0.0,7.0,4.0
EQT531S367,COc1ccccc1OCCNCC(COc2cccc3c2c4ccccc4[nH]3)O.COc1ccccc1OCCNCC(COc2cccc3c2c4ccccc4[nH]3)O.OP(=O)(O)O.OP(=O)(O)O.O,1026.9670000000003,4.79410000000001,338.5,12.0,12.0,20.0,8.0,0.0,8.0,0.25,71.0,384.0,269.4699999999993,407.85930407919534,2.5618328603615313e-07,2728.52052787171,-6.26,0.0,23.0,14.0
304NUG5GF4,CCC(C)n1c(=O)n(cn1)-c2ccc(cc2)N3CCN(CC3)c4ccc(cc4)OC[C@H]5CO[C@](Cn6cncn6)(c7ccc(cc7Cl)Cl)O5,705.6470000000003,5.5773000000000055,104.7,0.0,9.0,11.0,5.0,2.0,7.0,0.37142857142857144,49.0,256.0,188.17599999999948,293.88445706899506,0.9252982702044731,1907.319691394515,-4.3599999999999985,2.0,14.0,0.0
576PU70Y8E,CC(C)(C)NCC(c1cc(cc(c1)O)O)O.CC(C)(C)NCC(c1cc(cc(c1)O)O)O.OS(=O)(=O)O,548.6550000000003,2.3858,220.03999999999996,10.0,10.0,6.0,2.0,0.0,2.0,0.5,37.0,212.0,139.15160000000006,217.3764655240656,5.935714157079787e-07,959.912895629421,-2.6500000000000004,0.0,13.0,10.0
MRK240IY2L,Cn1cnc(c1Sc2c3c([nH]cn3)ncn2)[N+](=O)[O-],277.26900000000006,1.1457999999999995,115.42000000000002,1.0,7.0,3.0,3.0,0.0,3.0,0.1111111111111111,19.0,96.0,65.6691,109.81807397196779,2.083457965754208,764.8623146411958,-2.49,0.0,10.0,1.0
033KF7V46H,CCS(=O)(=O)CCn1c(C)ncc1[N+](=O)[O-],247.27599999999998,0.5344199999999997,95.1,0.0,5.0,5.0,1.0,0.0,1.0,0.625,16.0,90.0,57.94620000000002,93.17326768432252,2.891985103589127,491.3817428453395,-1.44,0.0,8.0,0.0
DQH6T6D8OY,Cc1ccsc1C(=CCCN2CCC[C@H](C2)C(=O)O)c3c(C)ccs3.Cl,412.02000000000004,5.466640000000005,40.540000000000006,1.0,4.0,6.0,2.0,1.0,3.0,0.45,26.0,142.0,113.85580000000004,169.32177782842237,2.42999735820296e-06,723.2091534265244,-1.14,1.0,6.0,1.0
X1IEG24OHL,CC(COc1ccccc1)N(CCCl)Cc2ccccc2.Cl,340.2939999999999,4.616700000000005,12.47,0.0,2.0,8.0,2.0,0.0,2.0,0.3333333333333333,22.0,120.0,96.21900000000005,144.00788839108202,2.4199978847019037e-06,507.01030997969576,-1.2199999999999998,0.0,4.0,0.0
P6YC3EG204,Cc1cc2c(cc1C)n(cn2)[C@@H]3[C@@H]([C@@H]([C@@H](CO)O3)OP(=O)([O-])O[C@H](C)CNC(=O)CC[C@]\4(C)[C@@H](CC(=O)N)C5[C@@]6(C)[C@@](C)(CC(=O)N)[C@H](CCC(=O)N)C(=N6)/C(=C7/[C@@](C)(CC(=O)N)[C@H](CCC(=O)N)C(=N7)/C=C8/C(C)(C)[C@H](CCC(=O)N)C(=N8)/C(=C4\[N-]5)/C)/C)O.[C-]#N.[Co+3],1355.3879999999988,3.409210000000009,488.71000000000004,9.0,19.0,26.0,2.0,6.0,8.0,0.6190476190476191,93.0,508.0,336.5692000000006,551.0318925714934,4.528191276805267e-06,3598.3890657047923,-7.003506493506495,2.0,30.0,15.0
2UY4M2U3RA,C(CC(O)(P(=O)(O)O)P(=O)(O)[O-])CN.[Na+].O.O.O,325.1230000000001,-7.375299999999995,258.64,5.0,5.0,5.0,0.0,0.0,0.0,1.0,18.0,110.0,55.949000000000034,124.92667756966294,-1.408333210916678e-07,265.60226679448715,1.0999999999999999,0.0,14.0,12.0
I1T8O1JTL6,CN1CCN(CCCN2c3ccccc3Sc4ccc(cc42)Cl)CC1.C(=C/C(=O)O)/C(=O)O.C(=C/C(=O)O)/C(=O)O,606.0970000000004,4.003800000000001,158.92000000000002,4.0,8.0,8.0,2.0,2.0,4.0,0.2857142857142857,41.0,220.0,156.40019999999987,246.47726576335435,3.043939224382544e-07,1212.733474247734,-3.84,1.0,13.0,4.0
GFM415S5XL,c1ccc2c(c1)Cc3ccccc3N4C2CN=C4N.Cl,285.77799999999996,2.8886000000000007,41.62,1.0,3.0,0.0,2.0,2.0,4.0,0.1875,20.0,102.0,84.64740000000002,124.0847435817146,1.2099993968794735e-06,680.9271319283878,-1.9999999999999996,0.0,4.0,2.0
S535M27N3Q,Cc1cc2c(cc1C)n(cn2)[C@@H]3[C@@H]([C@@H]([C@@H](C[O-])O3)OP(=O)(O)O[C@H](C)CNC(=O)CC[C@]\4(C)[C@@H](CC(=O)N)[C@@H]5[C@@]6(C)[C@@](C)(CC(=O)N)[C@H](CCC(=O)N)C(=N6)/C(=C7/[C@@](C)(CC(=O)N)[C@H](CCC(=O)N)C(=N7)/C=C8/C(C)(C)[C@H](CCC(=O)N)C(=N8)/C(=C4\N5)/C)/C)[O-],1270.4369999999988,1.8992399999999947,465.67999999999995,9.0,18.0,26.0,2.0,6.0,8.0,0.6290322580645161,90.0,492.0,329.1591000000004,522.9485061406363,1.1948443565685027,3536.240235016325,-7.000000000000002,2.0,28.0,15.0
845NU6GJPS,C1[C@H]([C@@H]([C@H]([C@@]([H])([C@H]1N)O[C@@H]2[C@@H]([C@H]([C@@H]([C@@H](CO)O2)O)O)N)O[C@@]3([H])[C@@H]([C@@H]([C@@H](CO)O3)O[C@]4([H])[C@@H]([C@H]([C@@H]([C@H](CN)O4)O)O)N)O)O)N.OS(=O)(=O)O,713.7130000000005,-9.514500000000016,421.92,15.0,21.0,9.0,0.0,4.0,4.0,1.0,47.0,278.0,150.5648000000001,268.11695260193477,1.1141660497945646e-06,1074.9939892965044,-0.8900000000000001,4.0,24.0,20.0
N0A3Z5XTC6,CCN(Cc1ccncc1)C(=O)C(CO)c2ccccc2,284.359,2.2062,53.43000000000001,1.0,3.0,6.0,2.0,0.0,2.0,0.29411764705882354,21.0,110.0,81.59680000000004,124.61338751533033,2.1467826667170877,557.5174956355265,-2.1999999999999997,0.0,4.0,1.0
1W306TDA6S,CC(C)CN1CCC2(CC1)N=C3c4c5c(c(C)c6c4C(=O)[C@@](C)(O/C=C/[C@@H]([C@@H](C)[C@H]([C@H](C)[C@@H]([C@H](C)[C@H]([C@@H](C)/C=C/C=C(/C)\C(=O)NC(=C3N2)C5=O)O)O)OC(=O)C)OC)O6)O,847.0190000000002,4.615720000000006,205.54999999999995,5.0,14.0,4.0,1.0,5.0,6.0,0.5869565217391305,61.0,332.0,226.76479999999944,357.4793708970483,1.4908639254314904,2112.170633261089,-4.83,1.0,15.0,5.0
P380M0454Z,Cc1nnc(SCC2=C(C(=O)[O-])N3C(=O)[C@H]([C@@]3([H])SC2)NC(=O)Cn4cnnn4)s1.[Na+],476.50100000000015,-4.966779999999997,158.91999999999996,1.0,12.0,7.0,2.0,2.0,4.0,0.42857142857142855,30.0,152.0,100.24270000000001,204.08126018063473,2.5599961809393042e-06,997.2390133177353,-1.5200000000000005,1.0,16.0,1.0
0020414E5U,CN(C)c1ccc(c2c1C[C@@]3([H])C[C@@]4([H])[C@@H](C(=C(C(=O)[C@]4(C(=C3C2=O)O)O)C(=O)N)O)N(C)C)O.Cl,493.94400000000013,0.6084,164.63,5.0,9.0,3.0,1.0,3.0,4.0,0.43478260869565216,34.0,184.0,125.24910000000007,201.91287213816736,3.239995629081079e-06,1173.3401079481146,-3.080000000000001,0.0,11.0,6.0
6M97XTV3HD,CCCc1nc(c(C(=O)OCc2c(C)oc(=O)o2)n1Cc3ccc(cc3)-c4ccccc4-c5[nH]nnn5)C(C)(C)O,558.5950000000001,4.170020000000004,162.16,2.0,10.0,10.0,5.0,0.0,5.0,0.3103448275862069,41.0,212.0,146.7189999999998,234.5514153152196,1.4794908396238184,1707.8291340394808,-4.839999999999999,0.0,12.0,2.0
P1QW714R7M,CC(C)Cn1cnc2c1c3ccccc3nc2N,240.31,2.8227,56.730000000000004,1.0,3.0,2.0,3.0,0.0,3.0,0.2857142857142857,18.0,92.0,74.28440000000002,105.45281920706918,2.3960082511257843,712.2091703961676,-2.1,0.0,4.0,2.0
O0J6XJN02I,C[C@@]12CC[C@@]3([H])[C@@]([H])(CC[C@]4([H])[C@]3(C)C=CC(=O)N4)[C@]2([H])CC[C@@H]1C(=O)Nc5cc(ccc5C(F)(F)F)C(F)(F)F,528.5370000000001,6.576100000000006,58.2,2.0,2.0,2.0,1.0,4.0,5.0,0.6296296296296297,37.0,202.0,124.02240000000005,210.79824086038562,1.3996383556433798,1144.6860218588804,-2.5199999999999987,3.0,10.0,2.0
TN9BEX005G,CC[C@H](C)[C@@H](C(=O)N1CCC[C@H]1C(=O)N[C@@H](CCC(=O)O)C(=O)N[C@@H](CCC(=O)O)C(=O)N[C@@H](CC2=CC=C(C=C2)O)C(=O)N[C@@H](CC(C)C)C(=O)O)NC(=O)[C@H](CCC(=O)O)NC(=O)[C@H](CCC(=O)O)NC(=O)[C@H](CC3=CC=CC=C3)NC(=O)[C@H](CC(=O)O)NC(=O)CNC(=O)[C@H](CC(=O)N)NC(=O)CNC(=O)CNC(=O)CNC(=O)CNC(=O)[C@@H]4CCCN4C(=O)[C@H](CCCNC(=N)N)NC(=O)[C@@H]5CCCN5C(=O)[C@@H](CC6=CC=CC=C6)N,2180.317000000001,-8.11642999999994,901.5700000000002,28.0,29.0,66.0,3.0,3.0,6.0,0.5408163265306123,155.0,848.0,539.8094000000017,887.814859311526,1.052628361033579,5529.131045889669,-17.08999999999999,3.0,57.0,31.0
0I55128JYK,Cn1c2c(c(=O)n(C)c1=O)nc[nH]2,180.167,-1.0397000000000005,72.68,1.0,3.0,0.0,2.0,0.0,2.0,0.2857142857142857,13.0,68.0,46.575700000000005,72.4540434171574,3.2118538130352214,574.1705593822572,-1.8499999999999999,0.0,6.0,1.0
R9400W927I,CC(=O)N1CCN(CC1)c2ccc(cc2)OC[C@@H]3CO[C@@](Cn4ccnc4)(c5ccc(cc5Cl)Cl)O3,531.4400000000003,4.205800000000003,69.06,0.0,6.0,7.0,3.0,2.0,5.0,0.38461538461538464,36.0,190.0,137.5959999999999,219.8154299542199,1.217537201434065,1183.1646774789097,-2.779999999999999,2.0,10.0,0.0
W9WZN9A0GM,c1ccc(cc1)C(=O)OOC(=O)c2ccccc2,242.23,2.615400000000001,52.6,0.0,4.0,2.0,2.0,0.0,2.0,0.0,18.0,90.0,63.71500000000003,103.69781152919381,1.9296630435110773,482.7351541205121,-2.6199999999999997,0.0,4.0,0.0
WMJ8TL7510,CN1[C@H]2CC[C@@H]1C[C@@H](C2)OC(c3ccccc3)c4ccccc4.CS(=O)(=O)O,403.5440000000001,3.921800000000003,66.84,1.0,4.0,4.0,2.0,2.0,4.0,0.45454545454545453,28.0,152.0,110.87960000000008,167.63410222574882,4.0304340913248905e-07,779.8551789632434,-1.7299999999999995,2.0,6.0,1.0
6PLQ3CP4P3,C[C@@H]1OC[C@]2([H])[C@]([H])([C@@H]([C@H]([C@@]([H])(O2)O[C@@H]3c4cc5c(cc4[C@@H](c6cc(c(c(c6)OC)O)OC)[C@]7([H])[C@]3([H])COC7=O)OCO5)O)O)O1,588.5620000000005,1.3385999999999998,160.82999999999998,3.0,13.0,5.0,2.0,5.0,7.0,0.5517241379310345,42.0,226.0,138.34539999999998,240.22948792485096,1.318237005438901,1352.5325604550394,-3.3300000000000005,3.0,13.0,3.0
5B307S63B2,CCC(=O)OCC(=O)[C@]1([C@@H](C)C[C@@]2([H])[C@]3([H])CCC4=CC(=O)C=C[C@]4(C)[C@]3([C@H](C[C@@]21C)O)Cl)OC(=O)CC,521.0500000000003,4.086800000000004,106.97,1.0,7.0,6.0,0.0,4.0,4.0,0.7142857142857143,36.0,198.0,133.0178,217.16083627631906,1.801524168042904,1048.4984065372723,-1.99,3.0,8.0,1.0
98IMH7M386,CN(C)C(=O)Oc1cccc(c1)[N+](C)(C)C.COS(=O)(=O)[O-],334.394,1.0367000000000002,95.97,0.0,6.0,3.0,1.0,0.0,1.0,0.46153846153846156,22.0,126.0,82.42520000000005,130.94772034596068,6.256249567585972e-07,592.7930324459787,-1.6799999999999997,0.0,9.0,0.0
M0XW1UBI14,C[C@@]12CCC(=O)C=C2CC[C@@]3([H])[C@]4([H])CC[C@@H]([C@@]4(C)CC[C@@]31[H])OC(=O)CCC5CCCC5,412.6140000000003,6.400500000000007,43.370000000000005,0.0,3.0,4.0,0.0,5.0,5.0,0.8518518518518519,30.0,166.0,117.7820000000001,181.9455766319054,1.254035658319963,732.3902102956508,-1.12,4.0,3.0,0.0
Q40Q9N063P,CC(=O)O,60.05200000000001,0.09089999999999993,37.3,1.0,1.0,0.0,0.0,0.0,0.0,0.5,4.0,24.0,13.309800000000001,24.059948994465934,2.8030394876740514,27.019550008653873,-0.53,0.0,2.0,1.0
M4I0D6VV5M,[Ca+2].[Cl-].[Cl-].O.O,147.01399999999998,-8.022199999999998,63.0,0.0,0.0,0.0,0.0,0.0,0.0,0.0,5.0,32.0,12.981599999999998,72.75193911705549,-0.0,7.609640474436813,1.7597402597402598,0.0,5.0,4.0
RPR1R4C0P4,c1cc(ccc1C(=O)N[C@@H](CCC(=O)[O-])C(=O)[O-])NCC2CNc3c(c(=O)nc(N)[nH]3)N2C=O.[Ca+2],511.50800000000015,-3.781299999999997,225.5,5.0,11.0,10.0,2.0,1.0,3.0,0.3,35.0,180.0,121.27870000000006,227.83254019576614,4.319991053619179e-06,1155.5009615412487,-3.360259740259741,0.0,15.0,6.0
1014KSJ86F,CC[C@@H]1[C@](C)([C@@H]([C@@H](C)C(=O)[C@H](C)C[C@](C)([C@@]([H])([C@@H](C)[C@@]([H])([C@@H](C)C(=O)O1)O[C@H]2C[C@](C)([C@H]([C@H](C)O2)O)OC)O[C@H]3[C@@H]([C@H](C[C@@H](C)O3)N(C)C)OC(=O)CCC(=O)OCC)O)O)O,862.0640000000001,2.6798000000000077,226.27999999999997,4.0,17.0,12.0,0.0,3.0,3.0,0.9069767441860465,60.0,348.0,215.99819999999912,355.5405452871168,2.215056633356374,1441.075609994207,-2.3200000000000007,3.0,17.0,4.0
6326W0DRHY,CCCCC(CC)CCC(CC(C)C)OS(=O)(=O)O,294.45700000000005,4.217100000000003,63.60000000000001,1.0,3.0,11.0,0.0,0.0,0.0,1.0,19.0,116.0,78.41660000000007,118.43468363059094,4.297435865722611,311.40765384662166,-0.13000000000000003,0.0,5.0,1.0
J13S2394HE,S(=O)(=O)(O)O.[N@@]12C[C@H](C=C)[C@@H](CC1)C[C@]2([H])[C@@H](O)c3ccnc4c3cc(cc4)OC.O.[N@]12C[C@@H]([C@H](C[C@]1([H])[C@H](c3ccnc4c3cc(cc4)OC)O)CC2)C=C.O,782.957,4.044200000000005,228.77999999999997,4.0,10.0,8.0,4.0,6.0,10.0,0.45,55.0,300.0,211.45859999999948,321.85758629515874,2.1134451030407502e-07,1896.8229500132404,-4.0299999999999985,6.0,15.0,8.0
VZI5B1W380,c1ccc2c(c1)CC(=O)c3ccccc3N2C(=O)N,252.273,2.642199999999999,63.400000000000006,1.0,2.0,0.0,2.0,1.0,3.0,0.06666666666666667,19.0,94.0,72.64090000000003,110.00026108252523,2.3164023693608686,679.3507213541043,-2.62,0.0,4.0,2.0
91A0K1TY3Z,CCC(=O)O[C@@]1([C@@H](C)C[C@@]2([H])[C@]3([H])C[C@@H](C4=CC(=O)C=C[C@]4(C)[C@]3([C@H](C[C@@]21C)O)F)F)C(=O)CCl,484.9670000000002,4.0511000000000035,80.67000000000002,1.0,5.0,4.0,0.0,4.0,4.0,0.72,33.0,182.0,118.02180000000007,197.12201340943102,1.8800796904117036,964.4439427634486,-1.5999999999999999,3.0,8.0,1.0
2XLN4Y044H,CNC(=O)c1cnn(c1)-c2nc(c3c(n2)n(cn3)[C@H]4[C@@H]([C@@H]([C@@H](CO)O4)O)O)N,390.3600000000001,-2.434699999999998,186.46,5.0,10.0,4.0,3.0,1.0,4.0,0.4,28.0,148.0,93.25700000000002,156.95175627871262,1.770808227691828,1032.784989556204,-3.1300000000000003,1.0,13.0,6.0
5965120SH1,C1CCN(CC1)c2cc(N)[n+](c(N)n2)[O-],209.25299999999996,-0.1302999999999993,95.11,2.0,5.0,1.0,1.0,1.0,2.0,0.5555555555555556,15.0,82.0,58.08580000000001,88.0874373023419,2.27402509492688,338.5154908716174,-1.72,1.0,6.0,4.0
1Y58DO4MY1,CNCCCN1c2ccccc2CCc3ccccc31.Cl,302.849,3.954600000000004,15.27,1.0,2.0,4.0,2.0,1.0,3.0,0.3333333333333333,21.0,112.0,93.08970000000005,133.13510796477226,1.6133323159562277e-06,535.4359389064937,-1.5099999999999993,0.0,3.0,1.0
3X7931PO74,CC(=O)OCC(=O)[C@]1(CC[C@@]2([H])[C@]3([H])CCC4=CC(=O)CC[C@]4(C)[C@@]3([H])[C@H](C[C@@]21C)O)O,404.5030000000002,2.352400000000001,100.9,2.0,6.0,3.0,0.0,4.0,4.0,0.782608695652174,29.0,160.0,104.68960000000006,171.24162893228396,1.654619513821176,786.2375645587604,-1.53,3.0,6.0,2.0
E7WED276I5,c1nc2c([nH]1)nc[nH]c2=S.O,170.19699999999997,0.19078999999999968,88.86,2.0,3.0,0.0,2.0,0.0,2.0,0.0,11.0,58.0,42.6872,66.82070569070527,6.049999197916776e-07,405.7746642473436,-1.2700000000000002,0.0,6.0,4.0
J220T4J9Q2,C1=C[C@@H](C[C@@H]1CO)n2cnc3c(NC4CC4)nc(N)nc32.C1=C[C@@H](C[C@@H]1CO)n2cnc3c(NC4CC4)nc(N)nc32.OS(=O)(=O)O,670.7570000000002,1.5318000000000016,278.36000000000007,8.0,14.0,8.0,4.0,4.0,8.0,0.5,47.0,252.0,173.6771999999998,269.1859146815698,1.4421768337667276e-07,1772.4340475766746,-4.43,2.0,19.0,10.0
7M458Q65S3,c1(c(N)nc(c(Cl)n1)N)C(=O)NC(=N)N.Cl,266.092,-0.66053,156.79,5.0,6.0,1.0,1.0,0.0,1.0,0.0,16.0,88.0,62.49509999999998,101.47335016356907,2.2499991510003338e-06,435.13038195635494,-1.7999999999999998,0.0,10.0,8.0
TJ2M0FR8ES,CC1=C[C@]2([H])[C@]([H])(CC[C@@]3(C)[C@@]2([H])CC[C@@]3(C(=O)C)OC(=O)C)[C@@]4(C)CCC(=O)C=C14,384.5160000000002,4.575300000000004,60.440000000000005,0.0,4.0,2.0,0.0,4.0,4.0,0.7083333333333334,28.0,152.0,106.41100000000007,167.32850051010428,1.7900315303594405,820.4617842103514,-1.71,2.0,4.0,0.0
PO572Z7917,CCCN(CCC)S(=O)(=O)c1ccc(cc1)C(=O)O,285.365,2.1955,74.68,1.0,3.0,7.0,1.0,0.0,1.0,0.46153846153846156,19.0,106.0,72.74210000000005,113.46236333513149,3.0653305378819273,516.0791280132663,-1.4,0.0,6.0,1.0
U96OL57GOY,CCCOc1ccc(cc1N)C(=O)OCCN(CC)CC.Cl,330.85599999999994,2.978000000000002,64.78999999999999,1.0,5.0,9.0,1.0,0.0,1.0,0.5625,22.0,126.0,91.95890000000004,138.7222544422861,4.409995956978909e-06,451.0171008768562,-1.46,0.0,6.0,2.0
HC3NX54582,C(CNCCNCCN)N.Cl.Cl,219.16000000000003,-1.0733999999999995,76.1,4.0,4.0,7.0,0.0,0.0,0.0,1.0,12.0,78.0,58.34420000000002,86.64965386615293,-4.0499993587501057e-07,57.50977500432693,0.41999999999999993,0.0,6.0,6.0
43DWT87QT7,C[C@@H](Cc1ccccc1)N(C)Cc2ccccc2.Cl,275.8229999999999,4.171400000000005,3.24,0.0,1.0,5.0,2.0,0.0,2.0,0.29411764705882354,19.0,102.0,84.76500000000006,122.22613482029685,1.804998832450775e-06,409.70298541573914,-1.3099999999999996,0.0,2.0,0.0
F39049Y068,CN1CCc2cccc-3c2[C@@]1([H])Cc4ccc(c(c43)O)O.CN1CCc2cccc-3c2[C@@]1([H])Cc4ccc(c(c43)O)O.Cl.Cl.O,625.5930000000004,5.71870000000001,118.9,4.0,6.0,0.0,4.0,4.0,8.0,0.29411764705882354,43.0,228.0,174.08299999999969,263.7181557037715,1.8399999577275373e-07,1554.5955380740313,-3.4599999999999986,0.0,9.0,6.0
IA7306519N,C1[C@H]([C@]2([H])[C@@]([H])([C@H](CO2)O[N+](=O)[O-])O1)O[N+](=O)[O-],236.13599999999997,-1.0621999999999998,123.20000000000002,0.0,8.0,4.0,0.0,2.0,2.0,1.0,16.0,90.0,43.214800000000025,88.22050865473719,1.9481182350126691,278.90366073218416,-1.68,2.0,10.0,0.0
901AS54I69,CCC(=O)NCC[C@@H]1CCc2ccc3c(CCO3)c21,259.34899999999993,2.5676000000000005,38.33,1.0,2.0,4.0,1.0,2.0,3.0,0.5625,19.0,102.0,74.62070000000004,113.89409146956329,1.7117046375333898,495.7674548036702,-1.5100000000000002,0.0,3.0,1.0
M41W832TA3,CN1CCC[C@@H]1Cc2c[nH]c3ccc(CCS(=O)(=O)c4ccccc4)cc23.Br,463.4410000000001,4.398900000000005,53.17,1.0,3.0,6.0,3.0,1.0,4.0,0.36363636363636365,28.0,150.0,120.17550000000004,177.19096220439152,2.2499972267535586e-06,1031.1311888867267,-1.6299999999999994,1.0,6.0,1.0
FVF865388R,c1cc2CCc3cc(ccc3C(=C4CCNCC4)c2nc1)Cl,310.828,4.018900000000003,24.92,1.0,2.0,0.0,2.0,2.0,4.0,0.3157894736842105,22.0,112.0,91.22270000000003,135.7795452929274,1.9778513675729847,740.850445001187,-1.6399999999999997,1.0,3.0,1.0
75R0U2568I,C[C@H]([C@@H](CO)NC(=O)[C@@H]1CSSC[C@@H](C(=O)N[C@@H](Cc2ccccc2)C(=O)N[C@H](Cc3c[nH]c4ccccc34)C(=O)N[C@@H](CCCCN)C(=O)N[C@@H]([C@@H](C)O)C(=O)N1)NC(=O)[C@@H](Cc5ccccc5)N)O,1019.2609999999997,-0.8053999999999961,332.2199999999999,13.0,14.0,17.0,4.0,1.0,5.0,0.4489795918367347,71.0,384.0,272.0537999999995,419.702261421603,1.5644146079692673,2395.2533183157634,-6.01,1.0,22.0,15.0
36S3EQV54C,c1ccc(cc1)C2=NCc3nncn3-c4ccc(cc42)Cl,294.745,3.271700000000002,43.07,0.0,3.0,1.0,3.0,1.0,4.0,0.0625,21.0,102.0,82.15400000000002,126.29511475753817,1.9961465411984811,836.4931314625339,-2.4599999999999995,0.0,5.0,0.0
AO61G82577,c1ccc(cc1)C(CCN2CCCCC2)(C3CCCCC3)O.Cl,337.935,4.752300000000006,23.47,1.0,2.0,5.0,1.0,2.0,3.0,0.7,23.0,130.0,99.06980000000006,147.23609108893982,1.919998326401523e-06,440.2147124660511,-0.5700000000000001,2.0,3.0,1.0
SML2Y3J35T,CC(=O)N[C@H]1CCc2cc(c(c(c2-c3ccc(c(=O)cc31)OC)OC)OC)OC,399.44300000000015,2.8716000000000017,83.09000000000002,1.0,6.0,5.0,2.0,1.0,3.0,0.36363636363636365,29.0,154.0,109.23470000000006,169.1047200632566,2.414127979948404,1001.3949196223746,-3.22,0.0,7.0,1.0
F4216019LN,CCCSc1ccc2c(c1)[nH]c(n2)NC(=O)OC,265.338,3.2433000000000005,67.01,2.0,4.0,4.0,2.0,0.0,2.0,0.3333333333333333,18.0,96.0,73.13640000000002,109.31462616369994,2.193990274175509,553.2461408183979,-1.69,0.0,6.0,2.0
WR978S7QHH,CN(C)CCc1c[nH]c2ccc(cc12)Cn3cncn3.c1ccc(cc1)C(=O)O,391.4750000000001,3.2966000000000015,87.04,2.0,4.0,6.0,4.0,0.0,4.0,0.22727272727272727,29.0,150.0,113.08200000000005,169.1743712846339,2.2431942986905772e-07,1039.7127930990332,-3.4499999999999997,0.0,7.0,2.0
MFM6K1XWDK,CNC1=Nc2ccc(cc2C(=[N+](C1)[O-])c3ccccc3)Cl.Cl,336.2219999999999,3.372500000000002,50.459999999999994,1.0,3.0,1.0,2.0,1.0,3.0,0.125,22.0,114.0,93.00210000000001,139.6975450026469,1.7633322718839947e-06,742.3110677566153,-2.039999999999999,0.0,6.0,1.0
JQT35NPK6C,CCc1ccc(CCOc2ccc(cc2)CC3C(=O)NC(=O)S3)nc1.Cl,392.90799999999996,3.5814000000000017,68.28999999999999,1.0,5.0,7.0,2.0,1.0,3.0,0.3157894736842105,26.0,138.0,105.12570000000002,162.88450595926827,2.429996878354155e-06,750.3844793146413,-2.0499999999999994,1.0,7.0,1.0
6995V82D0B,C[C@@]12CCC(=O)C=C2C[C@H]([C@@]3([H])[C@]4([H])CC[C@@]5(CCC(=O)O5)[C@@]4(C)C[C@@H]6[C@@]31O6)C(=O)OC,414.4980000000002,3.124500000000002,82.2,0.0,6.0,1.0,0.0,6.0,6.0,0.7916666666666666,30.0,162.0,105.15300000000006,176.23353169424388,1.4890873051174243,907.3722284431035,-1.69,5.0,6.0,0.0
PG20W5VQZS,CN1CCN(CCCN2c3ccccc3Sc4ccc(cc42)Cl)CC1.C(CS(=O)(=O)O)S(=O)(=O)O,564.1510000000004,3.342200000000001,118.46,2.0,8.0,7.0,2.0,2.0,4.0,0.45454545454545453,35.0,194.0,140.40819999999997,216.09523659893625,2.9229997146733e-07,1186.692022326222,-1.38,1.0,13.0,2.0
N8E7F7Q170,CCOC(=O)C1(CCN(C)CC1)c2ccccc2.Cl,283.799,2.6349000000000014,29.54,0.0,3.0,3.0,1.0,1.0,2.0,0.5333333333333333,19.0,106.0,78.73200000000004,120.89804524784067,1.8049990200755546e-06,399.8664181181494,-1.06,1.0,4.0,0.0
EH6D7113I8,CCC[C@@H]1C[C@@H](C(=O)N[C@]([H])([C@H](C)Cl)[C@]2([H])[C@@H]([C@@H]([C@H]([C@H](O2)SC)OP(=O)(O)O)O)O)N(C)C1,504.9700000000002,0.5065000000000002,148.79000000000002,5.0,8.0,9.0,0.0,2.0,2.0,0.9444444444444444,31.0,182.0,117.78540000000008,191.7828350138884,2.149782927985857,654.0492858296864,0.05999999999999992,2.0,13.0,5.0
O3FX965V0I,CC(=O)Nc1nnc(s1)S(=O)(=O)N,222.251,-0.8561000000000003,115.04,2.0,6.0,2.0,1.0,0.0,1.0,0.25,13.0,72.0,45.5859,78.02145102207902,2.9386914588268507,422.35246826398924,-1.06,0.0,9.0,3.0
DA87705X9K,C#Cc1cccc(c1)Nc2c3cc(c(cc3ncn2)OCCOC)OCCOC,393.4430000000003,3.405100000000002,74.73000000000002,1.0,7.0,10.0,3.0,0.0,3.0,0.2727272727272727,29.0,150.0,111.93970000000004,169.53226322785696,1.9569167353908146,1001.0042022970773,-3.3400000000000003,0.0,7.0,1.0
F94OW58Y8V,CC[C@@H]1[C@@]([C@@H]([C@H](N(C[C@@H](C[C@@]([C@@H]([C@H]([C@@H]([C@H](C(=O)O1)C)O[C@H]2C[C@@]([C@H]([C@@H](O2)C)O)(C)OC)C)O[C@H]3[C@@H]([C@H](C[C@H](O3)C)N(C)C)O)(C)O)C)C)C)O)(C)O,748.9960000000002,1.9007000000000054,180.07999999999998,5.0,14.0,7.0,0.0,3.0,3.0,0.9736842105263158,52.0,306.0,194.1789999999994,311.5582453783882,2.174897674367485,1143.2996076325867,-1.0100000000000005,3.0,14.0,5.0
YO1UK1S598,CC(C)OC(=O)C1=C(C)NC(=C(C1c2cccc3c2non3)C(=O)OC)C,371.39300000000014,2.5822000000000003,103.55,1.0,8.0,4.0,2.0,1.0,3.0,0.3684210526315789,27.0,142.0,96.32470000000004,155.70861260070822,2.256030791996199,970.6353668663123,-3.16,0.0,8.0,1.0
7H6TM3CT4L,C[C@@]12COC(=O)C[C@]2([H])CC[C@]3([H])[C@]1([H])CC[C@@]4(C)[C@@]3([H])CC[C@]4(C)O,306.446,3.543100000000003,46.53,1.0,3.0,0.0,0.0,4.0,4.0,0.9473684210526315,22.0,124.0,84.07580000000006,133.35418555459825,1.6491052314133703,498.90876402209955,-0.5700000000000001,4.0,3.0,1.0
A034SE7857,CC1=C(C(=O)C2=CC=CC=C2C1=O)C/C=C(\C)/CCC[C@H](C)CCC[C@H](C)CCCC(C)C,450.70700000000033,9.1576,34.14,0.0,2.0,14.0,1.0,1.0,2.0,0.6129032258064516,33.0,182.0,140.89599999999993,202.49296296160202,1.7057611810772864,855.4291361443762,-1.96,0.0,2.0,0.0
0KJ2VE664U,CC(C)N1CCN(CC1)c2ccc(cc2)OC[C@@H]3CO[C@@](Cn4cncn4)(c5ccc(cc5Cl)Cl)O3,532.4720000000002,4.462700000000003,64.88000000000001,0.0,7.0,8.0,3.0,2.0,5.0,0.46153846153846156,36.0,192.0,139.84599999999986,221.20695151792395,1.214204007681627,1136.991236906949,-2.3599999999999994,2.0,10.0,0.0
U347PV74IL,c1cn([C@H]2C([C@@H]([C@@H](CO)O2)O)(F)F)c(=O)nc1N,263.2,-1.2886000000000004,110.6,3.0,6.0,2.0,1.0,1.0,2.0,0.5555555555555556,18.0,100.0,54.85900000000001,99.43404632324697,2.419121977701634,506.83126955905954,-1.5800000000000003,1.0,9.0,4.0
9IY2357JPE,CCN(C)C(=O)Oc1cccc(c1)[C@H](C)N(C)C.[C@@H]([C@H](C(=O)O)O)(C(=O)O)O,400.4280000000001,0.6371,147.84,4.0,7.0,7.0,1.0,0.0,1.0,0.5,28.0,158.0,100.15720000000007,163.1112535246144,6.209999692166685e-07,646.7406129487495,-2.69,0.0,10.0,4.0
86P6PQK0MU,COc1cc2c(cc1OC)nc(nc2N)N3CCN(CC3)C(=O)C4COc5ccccc5O4.CS(=O)(=O)O,547.5900000000004,1.2218000000000007,166.64,2.0,11.0,4.0,3.0,2.0,5.0,0.375,38.0,204.0,139.6729999999999,219.35694487515752,6.167391710100547e-07,1418.823182712462,-4.040000000000001,1.0,14.0,3.0
NW2RTH6T2N,CCC(=O)O[C@H](C(C)C)O[P@](=O)(CCCCc1ccccc1)CC(=O)N2C[C@@H](C[C@H]2C(=O)[O-])C3CCCCC3.[Na+],585.654,1.7906000000000024,113.03999999999999,0.0,7.0,14.0,1.0,2.0,3.0,0.7,40.0,218.0,148.00449999999987,261.2337455204341,5.603319074937844e-06,999.0311927200745,-1.1799999999999997,2.0,10.0,0.0
7AJO3BO7QN,CCOC(=O)N1CCC(=C2c3ccc(cc3CCc4cccnc42)Cl)CC1,382.8910000000001,4.887800000000005,42.43,0.0,3.0,1.0,2.0,2.0,4.0,0.36363636363636365,27.0,140.0,106.94800000000005,164.35941045226318,1.7553254108779224,896.9358326942499,-2.329999999999999,1.0,5.0,0.0
BJ4HF6IU1D,CC(C)NCC(COc1cccc2c1cc[nH]2)O,248.32600000000002,1.9055999999999997,57.28,3.0,3.0,6.0,2.0,0.0,2.0,0.42857142857142855,18.0,98.0,72.93920000000003,106.96952192393705,1.9143095421480516,493.2545779023451,-1.5199999999999998,0.0,4.0,3.0
51G6I8B902,CC1(C)C(=O)N(c2ccc(c(c2)C(F)(F)F)[N+](=O)[O-])C(=O)N1,317.223,2.4484000000000004,92.55000000000001,1.0,4.0,2.0,1.0,1.0,2.0,0.3333333333333333,22.0,118.0,68.1951,121.39754663752483,2.5729027020200768,684.6843211615159,-2.6500000000000004,1.0,10.0,1.0
FXC9231JVH,C[C@H](CCCC(C)(C)O)[C@@]1([H])CC[C@@]2([H])/C(=C/C=C\3/C[C@H](C[C@@H](C3=C)O)O)/CCC[C@]12C,416.6460000000003,5.704700000000008,60.69,3.0,3.0,6.0,0.0,3.0,3.0,0.7777777777777778,30.0,170.0,124.03840000000007,183.52414470158894,1.7009505519736976,682.7119726280486,-0.9000000000000001,3.0,3.0,3.0
99DK7FVK1H,Cc1ccnc2c1NC(=O)c3cccnc3N2C4CC4,266.30400000000003,2.6512200000000004,58.120000000000005,1.0,4.0,1.0,2.0,2.0,4.0,0.26666666666666666,20.0,100.0,76.32520000000002,116.21205950623377,2.0018389097081015,708.7697433173414,-2.43,1.0,5.0,1.0
KVI301NA53,CN(C)C(=O)Oc1ccc[n+](C)c1.[Br-],261.11899999999997,-2.4244999999999974,33.42,0.0,2.0,1.0,1.0,0.0,1.0,0.3333333333333333,14.0,78.0,47.32900000000003,93.86839415682672,1.689999454975181e-06,315.4351933554375,-1.1,0.0,5.0,0.0
A61RXM4375,Cc1cc2c(cc1C(=C)c3ccc(cc3)C(=O)O)C(C)(C)CCC2(C)C,348.4860000000002,6.103720000000006,37.3,1.0,1.0,3.0,2.0,1.0,3.0,0.375,26.0,136.0,108.00230000000006,156.1281243648466,2.0860908096690327,883.1718169872788,-2.3499999999999996,0.0,2.0,1.0
9679TC07X4,II,253.808,1.7714,0.0,0.0,0.0,0.0,0.0,0.0,0.0,0.0,2.0,14.0,28.04,36.93454135198231,1.0,0.0,1.46,0.0,2.0,0.0
02F3473H9O,[Cl-].[Cl-].[Mg+2].O.O.O.O.O.O,203.30099999999996,-11.320999999999994,189.0,0.0,0.0,0.0,0.0,0.0,0.0,0.0,9.0,64.0,27.436799999999998,80.82908064358509,-0.0,11.019550008653876,1.1062337662337662,0.0,9.0,12.0
04079A1RDZ,c1cn([C@H]2[C@H]([C@@H]([C@@H](CO)O2)O)O)c(=O)nc1N,243.21899999999997,-2.5629999999999984,130.83,4.0,7.0,2.0,1.0,1.0,2.0,0.5555555555555556,17.0,94.0,55.91880000000001,95.89720926959052,2.3196952658217853,462.1897021796713,-1.4800000000000002,1.0,8.0,5.0
4G7DS2Q64Y,CC(=O)[C@H]1CC[C@@]2([H])[C@]3([H])CCC4=CC(=O)CC[C@]4(C)[C@@]3([H])CC[C@]12C,314.46900000000005,4.723500000000005,34.14,0.0,2.0,1.0,0.0,4.0,4.0,0.8095238095238095,23.0,126.0,90.88100000000006,139.6482098695481,1.6696033124820626,588.6489897976311,-0.9200000000000002,3.0,2.0,0.0
EOR26LQQ24,c1cc(ccc1[C@H](CC[C@@H]2[C@@H](c3ccc(cc3)O)N(c4ccc(cc4)F)C2=O)O)F,409.43200000000013,4.888300000000005,60.769999999999996,2.0,3.0,6.0,3.0,1.0,4.0,0.20833333333333334,30.0,154.0,108.81760000000004,172.57030714496705,1.5460770899142342,1019.8265077961433,-3.2499999999999987,1.0,6.0,2.0
Q3OKS62Q6X,CCCC1O[C@]2([H])C[C@@]3([H])[C@]4([H])CCC5=CC(=O)C=C[C@]5(C)[C@@]4([H])[C@H](C[C@]3(C)[C@]2(C(=O)CO)O1)O,430.5410000000002,2.716800000000002,93.06000000000002,2.0,6.0,4.0,0.0,5.0,5.0,0.76,31.0,170.0,112.86660000000006,183.22810210482677,1.5536140768455642,862.0735282455938,-1.34,4.0,6.0,2.0
BKE5Q1J60U,CN(C)CCCN1c2ccccc2CCc3ccccc31.Cl,316.87600000000003,4.296800000000005,6.48,0.0,2.0,4.0,2.0,1.0,3.0,0.3684210526315789,22.0,118.0,97.71700000000006,139.7100215657642,1.7633320877564743e-06,562.389107954436,-1.5099999999999993,0.0,3.0,0.0
7Z8O94ECSX,CN1CCC(=C2c3ccccc3CCn4c(cnc24)C=O)CC1,307.39700000000005,2.7792000000000012,38.13,0.0,3.0,1.0,2.0,2.0,4.0,0.3684210526315789,23.0,118.0,90.51350000000005,135.99678878908762,1.9373316575119197,777.6624552420687,-2.2,1.0,4.0,0.0
O90S49LDHH,CC(C)(C)NC[C@@H](COc1cccc2c1CCCC2=O)O.Cl,327.85200000000003,2.755200000000002,58.56,2.0,4.0,5.0,1.0,1.0,2.0,0.5882352941176471,22.0,124.0,90.21600000000004,138.21219174223455,2.4199979267768406e-06,511.1157811491842,-1.0999999999999999,0.0,5.0,2.0
TZ7V40X7VX,Cc1ccccc1N2C(C)Nc3cc(c(cc3C2=O)S(=O)(=O)N)Cl,365.8420000000001,2.7141200000000003,92.5,2.0,4.0,2.0,2.0,1.0,3.0,0.1875,24.0,126.0,93.89840000000002,144.81758539978287,2.167413797290446,943.5789765253189,-2.09,0.0,8.0,3.0
O414PZ4LPZ,c1ccc(c(c1)C(=O)O)O,138.12199999999999,1.0903999999999998,57.53,2.0,2.0,1.0,1.0,0.0,1.0,0.0,10.0,52.0,35.06609999999999,57.54633483832936,3.1529414466808685,254.78306142431708,-1.51,0.0,3.0,2.0
1DV05410M5,c1cc2c(COC(Cn3ccnc3)c4ccc(cc4Cl)Cl)csc2c(c1)Cl.[N+](=O)(O)[O-],500.79100000000005,6.668400000000004,90.42,1.0,5.0,6.0,4.0,0.0,4.0,0.15,31.0,162.0,121.83490000000005,196.0316486033726,6.27916489237433e-07,1163.9139747351087,-2.3599999999999994,0.0,11.0,1.0
0C50HW4FO1,Cc1cc(cc(C)c1Oc2c(c(N)nc(Nc3ccc(cc3)C#N)n2)Br)C#N,435.2850000000001,4.717400000000002,120.64000000000001,2.0,7.0,4.0,3.0,0.0,3.0,0.1,28.0,138.0,109.2891,170.10066102981094,1.939699195106058,1106.1535757595157,-3.6199999999999997,0.0,8.0,3.0
6AI06C00GW,c1cc2c(c(c1Cl)NC3=NCCN3)nsn2,253.718,1.7158,62.2,2.0,6.0,1.0,2.0,1.0,3.0,0.2222222222222222,16.0,82.0,66.3524,100.86221513104601,2.0617148602417172,564.0247287194559,-1.4,0.0,7.0,2.0
B8956S8609,COc1c2c(cc(c1N3C[C@]4([H])CCCN[C@]4([H])C3)F)c(=O)c(cn2C5CC5)C(=O)O.Cl.O,455.9140000000002,1.9676000000000005,115.3,2.0,5.0,4.0,2.0,3.0,5.0,0.5238095238095238,31.0,170.0,117.53780000000005,184.24440015043749,1.3612492490441868e-06,1057.3868563810554,-2.3600000000000008,3.0,10.0,4.0
56W8MW3EN1,CC(C)(C)[C@](C)([C@@]1([H])C[C@]23CC[C@@]1([C@@]4([H])[C@]53CCN(CC6CC6)[C@@H]2Cc7ccc(c(c75)O4)O)OC)O.Cl,504.1110000000003,4.8356000000000074,62.16000000000001,2.0,5.0,4.0,1.0,7.0,8.0,0.7931034482758621,35.0,194.0,137.44760000000005,215.5185697156022,2.2857110655285424e-06,1063.4968738706098,-1.01,5.0,6.0,2.0
40P7XK9392,CCOC(=O)c1c2CN(C)C(=O)c3cc(ccc3-n2cn1)F,303.293,1.7737,64.43,0.0,4.0,2.0,2.0,1.0,3.0,0.26666666666666666,22.0,114.0,75.27600000000002,125.67305724969157,2.1972538126479084,769.3883195618481,-2.6999999999999997,0.0,7.0,0.0
JJ768O327N,C[C@@H](Cc1ccccc1)N.C[C@@H](Cc1ccccc1)N.OS(=O)(=O)O,368.499,2.4998000000000005,126.64,4.0,4.0,4.0,2.0,0.0,2.0,0.3333333333333333,25.0,140.0,101.76820000000008,150.00146735131923,3.679999956556668e-07,606.4901251321179,-1.7699999999999996,0.0,7.0,6.0
MOR84MUD8E,C(CCCNC(=N)NC(=N)Nc1ccc(cc1)Cl)CCNC(=N)NC(=N)Nc2ccc(cc2)Cl.C([C@H]([C@H]([C@@H]([C@H](C(=O)O)O)O)O)O)O.C([C@H]([C@H]([C@@H]([C@H](C(=O)O)O)O)O)O)O,897.7680000000008,-2.810919999999994,444.48000000000013,22.0,16.0,19.0,2.0,0.0,2.0,0.47058823529411764,60.0,338.0,219.2985999999999,353.02984492825544,1.09550727447834e-06,1500.6590754182525,-4.96,0.0,26.0,22.0
IY90U61Z3S,C[C@@H]1CCN([C@H](C1)C(=O)O)C(=O)[C@H](CCCNC(=N)N)NS(=O)(=O)c2cccc3CC(C)CNc32.O,526.6600000000002,0.08787000000000533,209.20999999999998,6.0,6.0,9.0,1.0,2.0,3.0,0.6086956521739131,36.0,202.0,136.20860000000005,211.41722594759887,4.5633246191312025e-06,1065.173904696684,-2.8999999999999995,1.0,13.0,9.0
36H71644EQ,Cc1cnc(C[S@@+](c2[n-]c3ccc(cc3n2)OC)[O-])c(C)c1OC.Cc1cnc(C[S@@+](c2[n-]c3ccc(cc3n2)OC)[O-])c(C)c1OC.[Mg+2].O.O,749.167,3.0274800000000033,225.8,0.0,10.0,10.0,6.0,0.0,6.0,0.29411764705882354,51.0,268.0,196.96239999999958,317.7925454785876,3.338271491015397e-07,1916.0021179620853,-3.813766233766233,0.0,17.0,4.0
57WA9QZ5WH,CC(C)OC(=O)C1=C(C)NC(=C(C1c2cccc(c2)[N+](=O)[O-])C(=O)OCCOC)C,418.44600000000025,2.9708000000000014,117.0,1.0,8.0,8.0,1.0,1.0,2.0,0.42857142857142855,30.0,162.0,108.43610000000004,174.38701541226442,2.602707345966916,902.3708831618353,-3.2,0.0,9.0,1.0
81G6I5V05I,COC(=O)Nc1nc2ccc(cc2[nH]1)C(=O)c3ccccc3,295.298,2.972200000000001,84.07999999999998,2.0,4.0,3.0,3.0,0.0,3.0,0.0625,22.0,110.0,81.99590000000002,125.68024821564931,1.92608740987131,840.2231332611786,-3.149999999999999,0.0,6.0,2.0
0WW6D218XJ,CC[C@H]1[C@@H](Cc2cncn2C)COC1=O.Cl,244.72199999999998,1.5836,44.120000000000005,0.0,3.0,3.0,1.0,1.0,2.0,0.6363636363636364,16.0,90.0,62.390000000000036,101.41204935179681,1.2799994588669007e-06,364.62146523110465,-1.03,1.0,5.0,0.0
41X3PWK4O2,CC(C)[C@@H]1CC[C@H](CC1)C(=O)N[C@H](Cc2ccccc2)C(=O)O,317.4290000000001,3.2609000000000012,66.4,2.0,2.0,6.0,1.0,1.0,2.0,0.5789473684210527,23.0,126.0,89.99850000000006,137.83695958901527,1.8993992396172452,518.6760796740494,-1.8399999999999999,1.0,4.0,2.0
68717P8FUZ,CCCCC(=O)O[C@@]1(CC[C@@]2([H])[C@]3([H])CCC4=CC(=O)CC[C@]4(C)[C@@]3([H])[C@H](C[C@@]21C)O)C(=O)CO,446.5840000000003,3.5227000000000026,100.90000000000002,2.0,6.0,6.0,0.0,4.0,4.0,0.8076923076923077,32.0,178.0,118.54060000000008,190.33645527547378,1.6965009992258187,832.1737387340507,-1.53,3.0,6.0,2.0
2679MF687A,c1cc(cnc1)C(=O)O,123.11099999999996,0.7797999999999998,50.19,1.0,2.0,1.0,1.0,0.0,1.0,0.0,9.0,46.0,31.196299999999994,51.971749067079855,2.98145461404113,207.5576620543373,-1.38,0.0,3.0,1.0
NY22HMQ4BX,C=C1C[C@@]2([H])[C@]3([H])CCC(=O)[C@@]3(C)CC[C@]2([H])[C@@]4(C)C=CC(=O)C=C14,296.41,4.029500000000003,34.14,0.0,2.0,0.0,0.0,4.0,4.0,0.6,22.0,116.0,86.14600000000004,131.90406169078295,1.775914314819425,652.618395327054,-1.44,3.0,2.0,0.0
ZB22ENF0XR,CN(C)CC(c1ccc(cc1)O)C2(CCCCC2)O,263.3809999999999,2.732600000000002,43.7,2.0,3.0,4.0,1.0,1.0,2.0,0.625,19.0,106.0,77.43660000000004,115.42329428452923,2.2617899841737428,393.7148895501137,-1.06,1.0,3.0,2.0
5M8S2CU0TS,CCCc1nc(C)c2c(=O)nc(-c3cc(ccc3OCC)S(=O)(=O)N4CCN(CC)CC4)[nH]n12.Cl.O.O.O,579.1200000000003,0.018119999999999803,207.39999999999998,1.0,7.0,8.0,3.0,1.0,4.0,0.5217391304347826,38.0,216.0,147.90690000000004,227.75839355141272,3.422498646841189e-06,1354.275653923136,-2.5900000000000003,1.0,15.0,7.0
WF10491673,Cc1c(CSCCNC(=NC#N)NC)nc[nH]1,252.34700000000004,0.5973999999999997,88.88999999999999,3.0,4.0,5.0,1.0,0.0,1.0,0.5,17.0,92.0,69.59710000000003,104.92554288214419,2.1516938174131393,405.1737761568005,-1.68,0.0,7.0,3.0
9C05J6089W,Cc1c(=O)c2cccc(c2oc1-c3ccccc3)C(=O)OCCN4CCCCC4.Cl,427.9280000000003,4.832920000000006,59.75000000000001,0.0,5.0,5.0,3.0,1.0,4.0,0.3333333333333333,30.0,158.0,120.47850000000004,181.60314290969274,2.559996590404845e-06,1071.7512576103231,-2.63,1.0,6.0,0.0
6E7SN358SE,C=CC1=C(C(=O)O)N2C(=O)[C@H]([C@H]2SC1)NC(=O)/C(=N\O)/c3csc(N)n3,395.4220000000001,-0.17179999999999962,158.21000000000004,4.0,9.0,5.0,1.0,2.0,3.0,0.21428571428571427,26.0,136.0,94.73140000000001,154.61000062384147,1.7805932854020337,876.8334656726947,-2.8600000000000003,1.0,12.0,5.0
838F01T721,Cc1c(CCN2CCC(CC2)c3c4ccc(cc4on3)F)c(=O)n5CCCC(c5n1)O,426.4920000000002,3.081320000000002,84.39,1.0,6.0,4.0,3.0,2.0,5.0,0.5217391304347826,31.0,164.0,113.51380000000005,179.03353084764746,1.2396672702755924,1163.573356693954,-2.5800000000000005,1.0,8.0,1.0
3D867NP06J,CCCN[C@H]1CCc2c(C1)sc(N)n2.Cl.Cl.O,302.271,1.6010999999999997,82.44,2.0,4.0,3.0,1.0,1.0,2.0,0.7,17.0,102.0,78.7429,118.51687083223597,0.0,322.49969665988806,-0.07000000000000015,0.0,7.0,5.0
4S9CL2DY2H,c1cc2c(c(c1NC3=NCCN3)Br)nccn2.[C@@H]([C@H](C(=O)O)O)(C(=O)O)O,442.2260000000001,-0.3592000000000004,177.26,6.0,9.0,4.0,2.0,1.0,3.0,0.26666666666666666,27.0,144.0,98.45060000000005,160.46953208149054,2.2674508918964984e-07,858.8963631247142,-2.8300000000000005,0.0,12.0,6.0
JEI07OOS8Y,CC(C12CC3CC(CC(C3)C1)C2)N.Cl,215.76799999999994,2.9718000000000013,26.02,1.0,1.0,1.0,0.0,4.0,4.0,1.0,14.0,82.0,61.502400000000044,93.2291047751667,7.499997757500683e-07,189.07740641962386,0.24999999999999997,4.0,2.0,2.0
86Q357L16B,[Zn+2],65.39,-0.0025,0.0,0.0,0.0,0.0,0.0,0.0,0.0,0.0,1.0,0.0,0.0,20.251805802468564,0.0,0.0,0.6233766233766234,0.0,1.0,0.0
FTA7XXY4EZ,c1ccc2c(c1)N(CCCN3CCN(CC3)CCO)c4cc(ccc4S2)Cl,403.97900000000004,3.942700000000003,29.950000000000003,1.0,5.0,6.0,2.0,2.0,4.0,0.42857142857142855,27.0,144.0,113.60580000000003,170.26142506312505,1.4100209962913943,779.7720785762971,-1.2399999999999993,1.0,6.0,1.0
3H04W2810V,CC[P](CC)(CC)[Au+][S-][C@H]1[C@@H]([C@H]([C@@H]([C@@H](COC(=O)C)O1)OC(=O)C)OC(=O)C)OC(=O)C,678.4910000000001,2.1418999999999997,114.43,0.0,10.0,10.0,0.0,1.0,1.0,0.8,32.0,190.0,117.86400000000009,201.5249142058587,3.3305380621666227,2409.59377265203,-0.6397402597402597,1.0,12.0,0.0
0Y2S3XUQ5H,CCCCNc1cc(cc(c1Oc2ccccc2)S(=O)(=O)N)C(=O)O,364.4230000000001,3.0365,118.72000000000001,3.0,5.0,8.0,2.0,0.0,2.0,0.23529411764705882,25.0,134.0,94.68820000000007,146.03303775232652,2.5918035858395356,850.8419702178361,-2.5799999999999996,0.0,8.0,4.0
BO9LE4QFZF,Cc1cn([C@H]2C=C[C@@H](CO)O2)c(=O)[nH]c1=O,224.21599999999998,-0.7090799999999999,84.32,2.0,4.0,2.0,1.0,1.0,2.0,0.4,16.0,86.0,56.19550000000001,90.8057122504419,2.3618874941980867,528.3559464826387,-1.66,0.0,6.0,2.0
2LXW0L6GWJ,CN(C)CCCN1c2ccccc2CCc3ccc(cc31)Cl.Cl,351.32099999999997,4.950200000000005,6.48,0.0,2.0,4.0,2.0,1.0,3.0,0.3684210526315789,23.0,124.0,102.72700000000005,150.01328779264588,1.91999855066781e-06,655.5679142894812,-1.2199999999999993,0.0,4.0,0.0
762RDY0Y2H,C([C@@H]1[C@H]([C@@H]([C@H](n2cnc3c(N)nc(Cl)nc32)O1)F)O)O,303.681,-0.34940000000000015,119.31000000000002,3.0,7.0,2.0,2.0,1.0,3.0,0.5,20.0,108.0,66.64399999999999,116.52072798085467,2.0706641278559674,653.0999260663427,-1.55,1.0,10.0,4.0
X6Q56QN5QC,C(=O)(N)NO,76.05499999999999,-0.9561000000000002,75.35000000000001,3.0,2.0,0.0,0.0,0.0,0.0,0.0,5.0,30.0,14.5056,28.538798260168065,2.8473789230876716,42.91260938324327,-0.77,0.0,4.0,4.0
69K7K19H4L,c1ccc(cc1)[C@H](C(=O)N[C@@H]2C(=O)N3C(=C(CS[C@]23[H])Cl)C(=O)O)N.O,385.8290000000001,-0.20340000000000008,144.23000000000002,3.0,5.0,4.0,1.0,2.0,3.0,0.26666666666666666,25.0,134.0,92.52170000000004,151.85013309363646,2.253331048585718e-06,741.942193206205,-2.0699999999999994,1.0,10.0,6.0
NJJ0475N0S,CCCC(C)C1(CC)C(=O)NC(=O)[N-]C1=O.[Na+],248.258,-1.0268999999999984,77.34,1.0,3.0,4.0,0.0,1.0,1.0,0.7272727272727273,17.0,90.0,58.70070000000003,123.38053130832574,2.559998880800511e-06,310.678232994082,-0.3899999999999999,1.0,6.0,1.0
XF417D3PSL,C(C(=O)O)C(CC(=O)O)(C(=O)O)O,192.12300000000002,-1.2485,132.13,4.0,4.0,5.0,0.0,0.0,0.0,0.5,13.0,74.0,37.09119999999999,72.22546290872793,4.619312134964085,227.36732222044088,-1.63,0.0,7.0,4.0
1J444QC288,CCOC(=O)C1=C(COCCN)NC(=C(C1c2ccccc2Cl)C(=O)OC)C,408.8820000000001,2.2663,99.88000000000001,2.0,7.0,8.0,1.0,1.0,2.0,0.4,28.0,152.0,105.57710000000004,169.01225449926238,2.6736251384965306,803.5407141752963,-2.3499999999999996,0.0,8.0,3.0
AN164J8Y0X,COc1cc(Cc2cnc(N)nc2N)cc(c1OC)OC,290.32300000000004,1.2575999999999998,105.51,2.0,7.0,5.0,2.0,0.0,2.0,0.2857142857142857,21.0,112.0,79.76080000000003,122.40797882758649,2.397562137428135,621.1065134129683,-2.7,0.0,7.0,4.0
V13007Z41A,CCN(CC)CC(=O)Nc1c(C)cccc1C.Cl.O,288.819,2.180840000000001,63.84,1.0,2.0,5.0,1.0,0.0,1.0,0.5,19.0,110.0,83.19550000000004,121.45600466948882,0.0,372.7823960130809,-1.1,0.0,5.0,3.0
1678OK0E08,COC(=O)[C@H](c1ccccc1)[C@@]2([H])CCCCN2.Cl,269.77199999999993,2.5071000000000008,38.33,1.0,3.0,3.0,1.0,1.0,2.0,0.5,18.0,100.0,74.08870000000005,114.32313164684872,1.6199991780754324e-06,363.3165578143707,-1.06,1.0,4.0,1.0
JQZ1L091Y2,CCCCc1c(c2cc(ccc2o1)NS(=O)(=O)C)C(=O)c3ccc(cc3)OCCCN(CCCC)CCCC,556.7690000000002,7.0490000000000075,88.85,1.0,6.0,18.0,3.0,0.0,3.0,0.5161290322580645,39.0,214.0,159.53499999999963,233.51404614189258,1.712970761973185,1290.5105484105761,-2.8399999999999994,0.0,8.0,1.0
5Y9L3636O3,C1CCN[C@]([H])(C1)[C@H](c2cc(C(F)(F)F)nc3c2cccc3C(F)(F)F)O.Cl,414.777,4.8697000000000035,45.150000000000006,2.0,3.0,2.0,2.0,1.0,3.0,0.47058823529411764,27.0,150.0,89.59650000000002,156.7368229997332,2.61333092595789e-06,802.3358158893558,-1.5799999999999998,1.0,10.0,2.0
318F6L70J8,CN1[C@@H]2CCC[C@H]1C[C@H](C2)NC(=O)c3c4ccccc4n(C)n3.Cl,348.878,2.740200000000002,50.160000000000004,1.0,3.0,2.0,2.0,2.0,4.0,0.5555555555555556,24.0,130.0,97.64020000000005,148.3473132659019,1.6899984720139194e-06,729.6940296781169,-1.5899999999999999,2.0,6.0,1.0
276F2O42F5,CCCCCC(=O)O[C@@]1(CC[C@@]2([H])[C@]3([H])CCC4=CC(=O)CC[C@]4(C)[C@@]3([H])CC[C@@]21C)C(=O)C,428.6130000000003,5.969600000000007,60.440000000000005,0.0,4.0,6.0,0.0,4.0,4.0,0.8148148148148148,31.0,172.0,120.35600000000008,187.1129298854784,1.5945779547616092,797.0581468188951,-1.45,3.0,4.0,0.0
J12U072QL0,CCCCCN(C)CCC(O)(P(=O)(O)O)P(=O)(O)[O-].[Na+].O,359.2280000000001,-3.9526999999999965,172.85999999999999,4.0,5.0,9.0,0.0,0.0,0.0,1.0,21.0,124.0,72.07200000000002,146.20982425800787,-1.619999408475227e-06,348.7591520515208,1.18,0.0,12.0,6.0
R16CO5Y76E,CC(=O)Oc1ccccc1C(=O)O,180.15899999999996,1.3101,63.60000000000001,1.0,3.0,2.0,1.0,0.0,1.0,0.1111111111111111,13.0,68.0,44.71030000000002,74.75705264447721,3.0435273546341013,343.2228677267164,-1.8399999999999999,0.0,4.0,1.0
4W0459ZA4V,CC=CC1=C(N2[C@@H]([C@@H](C2=O)NC(=O)[C@@H](C3=CC=C(C=C3)O)N)SC1)C(=O)O,389.4330000000001,0.7066999999999998,132.95999999999998,4.0,6.0,5.0,1.0,2.0,3.0,0.2777777777777778,27.0,142.0,99.53370000000004,159.265570501542,1.7379852245863512,849.0579977661423,-2.78,1.0,9.0,5.0
I65MW4OFHZ,C=CC[N+]1(CCCC1)[C@H]2C[C@@]3([H])[C@]4([H])CC[C@@]5([H])C[C@@H]([C@H](C[C@]5(C)[C@@]4([H])CC[C@]3(C)[C@H]2OC(=O)C)N6CCOCC6)O.[Br-],609.6900000000005,1.4115000000000046,59.0,1.0,5.0,5.0,0.0,6.0,6.0,0.90625,39.0,222.0,148.3141999999999,246.75305387146787,3.0816601539726664e-06,904.5998867433206,-0.4700000000000002,6.0,7.0,1.0
SI4064O0LX,CCN(CC)CCNC(=O)c1ccc(cc1)N.Cl,271.792,1.7622,58.36,2.0,3.0,6.0,1.0,0.0,1.0,0.46153846153846156,18.0,102.0,78.22360000000003,114.95019982369055,2.889998180576185e-06,349.7589186171981,-1.26,0.0,5.0,3.0
27X63J94GR,CCc1nn(CCCN2CCN(CC2)c3cccc(c3)Cl)c(=O)n1CCOc4ccccc4.Cl,506.47800000000024,3.973700000000003,55.53,0.0,5.0,10.0,3.0,1.0,4.0,0.44,34.0,184.0,139.7719999999999,211.84207071034967,3.2399929808407995e-06,1078.4100987944048,-2.479999999999999,1.0,9.0,0.0
QIC03ANI02,CC(=O)OCC(CCn1cnc2cnc(N)nc21)COC(=O)C,321.33700000000016,0.5409999999999998,122.22,1.0,8.0,7.0,2.0,0.0,2.0,0.5,23.0,124.0,81.10840000000002,132.36564788736482,2.010437250578153,681.5324964048717,-2.71,0.0,9.0,2.0
85H0HZU99M,II,253.808,1.7714,0.0,0.0,0.0,0.0,0.0,0.0,0.0,0.0,2.0,14.0,28.04,36.93454135198231,1.0,0.0,1.46,0.0,2.0,0.0
RPK779R03H,c1ccc(c(c1)CC(=O)OCC(=O)O)Nc2c(cccc2Cl)Cl,354.18899999999996,3.907300000000002,75.63000000000001,2.0,4.0,6.0,2.0,0.0,2.0,0.125,23.0,120.0,88.48550000000003,142.33548360230927,2.1753707068699124,713.5202167690672,-2.2399999999999993,0.0,7.0,2.0
33XCH0HOCD,CCCNCC(COc1ccccc1C(=O)CCc2ccccc2)O.Cl,377.912,3.6632000000000033,58.56,2.0,4.0,11.0,2.0,0.0,2.0,0.38095238095238093,26.0,142.0,107.44600000000004,161.5452328730346,3.379995769480579e-06,648.7142663510762,-1.8799999999999994,0.0,5.0,2.0
64ALC7F90C,C1CCN(CC1)c2c3c(c(nc(n3)N(CCO)CCO)N4CCCCC4)nc(n2)N(CCO)CCO,504.6360000000004,-0.017599999999998173,145.44,4.0,12.0,12.0,2.0,2.0,4.0,0.75,36.0,200.0,140.02519999999996,211.76522501669623,1.9379728019114322,879.5223205537839,-2.5400000000000005,2.0,12.0,4.0
OTT9J7900I,CC(C)OC(=O)OCOP(=O)(CO[C@H](C)Cn1cnc2c(N)ncnc21)OCOC(=O)OC(C)C.C(=C\C(=O)O)/C(=O)O,635.5200000000003,2.7474,260.03999999999996,3.0,16.0,15.0,2.0,0.0,2.0,0.5217391304347826,43.0,240.0,144.47549999999993,244.90853330664103,1.0104997216893404e-06,1250.4342888519975,-4.32,0.0,20.0,4.0
5T619TQR3R,CC(C)N(CC[C@H](c1ccccc1)c2cc(C)ccc2O)C(C)C.[C@@H]([C@H](C(=O)O)O)(C(=O)O)O,475.5820000000002,3.218820000000002,138.53,5.0,6.0,10.0,2.0,0.0,2.0,0.46153846153846156,34.0,188.0,130.0090000000001,200.6575647119137,4.887499601189481e-07,888.6200788136853,-2.9400000000000004,0.0,8.0,5.0
XZ629S5L50,Cc1ccccc1S(=O)(=O)NC(=O)c2ccc(Cc3cn(C)c4ccc(cc34)NC(=O)OC5CCCC5)c(c2)OC,575.6870000000002,5.6959200000000045,115.73000000000002,2.0,6.0,8.0,4.0,1.0,5.0,0.2903225806451613,41.0,214.0,156.9096999999997,239.06555499453577,1.3506887919896555,1721.201688480479,-4.31,1.0,10.0,2.0
6P1Y2SNF5V,CN1CCN(CCCN2c3ccccc3Sc4ccc(cc42)C(F)(F)F)CC1.Cl.Cl,480.4270000000002,5.7892000000000055,9.72,0.0,4.0,4.0,2.0,2.0,4.0,0.42857142857142855,30.0,166.0,122.06500000000005,191.96671779792499,1.601665629372927e-06,842.4865672868102,-1.1199999999999999,1.0,9.0,0.0
V9MO595C9I,c1ccc(c(c1)C(=O)Oc2ccccc2C(=O)O)O,258.229,2.3096,83.83000000000001,2.0,4.0,3.0,2.0,0.0,2.0,0.0,19.0,96.0,66.46660000000001,108.24343848834067,2.298699980201867,633.2383798242597,-2.82,0.0,5.0,2.0
RG38I2P540,C/C(=C\C(=O)OCCCCCCCCC(=O)[O-])/C[C@H]1[C@@H]([C@@H]([C@@H](C[C@@]2([H])[C@]([H])([C@@H](C)[C@H](C)O)O2)CO1)O)O.C/C(=C\C(=O)OCCCCCCCCC(=O)[O-])/C[C@H]1[C@@H]([C@@H]([C@@H](C[C@@]2([H])[C@]([H])([C@@H](C)[C@H](C)O)O2)CO1)O)O.[Ca+2].O.O,1075.35,0.48540000000001055,360.76,6.0,18.0,32.0,0.0,4.0,4.0,0.8461538461538461,73.0,420.0,265.032399999999,461.71310398393763,1.3642104254385117e-06,1512.0473564267534,-1.8602597402597412,4.0,21.0,10.0
DOQ0J0TPF7,C[C@](Cc1ccc(cc1)O)(C(=O)O)N,195.21799999999996,0.7366999999999997,83.55,3.0,3.0,3.0,1.0,0.0,1.0,0.3,14.0,76.0,52.03900000000002,81.98105187853191,2.78645821345238,329.7252768616324,-1.5499999999999998,0.0,4.0,4.0
71204KII53,CC[C@H]([C@@H](C)CN(C)C)c1cccc(c1)O.Cl,257.805,3.5053000000000036,23.47,1.0,2.0,5.0,1.0,0.0,1.0,0.5714285714285714,17.0,98.0,76.10480000000004,111.05810070961864,2.5599987920005907e-06,327.75317784273153,-0.73,0.0,3.0,1.0
964YS0OOG1,C(=O)([O-])P(=O)([O-])[O-].[Na+].[Na+].[Na+].O.O.O.O.O.O,300.0400000000001,-16.692800000000005,292.32,0.0,5.0,1.0,0.0,0.0,0.0,0.0,16.0,90.0,34.6853,156.8711342394313,-4.999999949537038e-09,133.19136469282626,2.38,0.0,15.0,12.0
LYO9XZ250J,C[C@@]1(CO[C@@H]([C@@H]([C@H]1NC)O)O[C@H]2[C@@H](C[C@@H]([C@H]([C@@H]2O)O[C@@H]3[C@@H](CC=C(CNCCO)O3)N)N)NC(=O)[C@H](CCN)O)O,592.6910000000003,-5.361100000000008,269.29,11.0,15.0,13.0,0.0,3.0,3.0,0.88,41.0,238.0,144.6763000000001,239.04689570148975,1.7884485347953663,868.7291179018189,-1.51,2.0,16.0,14.0
9IFA5XM7R2,CCCCC(=O)O[C@@]1([C@@H](C)C[C@@]2([H])[C@]3([H])CCC4=CC(=O)C=C[C@]4(C)[C@]3([C@H](C[C@@]21C)O)F)C(=O)CO,476.5850000000002,3.636800000000003,100.90000000000002,2.0,6.0,6.0,0.0,4.0,4.0,0.7407407407407407,34.0,188.0,123.34260000000008,200.17732976061237,1.7985953894529008,956.7669810831956,-1.86,3.0,7.0,2.0
495W7451VQ,COc1ccccc1OCC(CO)O,198.21799999999996,0.4272000000000001,58.92,2.0,4.0,5.0,1.0,0.0,1.0,0.4,14.0,78.0,51.58160000000003,82.70672954048919,2.569521757324299,274.5794377388137,-1.2600000000000002,0.0,4.0,2.0
63FN7G03XY,c1ccc(cc1)C2=NC(C(=O)Nc3ccc(cc32)Cl)C(=O)[O-].[K+].[K+].[OH-],408.9230000000001,-4.920799999999999,111.59,1.0,5.0,2.0,2.0,1.0,3.0,0.0625,25.0,118.0,82.89350000000003,234.1340462973911,1.919999578488984e-06,799.976654045389,0.5727272727272728,0.0,9.0,2.0
2S068B75ZU,CC(C)(c1ccc(cc1)C(CCCN2CCC(CC2)C(c3ccccc3)(c4ccccc4)O)O)C(=O)O.Cl,538.1280000000002,5.9323000000000095,81.0,3.0,4.0,10.0,3.0,1.0,4.0,0.40625,38.0,204.0,153.59239999999983,232.10610025903281,3.999989982775754e-06,1103.596670541523,-2.6999999999999993,1.0,6.0,3.0
S8A06QG2QE,CCCC(=O)O[C@@]1(CC[C@@]2([H])[C@]3([H])C[C@@H](C4=CC(=O)C=C[C@]4(C)[C@]3([C@H](C[C@@]21C)O)F)F)C(=O)COC(=O)C,508.55800000000033,3.5195000000000025,106.97000000000003,1.0,7.0,6.0,0.0,4.0,4.0,0.7037037037037037,36.0,198.0,124.00480000000007,208.82369874089326,1.7963149151831703,1052.7223817964716,-2.42,3.0,9.0,1.0
25UR9N9041,CN(C/C=C/c1ccccc1)Cc2cccc3ccccc32.Cl,323.867,5.406800000000005,3.24,0.0,1.0,5.0,3.0,0.0,3.0,0.14285714285714285,23.0,118.0,103.00600000000004,144.2181963198478,1.919998288268236e-06,759.6582852055292,-2.089999999999999,0.0,2.0,0.0
MNX7R8C5VO,C[C@](Cc1ccc(c(c1)O)O)(C(=O)O)NN.O,244.24699999999999,-0.8777999999999999,147.31,5.0,5.0,4.0,1.0,0.0,1.0,0.3,17.0,96.0,60.45330000000003,97.77603726298531,2.5599988589338563e-06,409.6827726341145,-1.83,0.0,7.0,8.0
R4Z9X1N2ND,CN(CCc1ccc(cc1)NS(=O)(=O)C)CCOc2ccc(cc2)NS(=O)(=O)C,441.5750000000001,1.9828999999999997,104.81,2.0,6.0,11.0,2.0,0.0,2.0,0.3684210526315789,29.0,160.0,116.51300000000005,172.53774717809372,1.709981800598181,989.1450586689966,-2.3,0.0,10.0,2.0
YHP6YLT61T,CN1CCN(CCCN2c3ccccc3Sc4ccc(cc42)Cl)CC1,373.9530000000002,4.580200000000004,9.72,0.0,4.0,4.0,2.0,2.0,4.0,0.4,25.0,132.0,107.57700000000007,159.10224919653248,1.4932356446643806,743.4711667615176,-1.1999999999999997,1.0,5.0,0.0
N29QWW3BUO,C#C[C@@]1(CC[C@@]2([H])[C@]3([H])CCC4=Cc5c(C[C@]4(C)[C@@]3([H])CC[C@@]21C)cno5)O,337.463,4.2210000000000045,46.260000000000005,1.0,3.0,0.0,1.0,4.0,5.0,0.6818181818181818,25.0,132.0,96.35280000000006,149.4111683415793,1.5319846700877742,801.194381990157,-1.53,3.0,3.0,1.0
4H7L9AI22I,CCC(=O)OCC(=O)[C@]1([C@@H](C)C[C@@]2([H])[C@]3([H])CCC4=CC(=O)C=C[C@]4(C)[C@]3([C@H](C[C@@]21C)O)Cl)OC(=O)CC.O,539.0650000000003,3.262100000000003,138.47,1.0,7.0,6.0,0.0,4.0,4.0,0.7142857142857143,37.0,206.0,136.63160000000002,222.64158970473343,3.8024933017623485e-06,1050.7823654680235,-2.03,3.0,9.0,3.0
5NF5D4OPCI,CCCCNc1ccc(cc1)C(=O)OCCN(C)C.Cl,300.83,3.0388000000000024,41.57,1.0,4.0,8.0,1.0,0.0,1.0,0.5333333333333333,20.0,114.0,85.92420000000004,127.45373858497793,3.6099971219774415e-06,379.96483263224206,-1.26,0.0,5.0,1.0
LH8C2JI290,C#CCN[C@@H]1CCc2ccccc21.CS(=O)(=O)O,267.34999999999997,1.4007,66.4,2.0,3.0,2.0,1.0,1.0,2.0,0.38461538461538464,18.0,98.0,71.81230000000004,108.16372150578114,2.7969229172843895e-07,523.4124927773094,-1.3499999999999999,0.0,5.0,2.0
6GOW6DWN2A,c1ccc(cc1)C2=NC(C(=O)Nc3ccc(cc32)Cl)O,286.718,2.447900000000001,61.69,2.0,3.0,1.0,2.0,1.0,3.0,0.06666666666666667,20.0,100.0,78.16950000000003,120.2816992638112,2.2315864554820153,698.2746308195048,-2.1699999999999995,0.0,5.0,2.0
M8U465Q1WQ,C1CCNC(C1)CNC(=O)c2cc(ccc2OCC(F)(F)F)OCC(F)(F)F.CC(=O)O,474.3980000000001,3.531600000000002,96.89,3.0,5.0,7.0,1.0,1.0,2.0,0.5789473684210527,32.0,182.0,100.82670000000007,179.6129558027237,1.1771424495226001e-06,744.704312125392,-2.7,1.0,13.0,3.0
4I8HAB65SZ,CC(C)COC(=O)C1=C(C)NC(=C(C1c2ccccc2[N+](=O)[O-])C(=O)OC)C,388.4200000000002,3.201800000000002,107.77,1.0,7.0,6.0,1.0,1.0,2.0,0.4,28.0,150.0,102.18610000000004,162.9085280683609,2.6914047670835477,869.2018167430791,-3.16,0.0,8.0,1.0
5138Q19F1X,N,17.031,0.16199999999999998,35.0,1.0,1.0,0.0,0.0,0.0,0.0,0.0,1.0,8.0,5.0221,7.50422812385033,0.0,0.0,-0.04,0.0,1.0,3.0
TC2D6JAD40,CN(C)CCOC(c1ccccc1)c2ccccc2.Cl,291.822,3.776000000000004,12.47,0.0,2.0,6.0,2.0,0.0,2.0,0.29411764705882354,20.0,108.0,86.48100000000005,127.33968004980373,1.9999987060008734e-06,433.36338173302374,-1.3499999999999996,0.0,3.0,0.0
WM0HAQ4WNM,C=CC[C@@H]1/C=C(\C)/C[C@H](C)C[C@@H]([C@]2([H])[C@H](C[C@@H](C)[C@@](C(=O)C(=O)N3CCCC[C@@]3([H])C(=O)O[C@]([H])(/C(=C/[C@]4([H])CC[C@H]([C@@H](C4)OC)O)/C)[C@H](C)[C@H](CC1=O)O)(O)O2)OC)OC.O,822.0460000000004,3.814300000000005,209.85999999999996,3.0,12.0,7.0,0.0,4.0,4.0,0.7727272727272727,58.0,330.0,216.2061999999993,344.1767311391293,8.999962795282295e-06,1480.4978906288331,-2.8200000000000003,3.0,14.0,5.0
D83282DT06,c1c(c(N)nc(=O)[nH]1)F,129.094,-0.5088000000000001,71.77,2.0,3.0,0.0,1.0,0.0,1.0,0.0,9.0,48.0,29.2281,49.537647281372706,3.3360928870055955,268.7604122853712,-1.3900000000000001,0.0,5.0,3.0
K3GDH6OH08,C1C[C@H](n2cnc3c2nc[nH]c3=O)O[C@@H]1CO,236.231,-0.21050000000000002,93.03,2.0,5.0,2.0,2.0,1.0,3.0,0.5,17.0,90.0,58.37850000000002,96.07932400188183,2.0160134417522895,590.4936898575354,-1.7300000000000002,1.0,7.0,2.0
6W18MO1QR3,c1ccnc(c1)[C@H](c2ccc(cc2)Cl)OC3CCN(CCCC(=O)O)CC3.c1ccc(cc1)S(=O)(=O)O,547.0730000000004,5.103500000000003,117.02999999999999,2.0,6.0,9.0,3.0,1.0,4.0,0.3333333333333333,37.0,198.0,141.20539999999994,222.17569764540994,3.188610722713998e-07,1202.66335161841,-2.8199999999999994,1.0,10.0,2.0
7J8897W37S,CCCCCc1cc(c2[C@]3([H])C=C(C)CC[C@@]3([H])C(C)(C)Oc2c1)O,314.469,5.7358000000000064,29.46,1.0,2.0,4.0,1.0,2.0,3.0,0.6190476190476191,23.0,126.0,95.26480000000006,140.11204847790626,1.9891758863693303,612.5127389825382,-1.4399999999999997,0.0,2.0,1.0
N6M33094FD,C(CN)[C@@H](C(=O)N[C@@H]1C[C@@H]([C@H]([C@@H]([C@H]1O[C@@H]2[C@@H]([C@H]([C@@H]([C@@H](CO)O2)O)N)O)O)O[C@@H]3[C@@H]([C@H]([C@@H]([C@@H](CN)O3)O)O)O)N)O,585.6080000000004,-8.424200000000015,331.94,13.0,17.0,10.0,0.0,3.0,3.0,0.9545454545454546,40.0,234.0,131.42570000000006,229.26453997686883,1.8479037285363422,815.0542713752033,-1.1700000000000006,3.0,18.0,17.0
5GRO578KLP,CC(c1ccc(-c2ccccc2)c(c1)F)C(=O)O,244.265,3.6808000000000023,37.3,1.0,1.0,3.0,2.0,0.0,2.0,0.13333333333333333,18.0,92.0,67.88680000000002,104.70461492391685,2.4013638717125736,563.9612141459354,-2.1599999999999997,0.0,3.0,1.0
6387S86PK3,C(CC(=O)c1ccc(cc1)F)CN2CCC(CC2)(c3ccc(cc3)Cl)O,375.8709999999999,4.4256000000000055,40.540000000000006,1.0,3.0,6.0,2.0,1.0,3.0,0.38095238095238093,26.0,138.0,100.98730000000005,157.95153635385228,1.444579210133206,737.611323693879,-1.7499999999999996,1.0,5.0,1.0
UR59KN573L,CC(C)NCC(COc1ccc(cc1)COCCOC(C)C)O.CC(C)NCC(COc1ccc(cc1)COCCOC(C)C)O.C(=C\C(=O)O)/C(=O)O,766.9700000000003,4.443600000000004,194.5,6.0,12.0,26.0,2.0,0.0,2.0,0.6,54.0,308.0,208.06459999999933,321.30991075666924,8.671037544283663e-07,1142.9716032045771,-3.6,0.0,14.0,6.0
L36H50F353,COc1cc(cc(c1OC)OC)[C@@H]2c3cc4c(cc3[C@@H]([C@@]5([H])COC(=O)[C@@]52[H])O)OCO4,414.4100000000002,2.4091999999999993,92.68,1.0,8.0,4.0,2.0,3.0,5.0,0.4090909090909091,30.0,158.0,103.40480000000007,172.75745223822045,1.7415109606075287,991.4325050884057,-3.1300000000000003,1.0,8.0,1.0
3IG1E710ZN,CN(Cc1cnc2c(c(N)nc(N)n2)n1)c3ccc(cc3)C(=O)N[C@@H](CCC(=O)O)C(=O)O,454.44700000000023,0.2684000000000003,210.53999999999996,5.0,10.0,9.0,3.0,0.0,3.0,0.25,33.0,172.0,118.26160000000006,187.03080174861526,1.674622124193935,1201.0294275064248,-4.55,0.0,13.0,7.0
G07GZ97H65,c1ccc(cc1)C(c2ccccc2)(c3ccccc3Cl)n4ccnc4,344.845,5.376700000000004,17.82,0.0,1.0,4.0,4.0,0.0,4.0,0.045454545454545456,25.0,122.0,101.84300000000003,151.90967396752347,2.153583648156872,908.2706613028778,-2.839999999999999,0.0,3.0,0.0
A6IEZ5M406,Cc1cccc(C)c1NC(=O)CN2CCN(CC2)CC(COc3ccccc3OC)O,427.5450000000002,2.3080400000000005,74.27000000000001,2.0,6.0,9.0,2.0,1.0,3.0,0.4583333333333333,31.0,168.0,121.92150000000004,184.1143473800594,1.3840486993991412,845.4029554588263,-2.6099999999999994,1.0,7.0,2.0
E1UOL152H7,[Fe],55.845,-0.0025,0.0,0.0,0.0,0.0,0.0,0.0,0.0,0.0,1.0,8.0,0.0,17.964098032124472,0.0,0.0,0.5194805194805194,0.0,1.0,0.0
563KS2PQY5,CC(=O)N[C@H](COC)C(=O)NCc1ccccc1,250.298,0.45390000000000025,67.42999999999999,2.0,3.0,6.0,1.0,0.0,1.0,0.38461538461538464,18.0,98.0,67.76940000000003,106.52231171708375,2.481951907071221,392.48264694846,-1.8799999999999994,0.0,5.0,2.0
JS86977WNV,C[C@@H]1C[C@@]2([H])[C@]3([H])C[C@@H](C4=CC(=O)C=C[C@]4(C)[C@]3([C@H](C[C@]2(C)[C@]1(C(=O)SCF)OC(=O)c5ccco5)O)F)F,538.5840000000003,4.926800000000006,93.81000000000002,1.0,7.0,4.0,1.0,4.0,5.0,0.5925925925925926,37.0,200.0,128.60830000000007,216.2289318521885,1.63620857955921,1198.6670100818924,-2.3299999999999996,3.0,10.0,1.0
884KT10YB7,CNC(=C[N+](=O)[O-])NCCSCc1ccc(CN(C)C)o1,314.411,1.4589999999999999,83.58,2.0,7.0,10.0,1.0,0.0,1.0,0.5384615384615384,21.0,118.0,84.40080000000003,128.4562521662435,2.218277243493725,473.7363586621033,-1.6699999999999997,0.0,8.0,2.0
P81Q6V85NP,C[C@H]1O[C@@]2(CN3CCC2CC3)CS1.C[C@H]1O[C@@]2(CN3CCC2CC3)CS1.Cl.Cl.O,489.5750000000003,3.139300000000003,56.440000000000005,0.0,6.0,0.0,0.0,8.0,8.0,1.0,29.0,172.0,127.90980000000006,196.42391321738316,1.8749999631250012e-07,489.8556994160341,1.0799999999999998,8.0,9.0,2.0
EF0NX91490,CC(C)(C)OC(=O)NCCC(=O)N[C@@H](Cc1c[nH]c2ccccc12)C(=O)N[C@@H](CCSC)C(=O)N[C@@H](CC(=O)O)C(=O)N[C@@H](Cc3ccccc3)C(=O)N,767.9060000000001,1.5202000000000047,250.90999999999997,8.0,9.0,20.0,3.0,0.0,3.0,0.43243243243243246,54.0,292.0,203.17139999999964,317.0237362318598,1.7865039376726677,1777.7100924797069,-5.58,0.0,17.0,9.0
Z3614QOX8W,CCc1c(-c2ccc(cc2)Cl)c(N)nc(N)n1,248.71699999999996,2.5238,77.82,2.0,4.0,2.0,2.0,0.0,2.0,0.16666666666666666,17.0,88.0,70.6808,104.6407251371543,2.613511657499358,536.9470467453648,-1.81,0.0,5.0,4.0
32HRV3E3D5,C[C@@H]1CC(=O)C=C([C@]12C(=O)c3c(cc(c(c3O2)Cl)OC)OC)OC,352.7700000000001,2.8103000000000007,71.06000000000002,0.0,6.0,3.0,1.0,2.0,3.0,0.4117647058823529,24.0,128.0,86.12550000000005,143.82499238361365,2.2581731710520927,768.8345393102228,-2.21,0.0,7.0,0.0
4956DJR58O,CC1(C)[C@H]2CC[C@H](C2)[C@]1(C)NC.Cl,203.75700000000003,2.842400000000001,12.03,1.0,1.0,1.0,0.0,2.0,2.0,1.0,13.0,78.0,59.32470000000005,88.07996530089464,8.449997916750528e-07,202.26695975086497,0.24999999999999997,2.0,2.0,1.0
F089I0511L,CC1Cc2ccccc2N1NC(=O)c3ccc(c(c3)S(=O)(=O)N)Cl,365.842,2.0834,92.5,2.0,4.0,3.0,2.0,1.0,3.0,0.1875,24.0,126.0,92.37840000000003,144.78772142001785,1.8885490887958856,914.5336968480627,-2.09,0.0,8.0,3.0
81BDR9Y8PS,CCOC(=O)c1ccc(C#Cc2ccc3c(c2)C(C)(C)CCS3)nc1,351.47100000000006,4.431500000000004,39.19,0.0,4.0,2.0,2.0,1.0,3.0,0.3333333333333333,25.0,128.0,100.98250000000004,152.7491380437195,1.810321384029481,844.4351506086844,-2.2499999999999996,0.0,4.0,0.0
EOS72165S7,CC(C)C(=O)Oc1ccc(cc1[C@H](CCN(C(C)C)C(C)C)c2ccccc2)CO.C(=C\C(=O)O)/C(=O)O,527.6580000000002,5.092900000000005,124.37000000000002,3.0,6.0,12.0,2.0,0.0,2.0,0.43333333333333335,38.0,208.0,147.12939999999995,225.11432996247441,7.805832091408448e-07,1037.5259669328443,-3.4899999999999998,0.0,8.0,3.0
CZN0MI5R31,C([C@H]([C@H]([C@@H]([C@H](C(=O)[O-])O)O)O)O)O.C([C@H]([C@H]([C@@H]([C@H](C(=O)[O-])O)O)O)O)O.[Ca+2].O,448.3870000000001,-10.861100000000004,314.06,10.0,14.0,10.0,0.0,0.0,0.0,0.8333333333333334,28.0,164.0,81.60779999999998,187.2098160897997,-1.919999955066668e-07,385.8255198965438,-0.2402597402597406,0.0,16.0,12.0
Q51BO43MG4,c1c(cc(c(c1I)Oc2cc(c(c(c2)I)O)I)I)C[C@@H](C(=O)O)N,776.872,4.557300000000002,92.78,3.0,4.0,5.0,2.0,0.0,2.0,0.13333333333333333,24.0,128.0,124.80600000000003,192.83410168388073,2.3026315545255014,751.0288986953427,0.3899999999999999,0.0,9.0,4.0
TS63EW8X6F,C1Cn2c(CN1C(=O)C[C@@H](Cc3cc(c(cc3F)F)F)N)nnc2C(F)(F)F,407.31800000000004,2.0164999999999997,77.04,1.0,4.0,4.0,2.0,1.0,3.0,0.4375,28.0,152.0,83.05340000000002,154.4835434099293,1.6262839581617268,896.3804853871782,-2.6299999999999994,0.0,12.0,2.0
V05260LC8D,CC(C)NCC(COc1ccc(cc1)CCC(=O)OC)O.Cl,331.84,1.9517000000000007,67.79,2.0,5.0,9.0,1.0,0.0,1.0,0.5625,22.0,126.0,88.66750000000003,137.96662601087408,4.4099956041796056e-06,422.6589120294326,-1.2999999999999998,0.0,6.0,2.0
2FS66TH3YW,CN(C)CCc1c[nH]c2ccc(C[C@H]3COC(=O)N3)cc12,287.36299999999994,1.9229,57.36,2.0,3.0,5.0,2.0,1.0,3.0,0.4375,21.0,112.0,82.53240000000004,123.82069701725219,1.773954929663153,648.0095493167523,-2.01,1.0,5.0,2.0
4BMH7IZT98,CC(C)(C(=O)O)Oc1ccc(cc1)C(=O)c2ccc(cc2)Cl,318.756,3.8130000000000024,63.6,1.0,3.0,5.0,2.0,0.0,2.0,0.17647058823529413,22.0,114.0,83.66930000000005,132.84729730621618,2.1649159842212513,687.6038065906843,-2.329999999999999,0.0,5.0,1.0
K72T3FS567,C([C@@H]1[C@H]([C@H]([C@H](n2cnc3c(N)ncnc32)O1)O)O)O,267.245,-1.98,139.54000000000002,4.0,8.0,2.0,2.0,1.0,3.0,0.5,19.0,102.0,62.74480000000002,106.84616010324278,2.0354351458697555,602.6175788415977,-1.81,1.0,9.0,5.0
D28J6W18HY,CN[C@@H]1CCc2c(C1)c3cc(ccc3[nH]2)C(=O)N.C(CC(=O)O)C(=O)O.O,379.4130000000002,0.4546000000000006,177.01,5.0,4.0,5.0,2.0,1.0,3.0,0.3888888888888889,27.0,148.0,99.80870000000006,155.415189329771,3.497368254661288e-07,815.8564468849667,-2.9100000000000006,0.0,9.0,8.0
J2KLZ20U1M,CC[C@@H]1[C@](C)([C@@H]([C@@H](C)N(C)C[C@H](C)C[C@](C)([C@@H]([C@@H](C)[C@@H]([C@@H](C)C(=O)O1)O[C@@]2([H])C[C@](C)([C@H]([C@H](C)O2)O)OC)O[C@@]3([H])[C@@H]([C@H](C[C@@H](C)O3)N(C)C)O)O)O)O,748.9960000000004,1.9007000000000067,180.07999999999998,5.0,14.0,7.0,0.0,3.0,3.0,0.9736842105263158,52.0,306.0,194.17899999999935,311.5582453783882,2.174897674367485,1143.2996076325867,-1.0100000000000005,3.0,14.0,5.0
1H87NVF4DB,C[C@H]([C@@H](C(=O)N[C@@H](CC1=CC=CC=C1)C(=O)N[C@@H]([C@@H](C)O)C(=O)N[C@@H](CO)C(=O)N[C@@H](CC(=O)O)C(=O)N[C@@H](CC2=CC=C(C=C2)O)C(=O)N[C@@H](CO)C(=O)N[C@@H](CCCCN)C(=O)N[C@@H](CC3=CC=C(C=C3)O)C(=O)N[C@@H](CC(C)C)C(=O)N[C@@H](CC(=O)O)C(=O)N[C@@H](CO)C(=O)N[C@@H](CCCNC(=N)N)C(=O)N[C@@H](CCCNC(=N)N)C(=O)N[C@@H](C)C(=O)N[C@@H](CCC(=O)N)C(=O)N[C@@H](CC(=O)O)C(=O)N[C@@H](CC4=CC=CC=C4)C(=O)N[C@@H](C(C)C)C(=O)N[C@@H](CCC(=O)N)C(=O)N[C@@H](CC5=CNC6=CC=CC=C65)C(=O)N[C@@H](CC(C)C)C(=O)N[C@@H](CCSC)C(=O)N[C@@H](CC(=O)N)C(=O)N[C@@H]([C@@H](C)O)C(=O)O)NC(=O)CNC(=O)[C@H](CCC(=O)N)NC(=O)[C@H](CO)NC(=O)[C@H](CC7=CN=CN7)N)O,3482.8019999999897,-17.939760000000152,1538.7399999999993,55.0,51.0,113.0,7.0,0.0,7.0,0.5228758169934641,246.0,1352.0,871.826400000004,1412.9483144916892,1.078561018758126,9565.105568705212,-26.099999999999934,0.0,93.0,63.0
G70B4ETF4S,c1c(c(N)nc(=O)n1[C@@H]2CS[C@H](CO)O2)F,247.25099999999998,-0.45500000000000024,90.37,2.0,6.0,2.0,1.0,1.0,2.0,0.5,16.0,88.0,56.32120000000001,94.23244507909337,2.280674308888156,452.64494276034526,-1.12,1.0,8.0,3.0
QXS94885MZ,CCNC(=O)CCC/C=C\C[C@@H]1[C@@H](/C=C/[C@H](CCc2ccccc2)O)[C@@H](C[C@@H]1O)O,415.57400000000007,3.1469000000000023,89.79,4.0,4.0,12.0,1.0,1.0,2.0,0.56,30.0,166.0,119.81210000000006,180.07435161537455,1.7762542516079391,672.9860136970174,-1.9499999999999997,1.0,5.0,4.0
M911911U02,CC(=O)[O-].[K+],98.142,-4.2398,40.129999999999995,0.0,2.0,0.0,0.0,0.0,0.0,0.5,5.0,24.0,10.681000000000001,72.98251368982851,0.0,30.629190483090685,1.1063636363636362,0.0,3.0,0.0
CIF6334OLY,Cc1ccc(cc1)C(=O)c2cc(c(c(c2)O)O)[N+](=O)[O-],273.244,2.545420000000002,100.67,2.0,5.0,3.0,2.0,0.0,2.0,0.07142857142857142,20.0,102.0,71.03750000000001,113.6213468812898,2.4986509580630014,691.4556053660623,-2.8900000000000006,0.0,6.0,2.0
2P3VWU3H10,C,16.043,0.6361,0.0,0.0,0.0,0.0,0.0,0.0,0.0,1.0,1.0,8.0,6.731,8.739251027829551,0.0,0.0,0.0,0.0,0.0,0.0
O3J8G9O825,CC(C)[C@@H](C(=O)N[C@@H](Cc1ccccc1)C[C@@H]([C@H](Cc2ccccc2)NC(=O)OCc3cncs3)O)NC(=O)N(C)Cc4csc(C(C)C)n4,720.9619999999999,5.905200000000007,145.78000000000003,4.0,9.0,17.0,4.0,0.0,4.0,0.43243243243243246,50.0,268.0,196.89689999999945,302.05837391680234,1.463767068594598,1617.4968237573792,-4.33,0.0,13.0,4.0
7LJ087RS6F,c1cc2c(cc1OC(F)(F)F)sc(N)n2,234.20199999999997,2.7771,48.14,1.0,4.0,1.0,2.0,0.0,2.0,0.125,15.0,80.0,50.7154,86.28806315228509,2.380107930050765,494.0827057106637,-1.5,0.0,7.0,2.0
CU9463U2E2,CN1C[C@]2([H])c3ccccc3Oc4ccc(cc4[C@@]2([H])C1)Cl.C(=C/C(=O)O)/C(=O)O,401.8460000000001,3.9703000000000026,87.07000000000001,2.0,4.0,2.0,2.0,2.0,4.0,0.23809523809523808,28.0,146.0,105.3586000000001,167.16569900048842,2.418749847379698e-07,910.762003299904,-2.8299999999999996,1.0,7.0,2.0
7662KG2R6K,CCCCC([C@]1(CC[C@]2([H])[C@@H](CCCCCCC(=O)O)C(=O)C[C@@]2([H])O1)O)(F)F,390.467,4.309900000000004,83.83,2.0,4.0,11.0,0.0,2.0,2.0,0.9,27.0,156.0,95.47060000000006,159.01761663414558,1.8423205694918618,524.5014601434748,-1.0800000000000003,2.0,7.0,2.0
Z22628B598,CCOC(=O)c1cncn1[C@H](C)c2ccccc2,244.294,2.669100000000001,44.12,0.0,3.0,4.0,2.0,0.0,2.0,0.2857142857142857,18.0,94.0,68.43850000000003,106.22705511565083,2.291432767601567,519.6000784462864,-2.0999999999999996,0.0,4.0,0.0
7E4PHP5N1D,CC(=O)O[C@H]1C[C@]2([H])CC[C@]3([H])[C@]([H])(CC[C@@]4(C)[C@@]3([H])C[C@@H]([C@@H]4OC(=O)C)[N+]5(C)CCCCC5)[C@@]2(C)C[C@@H]1N6CCCCC6.[Br-],637.7440000000003,2.9699000000000044,55.84,0.0,5.0,4.0,0.0,6.0,6.0,0.9411764705882353,41.0,234.0,156.37039999999973,259.5398294802931,3.374992124269132e-06,964.3708776302547,-0.6600000000000001,6.0,7.0,0.0
98D603VP8V,Cc1c(cccc1O)C(=O)N[C@@H](CSc2ccccc2)[C@@H](CN3C[C@@]4([H])CCCC[C@@]4([H])C[C@H]3C(=O)NC(C)(C)C)O.CS(=O)(=O)O,663.9030000000005,4.251620000000003,156.26999999999998,5.0,8.0,9.0,2.0,2.0,4.0,0.5757575757575758,45.0,250.0,178.06509999999955,271.6692663516654,1.0222494971194742e-06,1374.414308951487,-2.6399999999999997,2.0,12.0,5.0
C229N9DX94,Cn1c2c(c(=O)n(C)c1=O)[nH]cn2.Cn1c2c(c(=O)n(C)c1=O)[nH]cn2.C(CN)N.O.O,456.4640000000003,-4.824999999999996,260.40000000000003,4.0,8.0,1.0,4.0,0.0,4.0,0.375,32.0,178.0,118.48780000000001,178.91661270758772,4.900563859328897e-07,1295.4401631483636,-3.8600000000000003,0.0,16.0,10.0
B22547B95K,C(C(=O)O)C(CC(=O)O)(C(=O)O)O,192.12300000000002,-1.2485,132.13,4.0,4.0,5.0,0.0,0.0,0.0,0.5,13.0,74.0,37.09119999999999,72.22546290872793,4.619312134964085,227.36732222044088,-1.63,0.0,7.0,4.0
2BTY8KH53L,Cc1c(c(=O)ccn1C)O,139.154,0.39931999999999984,42.230000000000004,1.0,2.0,0.0,1.0,0.0,1.0,0.2857142857142857,10.0,54.0,38.08480000000001,58.54666266807179,3.492167040964919,300.96468344759177,-1.25,0.0,3.0,1.0
X72RBB02N8,c1ccc(cc1)C(COC(=O)N)COC(=O)N,238.24299999999994,0.9608000000000003,104.64,2.0,4.0,5.0,1.0,0.0,1.0,0.2727272727272727,17.0,92.0,60.25380000000003,98.48602974460672,2.643963962615988,362.31763766703165,-2.24,0.0,6.0,4.0
KKA5DLD701,c1ccc(cc1)[C@H]2c3ccccc3CCN2C(=O)O[C@H]4CN5CCC4CC5.C(CC(=O)O)C(=O)O,480.5610000000003,3.8007000000000017,107.38000000000001,2.0,5.0,5.0,2.0,4.0,6.0,0.4444444444444444,35.0,186.0,129.07560000000012,204.6572131088886,3.142036607885636e-07,1020.9768160748217,-3.3900000000000006,3.0,8.0,2.0
7KYV510875,CC[C@@H]1/C=C(\C)/C[C@H](C)C[C@@H]([C@]2([H])[C@H](C[C@@H](C)[C@@](C(=O)C(=O)N3CCCC[C@@]3([H])C(=O)O[C@]([H])(/C(=C/[C@@H]4CC[C@@H]([C@@H](C4)OC)Cl)/C)[C@H](C)[C@H](CC1=O)O)(O)O2)OC)OC,810.4660000000003,5.719400000000007,158.13,2.0,11.0,6.0,0.0,4.0,4.0,0.813953488372093,56.0,318.0,211.70359999999926,338.5296711031882,1.7637425111505955,1435.8203020879118,-2.1899999999999995,3.0,13.0,2.0
Q20Q21Q62J,[Cl-].[Cl-].N.N.[Pt+2],300.04600000000005,-5.6705000000000005,70.0,2.0,2.0,0.0,0.0,0.0,0.0,0.0,5.0,40.0,10.0442,58.334253084677066,-0.0,7.609640474436813,1.1883116883116884,0.0,5.0,6.0
D3741U8K7L,c1cc2c(cc1S(=O)(=O)[O-])C(=O)/C(=C\3/C(=O)c4cc(ccc4N3)S(=O)(=O)[O-])/N2.[Na+].[Na+],466.36000000000007,-5.368999999999998,172.6,2.0,10.0,2.0,2.0,2.0,4.0,0.0,30.0,144.0,91.7428,214.75384027671353,1.6016657784310644e-06,1247.7951451679917,-1.06,0.0,14.0,2.0
H4QBZ2LO84,CC(C[N+](C)(C)C)OC(=O)N.[Cl-],196.67799999999997,-2.8195999999999968,52.32,1.0,2.0,3.0,0.0,0.0,0.0,0.8571428571428571,12.0,74.0,43.0298,79.66676015012067,0.0,144.83202715243527,-0.48000000000000004,0.0,5.0,2.0
03J5ZE7KA5,O.N1([C@H]2C[C@H](OC(C(c3ccccc3)CO)=O)C[C@@H]1CC2)C.OS(=O)(=O)O.N1([C@H]2C[C@H](OC(C(c3ccccc3)CO)=O)C[C@@H]1CC2)C,694.844,2.3843000000000023,205.64,4.0,10.0,8.0,2.0,4.0,6.0,0.5882352941176471,48.0,268.0,177.7027999999995,282.2764581058369,2.2459086336562398e-07,1270.813783438683,-2.9499999999999997,4.0,14.0,6.0
QK4DYS664X,CC1(C)O[C@]2([H])C[C@@]3([H])[C@]4([H])C[C@@H](C5=CC(=O)C=C[C@]5(C)[C@@]4([H])[C@H](C[C@]3(C)[C@]2(C(=O)CO)O1)O)F.CC1(C)O[C@]2([H])C[C@@]3([H])[C@]4([H])C[C@@H](C5=CC(=O)C=C[C@]5(C)[C@@]4([H])[C@H](C[C@]3(C)[C@]2(C(=O)CO)O1)O)F.O,887.0230000000001,3.724700000000005,217.61999999999998,4.0,12.0,4.0,0.0,10.0,10.0,0.75,63.0,348.0,220.67099999999934,366.16966645522353,1.7013888197016084e-07,1967.8134900030104,-2.86,8.0,15.0,6.0
5Y5F15120W,C1C[C@@H](C(=O)N)N(C1)C(=O)[C@H](Cc2c[nH]cn2)NC(=O)[C@@H]3CCC(=O)N3,362.3900000000002,-1.808099999999996,150.28,4.0,5.0,6.0,1.0,2.0,3.0,0.5625,26.0,140.0,89.31650000000003,149.4383338361624,1.7381836139597804,703.6029525334473,-2.91,2.0,10.0,5.0
W733B0S9SD,CC(=O)/N=c/1\n(C)nc(s1)S(=O)(=O)N,236.278,-1.4237999999999995,107.40999999999998,1.0,5.0,1.0,1.0,0.0,1.0,0.4,14.0,78.0,48.702200000000005,83.94182492532303,3.398483669272069,523.4168055653823,-1.06,0.0,9.0,2.0
BGF9MN2HU1,CC(C)(C(=O)O)Oc1ccc(cc1)C(=O)c2ccc(cc2)Cl,318.756,3.8130000000000024,63.6,1.0,3.0,5.0,2.0,0.0,2.0,0.17647058823529413,22.0,114.0,83.66930000000005,132.84729730621618,2.1649159842212513,687.6038065906843,-2.329999999999999,0.0,5.0,1.0
93X55PE38X,c1ccc(c(c1)-c2c3ccc(cc3oc-4cc(=O)ccc42)[O-])C(=O)[O-].[Na+].[Na+],376.2750000000001,-3.990099999999998,93.4,0.0,5.0,2.0,2.0,2.0,4.0,0.0,27.0,122.0,88.31850000000003,198.1143508318049,1.3066661902779571e-06,1166.5504482979027,-1.5999999999999996,0.0,7.0,0.0
WJ6CA3ZU8B,CC(C)OC(=O)[C@H](C)N[P@](=O)(OC[C@@H]1[C@H]([C@](C)([C@H](n2ccc(=O)[nH]c2=O)O1)F)O)Oc3ccccc3,529.4580000000002,1.6564999999999994,158.17999999999995,3.0,9.0,10.0,2.0,1.0,3.0,0.5,36.0,198.0,125.20670000000003,205.4787673422743,1.7970343308995693,1216.9897787993725,-2.8299999999999996,1.0,14.0,3.0
6LL5JFU42F,CCCCCCO[C@@H](C)c1cccc(-c2csc(n2)NC(=O)c3cc(c(/C=C(\C)/C(=O)O)c(c3)Cl)Cl)c1OC,591.5570000000002,8.523600000000004,97.75,2.0,6.0,13.0,3.0,0.0,3.0,0.3448275862068966,39.0,208.0,158.3129999999997,242.32595240102003,1.7671383168376718,1332.1910264531487,-2.9099999999999997,0.0,10.0,2.0
3JXF0Z0XOI,CCOC(=O)[C@H](CS)NCCN[C@@H](CS)C(=O)OCC,324.46800000000013,-0.11139999999999994,76.66000000000001,4.0,8.0,11.0,0.0,0.0,0.0,0.8333333333333334,20.0,118.0,84.55340000000004,130.71360663931307,3.9707174646908694,264.63088752431923,-0.4400000000000001,0.0,8.0,2.0
6TK1G07BHZ,CC[C@@H]([C@H](C)O)n1c(=O)n(cn1)-c2ccc(cc2)N3CCN(CC3)c4ccc(cc4)OC[C@H]5C[C@](Cn6cncn6)(c7ccc(cc7F)F)OC5,700.7910000000004,4.5732000000000035,115.7,1.0,9.0,12.0,5.0,2.0,7.0,0.40540540540540543,51.0,268.0,187.31279999999947,294.01956817256655,0.9233492900705034,1957.7610476177251,-5.079999999999999,2.0,14.0,1.0
R63VQ857OT,c1ccc2c(c1)N=C(c3cc(ccc3O2)Cl)N4CCNCC4,313.7880000000001,3.4292000000000007,36.86,1.0,4.0,0.0,2.0,2.0,4.0,0.23529411764705882,22.0,112.0,88.60770000000005,133.92337538654567,1.8840897775171104,738.4339512236613,-2.039999999999999,1.0,5.0,1.0
4FT78T86XV,CCCCCCCCCCCCCC(=O)NCCCC[C@@H](C(=O)O)NC(=O)[C@@H]1CCCN1C(=O)[C@H]([C@@H](C)O)NC(=O)[C@H](CC2=CC=C(C=C2)O)NC(=O)[C@H](CC3=CC=CC=C3)NC(=O)[C@H](CC4=CC=CC=C4)NC(=O)CNC(=O)[C@H](CCCNC(=N)N)NC(=O)[C@H](CCC(=O)O)NC(=O)CNC(=O)[C@@H]5CSSC[C@H](NC(=O)[C@@H](NC(=O)[C@@H](NC(=O)[C@@H](NC(=O)[C@@H](NC(=O)[C@@H](NC(=O)[C@@H](NC(=O)[C@@H](NC(=O)[C@@H](NC(=O)[C@@H]6CSSC[C@@H](C(=O)N[C@@H](CSSC[C@@H](C(=O)NCC(=O)N[C@H](C(=O)N[C@H](C(=O)N[C@H](C(=O)N[C@H](C(=O)N[C@H](C(=O)N[C@H](C(=O)N[C@H](C(=O)N[C@H](C(=O)N[C@H](C(=O)N[C@H](C(=O)N5)C(C)C)CC(C)C)CC7=CC=C(C=C7)O)CC(C)C)C)CCC(=O)O)C(C)C)CC(C)C)CC8=CNC=N8)CO)NC(=O)[C@H](CC(C)C)NC(=O)[C@H](CC9=CNC=N9)NC(=O)[C@H](CCC(=O)N)NC(=O)[C@H](CC(=O)N)NC(=O)[C@H](C(C)C)NC(=O)[C@H](CC1=CC=CC=C1)N)C(=O)N[C@H](C(=O)N[C@H](C(=O)N[C@H](C(=O)N6)[C@@H](C)CC)CO)[C@@H](C)O)NC(=O)[C@H](CCC(=O)N)NC(=O)[C@H](CCC(=O)O)NC(=O)[C@H](C(C)C)NC(=O)[C@H]([C@@H](C)CC)NC(=O)CN)CO)CC(C)C)CC1=CC=C(C=C1)O)CCC(=O)N)CC(C)C)CCC(=O)O)CC(=O)N)CC1=CC=C(C=C1)O)C(=O)N[C@@H](CC(=O)N)C(=O)O,5916.926999999995,-13.379330000000374,2252.8199999999993,76.0,81.0,136.0,9.0,3.0,12.0,0.5880149812734082,413.0,2282.0,1504.6020000000087,2408.8029519004263,0.9957915169416295,16663.40233993314,-39.08000000000002,3.0,146.0,85.0
5LGN83G74V,COCCCC/C(=N\OCCN)/c1ccc(cc1)C(F)(F)F.C(=C/C(=O)O)/C(=O)O,434.4110000000001,2.9133000000000004,131.44,3.0,6.0,11.0,1.0,0.0,1.0,0.42105263157894735,30.0,168.0,103.12600000000006,171.31633878262068,8.897726352115943e-07,687.2164486396919,-2.9200000000000004,0.0,11.0,4.0
AC20PJ4101,C(CC(=O)c1ccc(cc1)F)CN2CCC(CC2)(c3ccc(cc3)Cl)O,375.8709999999999,4.4256000000000055,40.540000000000006,1.0,3.0,6.0,2.0,1.0,3.0,0.38095238095238093,26.0,138.0,100.98730000000005,157.95153635385228,1.444579210133206,737.611323693879,-1.7499999999999996,1.0,5.0,1.0
9842X06Q6M,C[C@H]1C[C@@]2([H])[C@]3([H])CCC4=CC(=O)C=C[C@]4(C)[C@]3([C@H](C[C@]2(C)[C@]1(C(=O)CO)O)O)F,392.4670000000001,1.895700000000001,94.83000000000001,3.0,5.0,2.0,0.0,4.0,4.0,0.7272727272727273,28.0,154.0,99.94440000000006,163.87178561127467,1.83769187946728,804.7488254884713,-1.3700000000000003,3.0,6.0,3.0
8MDF5V39QO,C(=O)(O)[O-].[Na+],84.006,-4.1083,60.36,1.0,2.0,0.0,0.0,0.0,0.0,0.0,5.0,24.0,8.0248,50.902640254977285,0.0,29.87430298092722,0.27,0.0,4.0,1.0
G162GK9U4W,Cc1c(cno1)C(=O)Nc2ccc(cc2)C(F)(F)F,270.21,3.2541200000000012,55.13,1.0,3.0,2.0,2.0,0.0,2.0,0.16666666666666666,19.0,100.0,60.63720000000001,105.75664771197401,2.124666471103936,587.7671184973083,-2.309999999999999,0.0,7.0,1.0
WJ68R08KX9,CC(C)OC(=O)CCC/C=C\C[C@@H]1[C@@H](/C=C/[C@H](COc2cccc(c2)C(F)(F)F)O)[C@@H](C[C@@H]1O)O,500.55400000000014,4.427400000000007,96.22000000000001,3.0,6.0,12.0,1.0,1.0,2.0,0.5769230769230769,35.0,196.0,124.53240000000007,203.61312821395563,1.8242845079083694,851.7340302603388,-2.359999999999999,1.0,9.0,3.0
J9CMF6461M,CC1=C(C(=O)O)N2C(=O)[C@H]([C@@]2([H])SC1)NC(=O)[C@@H](c3ccc(cc3)O)N.CC1=C(C(=O)O)N2C(=O)[C@H]([C@@]2([H])SC1)NC(=O)[C@@H](c3ccc(cc3)O)N.O,744.8050000000002,-0.5236999999999963,297.41999999999996,8.0,12.0,8.0,2.0,4.0,6.0,0.3125,51.0,272.0,184.40119999999985,298.5628542783766,2.2430768284171637e-07,1686.7260075142435,-5.08,2.0,19.0,12.0
A1L4914FMF,c1ccc(c(c1)CN2CCc3c(ccs3)C2)Cl.Cl,300.25399999999996,4.381600000000003,3.24,0.0,2.0,2.0,2.0,1.0,3.0,0.2857142857142857,18.0,96.0,80.83700000000003,122.79899104966414,1.2033326971503425e-06,524.0174727266439,-0.5399999999999998,0.0,4.0,0.0
1XL6BJI034,c1cc(ccc1C(=O)NCCC(=O)[O-])/N=N/c2ccc(c(c2)C(=O)[O-])O.[Na+].[Na+].O.O,437.3160000000002,-7.600499999999996,217.31,2.0,8.0,7.0,2.0,0.0,2.0,0.11764705882352941,30.0,150.0,92.24010000000003,214.96542158461315,-1.8224994321564353e-06,875.807036313997,-1.83,0.0,13.0,6.0
7W2J09SCWX,C[C@H]1C[C@@]2([H])[C@]3([H])C[C@@H](C4=CC(=O)C=C[C@]4(C)[C@]3([C@H](C[C@]2(C)[C@]1(C(=O)COC(=O)C)OC(=O)C)O)F)F,494.5310000000003,2.985300000000002,106.97000000000001,1.0,7.0,4.0,0.0,4.0,4.0,0.6923076923076923,35.0,192.0,119.31780000000006,202.45875662649664,1.8492752529262346,1052.3005172243675,-2.42,3.0,9.0,1.0
53AXN4NNHX,CC[C@H](C)[C@@H](C(=O)N[C@@H](C)C(=O)N[C@@H](CC1=CNC2=CC=CC=C21)C(=O)N[C@@H](CC(C)C)C(=O)N[C@@H](C(C)C)C(=O)N[C@@H](CCCNC(=N)N)C(=O)NCC(=O)N[C@@H](CCCNC(=N)N)C(=O)NCC(=O)O)NC(=O)[C@H](CC3=CC=CC=C3)NC(=O)[C@H](CCC(=O)O)NC(=O)[C@H](CCCCNC(=O)COCCOCCNC(=O)COCCOCCNC(=O)CC[C@H](C(=O)O)NC(=O)CCCCCCCCCCCCCCCCC(=O)O)NC(=O)[C@H](C)NC(=O)[C@H](C)NC(=O)[C@H](CCC(=O)N)NC(=O)CNC(=O)[C@H](CCC(=O)O)NC(=O)[C@H](CC(C)C)NC(=O)[C@H](CC4=CC=C(C=C4)O)NC(=O)[C@H](CO)NC(=O)[C@H](CO)NC(=O)[C@H](C(C)C)NC(=O)[C@H](CC(=O)O)NC(=O)[C@H](CO)NC(=O)[C@H]([C@@H](C)O)NC(=O)[C@H](CC5=CC=CC=C5)NC(=O)[C@H]([C@@H](C)O)NC(=O)CNC(=O)[C@H](CCC(=O)O)NC(=O)C(C)(C)NC(=O)[C@H](CC6=CN=CN6)N,4113.640999999981,-11.627860000000188,1646.1799999999994,57.0,56.0,149.0,6.0,0.0,6.0,0.6096256684491979,291.0,1618.0,1040.2750000000046,1679.7287186680119,1.1942649434467691,10800.247151013824,-28.689999999999927,0.0,104.0,61.0
1964X464OJ,CCC[C@@H](C(=O)OCC)N[C@@H](C)C(=O)N1[C@@]2([H])CCCC[C@@]2([H])C[C@H]1C(=O)O.CC(C)(C)N,441.6130000000003,2.6842000000000015,121.96000000000001,3.0,6.0,8.0,0.0,2.0,2.0,0.8695652173913043,31.0,180.0,120.49990000000008,186.80407822368403,8.608459534427599e-07,598.5095883384283,-1.67,2.0,8.0,4.0
U6F3787206,C(CCC(=O)O)CCN,131.17499999999998,0.5901000000000001,63.31999999999999,2.0,2.0,5.0,0.0,0.0,0.0,0.8333333333333334,9.0,54.0,35.15819999999999,54.85960814906508,2.8288681349096856,83.12704561867443,-0.5700000000000001,0.0,3.0,3.0
VN9A8JM7M7,CCCCCCCCCCCCCCCC(=O)O[C@@H]1[C@H]([C@H]([C@@]([H])([C@@]([H])([C@H](C)Cl)NC(=O)[C@@H]2C[C@@H](CCC)CN2C)O[C@@H]1SC)O)O.Cl,699.8670000000002,6.8435000000000095,108.33000000000001,3.0,8.0,22.0,0.0,2.0,2.0,0.9411764705882353,45.0,266.0,188.3082999999994,288.7984460179603,1.0124958957927902e-05,810.6498777279971,-0.2900000000000002,2.0,11.0,3.0
11QV9BS0CB,O.OS(O)(=O)=O.[C@]123[C@@]4([C@H](N(CC1)C)Cc5ccc(OC)c(c52)O[C@]3([C@@H](O)C=C4)[H])[H].[C@]123[C@@]4([C@H](N(CC1)C)Cc5ccc(OC)c(c52)O[C@]3([C@@H](O)C=C4)[H])[H].O.O,750.8640000000001,-0.12469999999999631,252.95999999999998,4.0,10.0,2.0,2.0,8.0,10.0,0.5555555555555556,52.0,288.0,189.9463999999996,302.4693647718998,1.6972103675837606e-07,1729.6503082504828,-3.2899999999999996,2.0,16.0,10.0
4797W6I0T4,CC(C)(C)NCC(COc1cccc2c1CCC(=O)N2)O.Cl,328.84,2.1209000000000007,70.59,3.0,4.0,5.0,1.0,1.0,2.0,0.5625,22.0,124.0,89.89820000000003,137.397111811446,2.4199978941435665e-06,514.60264945044,-1.2999999999999998,0.0,6.0,3.0
2N4O9L084N,CCCCCCC(C)(C)c1cc(c2[C@]3([H])CC(=O)CC[C@@]3([H])C(C)(C)Oc2c1)O,372.54900000000015,6.264000000000007,46.53,1.0,3.0,6.0,1.0,2.0,3.0,0.7083333333333334,27.0,150.0,109.68780000000008,164.05799995332413,1.9235057965313795,701.8229910722969,-1.51,1.0,3.0,1.0
M572600E5P,Cc1c(CCO)sc[n+]1Cc2cnc(C)nc2N.Cl.[Cl-],337.27600000000007,-1.9664599999999974,75.91,2.0,5.0,4.0,2.0,0.0,2.0,0.4166666666666667,20.0,112.0,77.57220000000001,134.26279755169793,1.8049994968168122e-06,562.3855051631195,-0.95,0.0,8.0,3.0
287M0347EV,c1cc(ccc1-c2ccc(/C=N/N3CC(=O)[N-]C3=O)o2)[N+](=O)[O-].c1cc(ccc1-c2ccc(/C=N/N3CC(=O)[N-]C3=O)o2)[N+](=O)[O-].[Na+].[Na+].O.O.O.O.O.O.O,798.5830000000001,-6.71569999999999,460.74,0.0,12.0,8.0,4.0,2.0,6.0,0.07142857142857142,55.0,288.0,183.01739999999992,351.59947183679856,-2.604166590771486e-07,1781.0334440166903,-5.260000000000002,2.0,27.0,14.0
JGS34J7L9I,C1C[C@H]([C@@H](CNC[C@H]([C@@H]2CCc3cc(ccc3O2)F)O)O)Oc4ccc(cc14)F,405.4410000000001,2.363600000000001,70.95,3.0,5.0,6.0,2.0,2.0,4.0,0.45454545454545453,29.0,156.0,103.15730000000005,167.82274711533492,1.2365254939318966,793.2010626317405,-2.2199999999999993,0.0,7.0,3.0
WDQ5P1SX7Q,CN(C)CCOc1ccc(cc1)CNC(=O)c2cc(c(c(c2)OC)OC)OC.Cl,424.9250000000001,3.004600000000002,69.26,1.0,6.0,10.0,2.0,0.0,2.0,0.38095238095238093,29.0,160.0,115.00720000000007,177.85146847956267,4.20499380512623e-06,756.1360751223986,-2.64,0.0,8.0,1.0
LL60K9J05T,C=CCN1C[C@@H](C[C@]2([H])c3cccc4c3c(C[C@]21[H])c[nH]4)C(=O)N(CCCN(C)C)C(=O)NCC,451.61500000000035,3.193900000000001,71.68,2.0,4.0,8.0,2.0,2.0,4.0,0.5384615384615384,33.0,178.0,132.36540000000002,196.3423281864484,1.614500739821188,1013.2759425858137,-2.64,1.0,7.0,2.0
59375N1D0U,CC(=O)NCCCS(=O)(=O)[O-].CC(=O)NCCCS(=O)(=O)[O-].[Ca+2],400.48800000000017,-2.2651999999999957,172.6,2.0,8.0,8.0,0.0,0.0,0.0,0.8,23.0,132.0,81.48380000000004,165.8253697935373,-3.333333249097224e-07,497.2082630179101,0.019740259740259614,0.0,13.0,2.0
BFE2NBZ7NX,C1CCN(C[C@@H](C1)N)c2c(cc3c(c2Cl)n(cc(c3=O)C(=O)O)C4CC4)F,393.8460000000002,3.144700000000001,88.56,2.0,4.0,3.0,2.0,2.0,4.0,0.47368421052631576,27.0,144.0,102.44570000000006,159.86624990498916,1.9767555251185858,986.5493122119227,-2.1199999999999997,2.0,8.0,3.0
ID1GU2627N,CC(C)CN(C[C@H]([C@H](Cc1ccccc1)NC(=O)O[C@H]2CCOC2)OP(=O)([O-])[O-])S(=O)(=O)c3ccc(cc3)N.[Ca+2],623.6780000000002,0.8750000000000029,183.38000000000002,2.0,10.0,13.0,2.0,1.0,3.0,0.48,40.0,216.0,145.4593999999999,264.3932800650826,5.603320833828956e-06,1223.8557459300434,-1.2502597402597395,1.0,15.0,3.0
MHM278SD3E,CC(C)(c1ccccc1CC[C@H](c2cccc(/C=C/c3ccc4ccc(cc4n3)Cl)c2)SCC5(CC5)CC(=O)O)O,586.1970000000003,8.948000000000002,70.42,2.0,4.0,12.0,4.0,1.0,5.0,0.3142857142857143,41.0,212.0,171.2495999999996,251.03702531682842,1.3712638757589357,1571.490110063069,-3.1199999999999988,1.0,6.0,2.0
TLE294X33A,[C-]#N.[C-]#N.[C-]#N.[C-]#N.[C-]#N.[C-]#N.[C-]#N.[C-]#N.[C-]#N.[C-]#N.[C-]#N.[C-]#N.[C-]#N.[C-]#N.[C-]#N.[C-]#N.[C-]#N.[C-]#N.[Fe+2].[Fe+2].[Fe+2].[Fe+3].[Fe+3].[Fe+3].[Fe+3],859.2390000000004,1.7171600000000005,428.2200000000001,0.0,18.0,0.0,0.0,0.0,0.0,0.0,43.0,218.0,89.42399999999996,329.27817275455106,-3.43584305380338e-09,374.32452506269107,-5.543636363636362,0.0,25.0,0.0
KI8H7H19WL,CC[C@@H]1[C@]2(C)[C@@H]([C@@H](C)C(=O)[C@H](C)C[C@](C)([C@@]([H])([C@@H](C)C(=O)[C@@H](C)C(=O)O1)O[C@H]3[C@@H]([C@H](C[C@@H](C)O3)N(C)C)O)OC)N(CCCCn4cc(-c5cccnc5)nc4)C(=O)O2,812.0179999999998,4.929200000000005,171.85,1.0,13.0,11.0,2.0,3.0,5.0,0.7209302325581395,58.0,322.0,214.2507999999992,342.6301213786695,1.433018751220468,1740.3154469653925,-3.76,3.0,15.0,1.0
0WR771DJXV,CC(CCc1ccc(cc1)O)NCCc2ccc(c(c2)O)O.Cl,337.8469999999999,3.3786000000000027,72.72,4.0,4.0,7.0,2.0,0.0,2.0,0.3333333333333333,23.0,126.0,94.61610000000003,142.76380670468615,2.6449971882530566e-06,601.7157350588664,-1.9099999999999993,0.0,5.0,4.0
M5DP350VZV,CCC(=C)C(=O)c1ccc(c(c1Cl)Cl)OCC(=O)O,303.141,3.6057000000000023,63.60000000000001,1.0,3.0,6.0,1.0,0.0,1.0,0.23076923076923078,19.0,102.0,73.35430000000004,120.13375052364273,3.0691765104126865,537.6899088554333,-1.52,0.0,6.0,1.0
KF7Z0E0Q2B,[N@@]12[C@]([H])([C@H](O)c3ccnc4c3cc(cc4)OC)C[C@@H]([C@H](C1)C=C)CC2.OS(=O)(=O)O.O.[N@@]12[C@]([H])([C@@H](c3ccnc4c3cc(cc4)OC)O)C[C@@H]([C@H](C1)C=C)CC2.O,782.9569999999999,4.0442000000000045,228.77999999999997,4.0,10.0,8.0,4.0,6.0,10.0,0.45,55.0,300.0,211.45859999999948,321.85758629515874,2.1134451030407497e-07,1896.8229500132409,-4.0299999999999985,6.0,15.0,8.0
VVJ6673MHY,c1c(cc(c(c1Cl)Cl)S(=O)(=O)N)S(=O)(=O)N,305.16400000000004,0.28820000000000046,120.31999999999998,2.0,4.0,2.0,1.0,0.0,1.0,0.0,16.0,90.0,59.208400000000005,102.23926875211589,3.7245203625070777,638.7375361244801,-0.3800000000000001,0.0,10.0,4.0
505CXM6OHG,COC(=O)OCOc1c(=O)ccn2c1C(=O)N3CCOC[C@@]3([H])N2[C@H]4c5ccc(c(c5CSc6ccccc64)F)F,571.5580000000004,3.391200000000002,99.54,0.0,9.0,4.0,3.0,3.0,6.0,0.2962962962962963,40.0,208.0,137.75149999999988,230.48987009256348,1.5759340768138355,1565.562155087397,-4.1,1.0,13.0,0.0
49717AWG6K,C([C@@H]1[C@H]([C@H]([C@H](n2cnc(C(=O)N)n2)O1)O)O)O,244.207,-3.0114999999999985,143.72,4.0,7.0,3.0,1.0,1.0,2.0,0.625,17.0,94.0,51.54930000000001,95.43976537340617,2.1949092649276896,421.8029666398912,-1.55,1.0,9.0,5.0
25BB7EKE2E,[Ba+2].O=S(=O)([O-])[O-],233.391,-1.7187999999999999,80.26,0.0,4.0,0.0,0.0,0.0,0.0,0.0,6.0,32.0,16.2286,75.5823231100505,0.0,90.7164928725825,1.441428571428571,0.0,6.0,0.0
00OT1QX5U4,[K+].[Mn](=O)(=O)(=O)[O-],158.03199999999998,-4.543899999999999,74.27,0.0,4.0,0.0,0.0,0.0,0.0,0.0,6.0,32.0,2.0595,78.49986071633919,0.0,128.7028942458906,1.5158441558441555,0.0,6.0,0.0
TR3MLJ1UAI,CCN(CC)C(=S)SSC(=S)N(CC)CC,296.5520000000001,3.6212000000000026,6.48,0.0,4.0,4.0,0.0,0.0,0.0,0.8,16.0,94.0,86.22000000000004,117.90714002929566,4.041784405967148,200.8589190857419,0.4799999999999999,0.0,6.0,0.0
7Z6522T8N9,CCCCCCC(=O)O[C@H]1CC[C@@]2([H])[C@]3([H])CCC4=CC(=O)CC[C@]4(C)[C@@]3([H])CC[C@@]21C,400.6030000000003,6.400500000000007,43.370000000000005,0.0,3.0,6.0,0.0,4.0,4.0,0.8461538461538461,29.0,162.0,115.34900000000009,176.58646567103798,1.4286935144629014,679.4409241196659,-1.12,3.0,3.0,0.0
778XL6VBS8,c1cc(ccc1C(=O)N[C@@H](CCC(=O)O)C(=O)O)NC[C@H]2CNc3c(c(=O)[nH]c(N)n3)N2C=O,473.4460000000002,-0.7310999999999979,219.84000000000003,7.0,9.0,10.0,2.0,1.0,3.0,0.3,34.0,180.0,120.78230000000005,191.71677220054195,1.6167861257976968,1148.9497925506862,-4.620000000000001,0.0,14.0,8.0
6GC8A4PAYH,CC/C=C\C/C=C\C/C=C\C/C=C\C/C=C\CCCC(=O)OCC,330.5120000000001,6.471200000000007,26.3,0.0,2.0,14.0,0.0,0.0,0.0,0.5,24.0,134.0,104.94300000000005,148.23008759878772,3.4815582170753774,425.25086878597017,-1.8299999999999996,0.0,2.0,0.0
L2C9GWQ43H,Cc1cnc(CS(=O)c2[nH]c3ccc(cc3n2)OC)c(C)c1OC,345.42400000000015,2.8997400000000013,77.10000000000001,1.0,5.0,5.0,3.0,0.0,3.0,0.29411764705882354,24.0,126.0,93.02110000000005,142.24467347477625,1.9005728339415113,920.8299213789107,-2.4099999999999997,0.0,7.0,1.0
3FTR44B32Q,F,20.006,0.15250000000000002,0.0,0.0,0.0,0.0,0.0,0.0,0.0,0.0,1.0,8.0,2.503,6.09714072430475,0.0,0.0,-0.07,0.0,1.0,0.0
NT6K61736T,c1ccc(cc1)CCCC(=O)[O-].[Na+],186.18599999999998,-2.236799999999998,40.129999999999995,0.0,2.0,4.0,1.0,0.0,1.0,0.3,13.0,64.0,44.38700000000003,100.26032705203514,1.4399995350001545e-06,246.3614753211342,-0.31000000000000005,0.0,3.0,0.0
OFG5EXG60L,c1cc(CC(O)(P(=O)(O)O)P(=O)(O)[O-])cnc1.[Na+],305.09499999999997,-4.002399999999999,151.01,4.0,5.0,4.0,1.0,0.0,1.0,0.2857142857142857,18.0,96.0,54.76020000000002,124.6913845456244,2.889998657000642e-06,461.8271756718878,0.4099999999999999,0.0,11.0,4.0
1CC1JFE158,CC(C)[C@@H]1C(=O)N2CCC[C@@]2([H])C(=O)N(C)CC(=O)N(C)[C@@H](C(C)C)C(=O)O[C@H](C)[C@@H](C(=O)N1)NC(=O)c3ccc(C)c4c3nc-5c(c(c(=O)c(C)c5o4)N)C(=O)N[C@H]6[C@@H](C)OC(=O)[C@H](C(C)C)N(C)C(=O)CN(C)C(=O)[C@]7([H])CCCN7C(=O)[C@@H](C(C)C)NC6=O,1255.4379999999994,0.7256400000000018,359.97999999999996,5.0,18.0,8.0,1.0,6.0,7.0,0.6129032258064516,90.0,490.0,325.4772000000005,521.8226518603486,1.3208241868707518,3416.975083356775,-8.719999999999999,4.0,28.0,6.0
G29272NCKL,C[C@H](/C(=N/O)/C)NCC(C)(C)CN[C@H](C)/C(=N/O)/C,272.39300000000003,1.668999999999999,89.24000000000001,4.0,6.0,8.0,0.0,0.0,0.0,0.8461538461538461,19.0,112.0,78.50140000000003,115.50547024287314,4.1890830842513225,296.60490641959393,-1.1400000000000001,0.0,6.0,4.0
HYD2U48IAS,c1ccnc(c1)[C@H](c2ccc(cc2)Cl)OC3CCN(CCCC(=O)O)CC3,388.89500000000027,4.170200000000002,62.66,1.0,4.0,8.0,2.0,1.0,3.0,0.42857142857142855,27.0,144.0,104.94880000000008,164.48413627577608,1.603572469485392,715.966395599283,-1.9499999999999997,1.0,6.0,1.0
9P1872D4OL,CC[C@H](C)[C@@H](C(=O)N[C@@H](CCC(=O)O)C(=O)N[C@@H](CC1=CNC2=CC=CC=C21)C(=O)N[C@@H](CC(C)C)C(=O)N[C@@H](CCCCN)C(=O)N[C@@H](CC(=O)N)C(=O)NCC(=O)NCC(=O)N3CCC[C@H]3C(=O)N[C@@H](CO)C(=O)N[C@@H](CO)C(=O)NCC(=O)N[C@@H](C)C(=O)N4CCC[C@H]4C(=O)N5CCC[C@H]5C(=O)N6CCC[C@H]6C(=O)N[C@@H](CO)C(=O)N)NC(=O)[C@H](CC7=CC=CC=C7)NC(=O)[C@H](CC(C)C)NC(=O)[C@H](CCCNC(=N)N)NC(=O)[C@H](C(C)C)NC(=O)[C@H](C)NC(=O)[C@H](CCC(=O)O)NC(=O)[C@H](CCC(=O)O)NC(=O)[C@H](CCC(=O)O)NC(=O)[C@H](CCSC)NC(=O)[C@H](CCC(=O)N)NC(=O)[C@H](CCCCN)NC(=O)[C@H](CO)NC(=O)[C@H](CC(C)C)NC(=O)[C@H](CC(=O)O)NC(=O)[C@H](CO)NC(=O)[C@H]([C@@H](C)O)NC(=O)[C@H](CC8=CC=CC=C8)NC(=O)[C@H]([C@@H](C)O)NC(=O)CNC(=O)[C@H](CCC(=O)O)NC(=O)CNC(=O)[C@H](CC9=CNC=N9)N,4186.6369999999815,-20.604330000000342,1749.7499999999989,58.0,60.0,134.0,5.0,4.0,9.0,0.6141304347826086,295.0,1634.0,1041.333800000005,1699.043459387557,0.831155881332793,11276.45741054177,-29.279999999999927,4.0,111.0,65.0
30OMY4G3MK,c1cc(c(CC(=O)NC(=N)N)c(c1)Cl)Cl,246.09699999999998,1.5455699999999997,78.97,3.0,2.0,2.0,1.0,0.0,1.0,0.1111111111111111,15.0,80.0,60.22280000000001,96.86938789637944,2.803904914887212,386.09397217515266,-1.2599999999999998,0.0,6.0,4.0
FMU62K1L3C,CCCCCCCCCC(=O)OCCN1CCN(CCCN2c3ccccc3Sc4ccc(cc42)C(F)(F)F)CC1,591.7840000000002,7.999700000000009,36.02,0.0,6.0,15.0,2.0,2.0,4.0,0.59375,41.0,226.0,160.08099999999965,246.94996188073944,1.1589074400543387,1105.8360217588358,-2.2299999999999986,1.0,9.0,0.0
423W026MA9,CC(=O)OCC(=O)[C@@]12[C@@]([H])(C[C@@]3([H])[C@]4([H])CCC5=CC(=O)C=C[C@]5(C)[C@]4([C@H](C[C@@]31C)O)F)OC6(CCCC6)O2,502.57900000000035,3.5238000000000023,99.13000000000001,1.0,7.0,3.0,0.0,6.0,6.0,0.75,36.0,196.0,125.26580000000004,209.96346627476828,1.4355642445372385,1091.456336923317,-1.9000000000000001,5.0,8.0,1.0
68IQX3T69U,CCCNCC(COc1ccccc1C(=O)CCc2ccccc2)O,341.451,3.2414000000000027,58.56,2.0,4.0,11.0,2.0,0.0,2.0,0.38095238095238093,25.0,134.0,100.19800000000005,149.39213962048515,1.8899771393046096,642.5992384237759,-2.1699999999999995,0.0,4.0,2.0
76I7G6D29C,CN1CC[C@@]23[C@@]4([H])C=C[C@@H]([C@]2([H])Oc5c(ccc(C[C@]41[H])c53)O)O,285.34299999999996,1.1981,52.93000000000001,2.0,4.0,0.0,1.0,4.0,5.0,0.5294117647058824,21.0,110.0,77.57660000000003,123.19468513566076,1.8445254467475665,670.2442212037415,-1.5199999999999998,1.0,4.0,2.0
MN3L5RMN02,c1cc(c(c(c1)Cl)NC2=NCCN2)Cl,230.09799999999998,2.3644999999999996,36.42,2.0,3.0,1.0,1.0,1.0,2.0,0.2222222222222222,14.0,74.0,60.38940000000001,92.12197761599711,2.2296355832661514,356.0698580865507,-0.9299999999999999,0.0,5.0,2.0
UHB9Z3841A,CC(C)(C)NC(=O)[C@@H]1C[C@]2([H])CCCC[C@]2([H])CN1C[C@H]([C@H](Cc3ccccc3)NC(=O)[C@H](CC(=O)N)NC(=O)c4ccc5ccccc5n4)O.CS(=O)(=O)O,766.9620000000002,2.5964000000000036,221.11999999999995,6.0,9.0,12.0,3.0,2.0,5.0,0.5128205128205128,54.0,294.0,205.6863999999995,316.96085851068386,1.217705258382583e-06,1861.3594981611714,-4.440000000000001,2.0,15.0,7.0
V74TEQ36CO,C[C@H](COc1ccccc1)N[C@H](C)[C@H](c2ccc(cc2)O)O.Cl,337.84700000000004,3.2930000000000033,61.72,3.0,4.0,7.0,2.0,0.0,2.0,0.3333333333333333,23.0,126.0,94.31130000000005,143.083118181997,2.644997365352701e-06,562.2391980174511,-1.7499999999999991,0.0,5.0,3.0
WFW942PR79,c1cc(c(Cn2cc(C(=O)N)nn2)c(c1)F)F,238.19699999999997,0.7034999999999999,73.8,1.0,3.0,3.0,2.0,0.0,2.0,0.1,17.0,88.0,53.9999,94.84620016357528,2.2822461406412,546.9335828894835,-2.309999999999999,0.0,7.0,2.0
1NF15YR6UY,C[C@H](c1cc(cc(c1)C(F)(F)F)C(F)(F)F)O[C@@H]2[C@H](c3ccc(cc3)F)N(CCO2)Cc4nc(=O)[nH][nH]4,534.4320000000002,4.952100000000004,83.24000000000001,2.0,5.0,6.0,3.0,1.0,4.0,0.391304347826087,37.0,200.0,114.44540000000003,204.7483434087218,1.6632945216777593,1238.5746842143203,-3.2300000000000004,1.0,14.0,2.0
0J9L7J6V8C,c1ccc(cc1)C(=O)c2cccc(CC(=O)N)c2N,254.28899999999996,1.5275999999999994,86.17999999999999,2.0,3.0,4.0,2.0,0.0,2.0,0.06666666666666667,19.0,96.0,73.62730000000002,110.58614926286378,2.4064052858396368,621.2976302733751,-2.62,0.0,4.0,4.0
C5N25H3803,Cc1cnc(CS(=O)c2[nH]c3ccc(cc3n2)OC)c(C)c1OC,345.42400000000015,2.8997400000000013,77.10000000000001,1.0,5.0,5.0,3.0,0.0,3.0,0.29411764705882354,24.0,126.0,93.02110000000005,142.24467347477625,1.9005728339415113,920.8299213789107,-2.4099999999999997,0.0,7.0,1.0
U5N7SU872W,CCOC(=O)CC(C(=O)OCC)SP(=S)(OC)OC,330.36400000000003,2.1218000000000004,71.06000000000002,0.0,8.0,9.0,0.0,0.0,0.0,0.8,19.0,112.0,77.56500000000004,121.96590766908356,4.8078107088724185,340.9115786798855,-0.1400000000000001,0.0,9.0,0.0
Y5L2157C4J,C=CC[C@@H]1/C=C(\C)/C[C@H](C)C[C@@H]([C@]2([H])[C@H](C[C@@H](C)[C@@](C(=O)C(=O)N3CCCC[C@@]3([H])C(=O)O[C@]([H])(/C(=C/[C@]4([H])CC[C@H]([C@@H](C4)OC)O)/C)[C@H](C)[C@H](CC1=O)O)(O)O2)OC)OC,804.0310000000004,4.639000000000005,178.35999999999996,3.0,12.0,7.0,0.0,4.0,4.0,0.7727272727272727,57.0,322.0,212.5923999999993,338.6959777107149,1.7776314240439024,1478.2958900460044,-2.7800000000000002,3.0,13.0,3.0
6490C9U457,C1CCC(CC1)C(=O)N2CC3c4ccccc4CCN3C(=O)C2,312.4130000000001,2.5349000000000013,40.620000000000005,0.0,2.0,1.0,1.0,3.0,4.0,0.5789473684210527,23.0,122.0,87.75500000000005,137.0008686865595,1.5676188764312613,621.550557109791,-1.84,2.0,4.0,0.0
BH3B64OKL9,c1cnccc1N,94.117,0.6638000000000001,38.91,1.0,2.0,0.0,1.0,0.0,1.0,0.0,7.0,36.0,28.6494,41.990941797456195,3.0214653097240864,136.00750422530467,-1.05,0.0,2.0,2.0
59NEE7PCAB,[C@@H]1([C@@H]([C@H]([C@H]([C@@H]([C@H]1Cl)Cl)Cl)Cl)Cl)Cl,290.832,3.644400000000001,0.0,0.0,0.0,0.0,0.0,1.0,1.0,1.0,12.0,72.0,57.84600000000002,101.3777278075734,2.7602520756252087,103.58797503894242,1.74,1.0,6.0,0.0
9451Z89515,CCN[C@H]1CN(CCCOC)S(=O)(=O)c2c1cc(s2)S(=O)(=O)N,383.5170000000001,0.08690000000000075,118.8,2.0,7.0,7.0,1.0,1.0,2.0,0.6666666666666666,23.0,132.0,87.36170000000004,140.27015571671325,2.44423070346814,756.9042640271008,-0.5600000000000002,0.0,11.0,3.0
WS821Z52LQ,c1ccc(cc1)-c2c(N)nc3c(c(N)nc(N)n3)n2,253.26899999999998,0.8333999999999997,129.62,3.0,7.0,1.0,3.0,0.0,3.0,0.0,19.0,94.0,73.8012,108.06842587212037,2.3078316699480332,754.8677985188037,-2.9600000000000004,0.0,7.0,6.0
RNZ43O5WW5,CCN(CC)C(=O)[C@@]1(C[C@@H]1CN)c2ccccc2.Cl,282.815,2.1932000000000005,46.33,1.0,2.0,5.0,1.0,1.0,2.0,0.5333333333333333,19.0,106.0,80.45740000000004,121.12439071534651,1.804999028625544e-06,419.41356774287595,-1.06,1.0,4.0,2.0
GR120KRT6K,C=CC(CCC(=O)O)N,129.159,0.3645000000000001,63.31999999999999,2.0,2.0,4.0,0.0,0.0,0.0,0.5,9.0,52.0,35.04219999999999,54.17000511688082,3.2647705192470307,111.6254878262668,-0.8300000000000001,0.0,3.0,3.0
RBZ1571X5H,Cc1cccc(c1NC(=O)c2cnc(Nc3cc(nc(C)n3)N4CCN(CC4)CCO)s2)Cl.O,506.03200000000044,2.488840000000001,138.01,3.0,9.0,7.0,3.0,1.0,4.0,0.36363636363636365,34.0,182.0,135.66050000000004,206.48271383607496,3.2399938910370393e-06,1115.1860138770548,-2.83,1.0,12.0,5.0
1T89100D5U,c1cc(ccc1CSC(Cn2ccnc2)c3ccc(cc3Cl)Cl)Cl.[N+](=O)(O)[O-],460.7700000000001,6.170300000000003,81.19,1.0,4.0,6.0,3.0,0.0,3.0,0.16666666666666666,28.0,148.0,112.95790000000004,180.71918559708428,6.404165140777e-07,888.8464108736866,-1.9299999999999993,0.0,10.0,1.0
2YHB6175DO,CN1CCC(=C2c3ccccc3C=Cc4ccccc42)CC1,287.4060000000001,4.697900000000004,3.24,0.0,1.0,0.0,2.0,2.0,4.0,0.23809523809523808,22.0,110.0,94.56500000000005,132.14194165390688,1.9631480815500688,705.4815373524832,-2.119999999999999,1.0,1.0,0.0
7XU7A7DROE,C[C@H]1/C=C/C=C/C=C/C=C/C=C/C=C/C=C/[C@@H](C[C@@]2([H])[C@@H]([C@H](C[C@](C[C@H](C[C@H]([C@@H](CC[C@H](C[C@H](CC(=O)O[C@@H](C)[C@H](C)[C@@H]1O)O)O)O)O)O)(O)O2)O)C(=O)O)O[C@@]3([H])[C@H]([C@H]([C@@H]([C@@H](C)O3)O)N)O,924.091000000001,0.7117000000000056,319.60999999999996,12.0,17.0,3.0,0.0,3.0,3.0,0.6595744680851063,65.0,368.0,236.9911999999994,380.5355606934801,1.8593854582300715,1665.8679911840345,-3.4400000000000004,2.0,18.0,13.0
721M9407IY,CCCc1cc(=O)[nH]c(=S)[nH]1,170.237,1.38499,48.65,2.0,2.0,2.0,1.0,0.0,1.0,0.42857142857142855,11.0,60.0,46.2424,69.48582777182845,3.088124235677758,310.53407724797967,-0.9000000000000001,0.0,4.0,2.0
FZJ37245UC,c1(c(N)nc(c(Cl)n1)N)C(=O)NC(=N)N.Cl.O.O,302.12200000000007,-2.30993,219.79,5.0,6.0,1.0,1.0,0.0,1.0,0.0,18.0,104.0,69.72269999999996,112.43485702039783,-7.49999905666679e-07,441.4341444801531,-1.88,0.0,12.0,12.0
33Y9ANM545,Cc1ccc(cc1S(=O)(=O)N)Nc2nccc(n2)N(C)c3ccc4c(C)n(C)nc4c3,437.5290000000002,3.1390400000000014,119.02999999999999,2.0,7.0,5.0,4.0,0.0,4.0,0.19047619047619047,31.0,160.0,121.38090000000004,180.14391638303974,1.627309736469276,1396.378075971583,-3.4999999999999996,0.0,10.0,3.0
K124A4EUQ3,c1cc2c(cc1F)COB2O,151.933,0.04339999999999994,29.46,1.0,2.0,0.0,1.0,1.0,2.0,0.14285714285714285,11.0,56.0,38.795800000000014,63.75643248148701,2.5049692350341153,289.7691046148454,-0.8650649350649353,0.0,4.0,1.0
G0G0H52U6K,CC(C)OC(=O)CNc1cccc(CN(Cc2ccc(cc2)-n3cccn3)S(=O)(=O)c4cccnc4)n1,520.6150000000001,3.416900000000002,119.31,1.0,8.0,11.0,4.0,0.0,4.0,0.23076923076923078,37.0,192.0,138.1884999999999,215.5493490330963,1.5565910154016005,1409.2293417493345,-4.089999999999999,0.0,11.0,1.0
YO7261ME24,c1ccc(cc1)C(c2ccc(cc2)Cl)N3CCN(CC3)CCOCC(=O)O,388.8950000000002,3.148200000000001,53.010000000000005,1.0,4.0,8.0,2.0,1.0,3.0,0.38095238095238093,27.0,144.0,106.20480000000008,164.65937985063633,1.6288871781572642,715.966395599283,-1.9199999999999995,1.0,6.0,1.0
A0JWA85V8F,CC(C)c1c(c(-c2ccccc2)c(-c3ccc(cc3)F)n1CC[C@H](C[C@H](CC(=O)O)O)O)C(=O)Nc4ccccc4,558.6500000000003,6.313600000000008,111.79000000000002,4.0,4.0,12.0,4.0,0.0,4.0,0.2727272727272727,41.0,214.0,157.24659999999977,238.45732394687116,1.891136858699184,1467.2614722780868,-4.27,0.0,8.0,4.0
0G389FZZ9M,C[N+](C)(C)C[C@@H](CC(=O)[O-])O,161.201,-1.8064999999999976,60.36,1.0,3.0,4.0,0.0,0.0,0.0,0.8571428571428571,11.0,66.0,38.530199999999994,66.64869847544368,3.6942591252386228,139.1113374466282,-0.6100000000000001,0.0,4.0,1.0
SHS4PU80D9,CCC(=O)NC[C@@H]1C[C@H]1c2cccc3c2CCO3,245.32199999999995,2.2512,38.33,1.0,2.0,4.0,1.0,2.0,3.0,0.5333333333333333,18.0,96.0,69.78970000000004,107.52914935516667,1.644245333470559,469.56144772457833,-1.51,1.0,3.0,1.0
7L3E358N9L,c1cc(c(cc1CCN)O)O.Cl,189.64200000000002,1.0207999999999995,66.48,3.0,3.0,2.0,1.0,0.0,1.0,0.25,12.0,68.0,49.77800000000002,77.24273880224435,1.209999733983395e-06,252.81321812853102,-0.9299999999999999,0.0,4.0,4.0
D7NLD2JX7U,Cc1ccc(=O)n(c1)-c2ccccc2,185.22600000000003,2.1459200000000003,22.0,0.0,1.0,1.0,2.0,0.0,2.0,0.08333333333333333,14.0,70.0,56.776000000000025,82.4445810075432,2.6265243874423194,485.17495788858764,-1.8299999999999992,0.0,2.0,0.0
06KB629TKV,Cc1cccc(c1)N(C)C(=S)Oc2ccc3ccccc3c2,307.41800000000006,4.948320000000003,12.47,0.0,2.0,2.0,3.0,0.0,3.0,0.10526315789473684,22.0,110.0,96.75600000000003,135.49714734740118,1.798924030379545,828.2879483663928,-2.389999999999999,0.0,3.0,0.0
23473EC6BQ,COc1ccc(Cc2c3cc(c(cc3ccn2)OC)OC)cc1OC.Cl,375.85200000000015,4.281800000000005,49.81,0.0,5.0,6.0,3.0,0.0,3.0,0.25,26.0,138.0,104.44700000000003,158.82179458080273,2.4299977551021514e-06,898.3587311604907,-2.66,0.0,6.0,0.0
5VOM6GYJ0D,CCCC(CCC)C(=O)O,144.214,2.2874,37.3,1.0,1.0,5.0,0.0,0.0,0.0,0.875,10.0,60.0,40.9418,62.24960168084558,3.6095780526829477,93.43071362054202,-0.53,0.0,2.0,1.0
EM5OCB9YJ6,CC(=O)O[C@H]1CC[C@@]2(C)C(=CC[C@@]3([H])[C@]4([H])CC=C(c5cccnc5)[C@@]4(C)CC[C@@]32[H])C1,391.5550000000002,5.9694000000000065,39.19,0.0,3.0,2.0,1.0,4.0,5.0,0.6153846153846154,29.0,154.0,114.85400000000007,174.1873721538375,1.4089371329614317,871.9543379319291,-1.9,2.0,3.0,0.0
W36ZG6FT64,C[C@@H]1/C=C/C=C/C=C(\C)/[C@H](C[C@]2([H])CC[C@@H](C)[C@@](C(=O)C(=O)N3CCCC[C@@]3([H])C(=O)O[C@@]([H])(CC(=O)[C@H](C)/C=C(\C)/[C@H]([C@H](C(=O)[C@H](C)C1)OC)O)[C@H](C)C[C@@H]4CC[C@H]([C@@H](C4)OC)O)(O)O2)OC,914.1870000000001,6.180600000000009,195.42999999999995,3.0,13.0,6.0,0.0,4.0,4.0,0.7450980392156863,65.0,366.0,245.13739999999908,386.7224915793505,1.7019978625273082,1755.5005702359908,-3.37,3.0,14.0,3.0
02O55696WH,CN(C)CCOC(c1ccc(cc1)Cl)c2ccccn2.C(=C/C(=O)O)/C(=O)O,406.8660000000001,3.1144000000000007,99.96,2.0,5.0,8.0,2.0,0.0,2.0,0.25,28.0,150.0,106.4496000000001,168.3970092884934,4.16499967332753e-07,747.9253305684091,-2.7400000000000007,0.0,8.0,2.0
839I73S42A,CCCCCCCCCCCCCCCC(=O)N[C@@H](CCC(=O)NCCCC[C@@H](C(=O)N[C@@H](CCC(=O)O)C(=O)N[C@@H](CC1=CC=CC=C1)C(=O)N[C@@H]([C@@H](C)CC)C(=O)N[C@@H](C)C(=O)N[C@@H](CC2=CNC3=CC=CC=C32)C(=O)N[C@@H](CC(C)C)C(=O)N[C@@H](C(C)C)C(=O)N[C@@H](CCCNC(=N)N)C(=O)NCC(=O)N[C@@H](CCCNC(=N)N)C(=O)NCC(=O)O)NC(=O)[C@H](C)NC(=O)[C@H](C)NC(=O)[C@H](CCC(=O)N)NC(=O)CNC(=O)[C@H](CCC(=O)O)NC(=O)[C@H](CC(C)C)NC(=O)[C@H](CC4=CC=C(C=C4)O)NC(=O)[C@H](CO)NC(=O)[C@H](CO)NC(=O)[C@H](C(C)C)NC(=O)[C@H](CC(=O)O)NC(=O)[C@H](CO)NC(=O)[C@H]([C@@H](C)O)NC(=O)[C@H](CC5=CC=CC=C5)NC(=O)[C@H]([C@@H](C)O)NC(=O)CNC(=O)[C@H](CCC(=O)O)NC(=O)[C@H](C)NC(=O)[C@H](CC6=CN=CN6)N)C(=O)O,3751.2619999999843,-10.161660000000166,1513.7599999999993,54.0,49.0,130.0,6.0,0.0,6.0,0.5930232558139535,266.0,1474.0,955.1668000000045,1535.421881614492,1.2067635331432822,9956.925110574624,-26.939999999999934,0.0,94.0,58.0
W34SHF8J2K,C[C@H](Cc1ccc(cc1)OC)NC[C@@H](c2ccc(c(c2)NC=O)O)O.C[C@H](Cc1ccc(cc1)OC)NC[C@@H](c2ccc(c(c2)NC=O)O)O.C(=C\C(=O)O)/C(=O)O,804.8940000000003,4.158400000000001,256.23999999999995,10.0,12.0,20.0,4.0,0.0,4.0,0.2857142857142857,58.0,312.0,218.24359999999962,336.33173317849935,3.3743231160512006e-07,1768.7292784168021,-6.46,0.0,16.0,10.0
4RZ82L2GY5,CC(=O)NO,75.067,-0.4882999999999999,49.33,2.0,2.0,0.0,0.0,0.0,0.0,0.5,5.0,30.0,15.603200000000001,29.563849677551957,2.8473789230876716,42.91260938324327,-0.5700000000000001,0.0,3.0,2.0
M03GIQ7Z6P,CSCC[C@@H](C(=O)NCC(=O)N[C@@H](Cc1c[nH]c2ccccc12)C(=O)N[C@@H](CCSC)C(=O)N[C@@H](CC(=O)O)C(=O)N[C@@H](Cc3ccccc3)C(=O)N)NC(=O)[C@H](Cc4ccc(cc4)OS(=O)(=O)O)NC(=O)[C@H](CC(=O)O)N,1143.2900000000004,-1.329399999999998,426.79999999999995,13.0,16.0,33.0,4.0,0.0,4.0,0.3877551020408163,78.0,422.0,286.7385999999999,455.9496481523234,1.5403609029891316,2876.1677849870102,-7.730000000000001,0.0,29.0,15.0
U3C8E5BWKR,c1ccc2c(c1)c(c[nH]2)C(=O)O[C@@H]3C[C@]4([H])C[C@@]5([H])C[C@]([H])(C3)N4CC5=O.CS(=O)(=O)O.O,438.5020000000002,1.1982999999999997,148.26999999999998,2.0,6.0,2.0,2.0,4.0,6.0,0.5,30.0,164.0,109.83560000000006,173.99568367620014,3.8613327047518705e-07,1024.3571953708808,-2.27,4.0,10.0,4.0
68Y4CF58BV,Cc1c(c(CO)c(cn1)CO)O.Cl,205.641,0.5020199999999999,73.58000000000001,3.0,4.0,2.0,1.0,0.0,1.0,0.375,13.0,74.0,49.73240000000003,82.28167195277078,1.4399996688000796e-06,290.96278259574564,-0.8400000000000001,0.0,5.0,3.0
19O2GP3B7Q,CCCC(=O)OCOC(=O)C1=C(C)NC(=C(C1c2cccc(c2Cl)Cl)C(=O)OC)C,456.3220000000002,4.245200000000003,90.92999999999999,1.0,7.0,7.0,1.0,1.0,2.0,0.38095238095238093,30.0,162.0,111.71370000000003,184.50209424357175,2.462397578469164,922.0717116256073,-2.5099999999999993,0.0,9.0,1.0
XH8T8T6WZH,CN1[C@H]2CC[C@@H]1[C@H]([C@H](C2)OC(=O)c3ccccc3)C(=O)OC.Cl,339.819,2.2895000000000008,55.84,0.0,5.0,3.0,1.0,2.0,3.0,0.5294117647058824,23.0,126.0,87.58950000000004,141.89716565265533,1.9199984104013536e-06,564.9716116340935,-1.5899999999999999,2.0,6.0,0.0
G926EC510T,CCCCCCCCc1ccc(cc1)CCC(CO)(CO)N,307.47800000000007,3.2043000000000013,66.48,3.0,3.0,12.0,1.0,0.0,1.0,0.6842105263157895,22.0,126.0,92.93300000000005,135.10400880805764,2.277627630851439,384.92658611292507,-0.9000000000000001,0.0,3.0,4.0
50LQB69S1Z,C[C@@]12CCC(=O)C=C2CC[C@H]3[C@@H]4CC[C@](C(=O)CO)([C@@]4(C)C[C@@H]([C@@H]31)O)O,362.46600000000007,1.7816,94.83000000000001,3.0,5.0,2.0,0.0,4.0,4.0,0.8095238095238095,26.0,144.0,95.14240000000004,154.0309111261361,1.7350832012021693,683.8889217536757,-1.0400000000000003,3.0,5.0,3.0
GV0O7ES0R3,C[C@@H](C(=O)N1CCC[C@H]1C(=O)O)N[C@@H](CCc2ccccc2)C(=O)O,348.39900000000006,1.1261000000000003,106.94000000000001,3.0,4.0,8.0,1.0,1.0,2.0,0.5,25.0,136.0,91.15530000000007,146.18760699706178,1.9462076496610747,619.152256622041,-2.4099999999999997,1.0,7.0,3.0
CXY7B3Q98Z,C[C@@]12CC[C@@H]3c4ccc(cc4CC[C@H]3[C@@H]2CC[C@@H]1O)O,272.3879999999999,3.609200000000003,40.46,2.0,2.0,0.0,1.0,3.0,4.0,0.6666666666666666,20.0,108.0,78.73060000000004,120.38168253606061,1.7111998765070118,538.2198018097884,-1.02,2.0,2.0,2.0
I6393O0922,C(=C/C[C@@H]1[C@@H](CC[C@H](CCc2ccccc2)O)[C@@H](C[C@@H]1O)O)/CCCC(=O)OCCCCO[N+](=O)[O-],507.6240000000005,3.7665000000000033,139.36,3.0,8.0,18.0,1.0,1.0,2.0,0.6666666666666666,36.0,202.0,134.3618,212.77808137373566,1.595253475824683,787.2381439371903,-2.49,1.0,9.0,3.0
YL5FZ2Y5U1,CN(Cc1cnc2c(c(N)nc(N)n2)n1)c3ccc(cc3)C(=O)N[C@@H](CCC(=O)O)C(=O)O,454.44700000000023,0.2684000000000003,210.53999999999996,5.0,10.0,9.0,3.0,0.0,3.0,0.25,33.0,172.0,118.26160000000006,187.03080174861526,1.674622124193935,1201.0294275064248,-4.55,0.0,13.0,7.0
GCU97FKN3R,CC(C)[C@@H](C(=O)OCC(CO)OCn1cnc2c1nc(N)[nH]c2=O)N,354.3670000000001,-1.4366999999999983,171.37,4.0,9.0,8.0,2.0,0.0,2.0,0.5714285714285714,25.0,138.0,88.29230000000001,142.49977233657353,1.9705446797766404,785.6005784335678,-2.5,0.0,11.0,6.0
413KH5ZJ73,CC(C)c1c(/C=C/[C@H](C[C@H](CC(=O)O)O)O)c(-c2ccc(cc2)F)nc(n1)N(C)S(=O)(=O)C,481.5460000000001,2.4017,140.92,3.0,7.0,10.0,2.0,0.0,2.0,0.4090909090909091,33.0,180.0,122.67920000000005,191.84786395020555,2.6114124073994325,1119.6962406474513,-2.89,0.0,11.0,3.0
7IK8Z952OK,C[C@H]1C(=O)N[C@H]2CSSC[C@@H](C(=O)N[C@H](C(=O)N[C@H](C(=O)N[C@@H](CSSC[C@H](NC(=O)CNC(=O)[C@@H](NC2=O)[C@@H](C)O)C(=O)N[C@@H](CC(C)C)C(=O)O)C(=O)N[C@H](C(=O)N[C@H](C(=O)N[C@H](C(=O)N1)C(C)C)CC(=O)N)C(C)C)CC(C)C)CCC(=O)O)NC(=O)[C@H](CCC(=O)O)NC(=O)[C@H](CC(=O)O)NC(=O)[C@H](CC(=O)N)N,1681.9150000000004,-8.148299999999962,718.13,23.0,27.0,28.0,0.0,3.0,3.0,0.676923076923077,113.0,634.0,405.03870000000074,664.0069860233721,3.2796287887201663,3485.3129643137518,-9.809999999999999,3.0,48.0,26.0
D6S4O4XD0H,CCN(C1=CC=CC=C1C)C(=O)C=CC,203.28499999999997,2.9240200000000014,20.310000000000002,0.0,1.0,3.0,1.0,0.0,1.0,0.3076923076923077,15.0,80.0,64.02000000000002,91.2177506583361,3.0238151680216805,368.5536317933456,-1.5699999999999998,0.0,2.0,0.0
SOA12P041N,CC(=O)Oc1ccccc1C(=O)Nc2ncc([N+](=O)[O-])s2,307.28700000000003,2.2289000000000003,111.43,1.0,7.0,4.0,2.0,0.0,2.0,0.08333333333333333,21.0,108.0,74.47260000000001,122.08276225581106,2.1948856079562464,712.4233906667993,-2.81,0.0,9.0,1.0
GLH0314RVC,CCCSc1nc(c2c(n1)n([C@@H]3C[C@@H]([C@H]([C@H]3O)O)OCCO)nn2)N[C@@H]4C[C@H]4c5ccc(c(c5)F)F,522.5780000000003,2.013699999999999,138.44,4.0,10.0,10.0,3.0,2.0,5.0,0.5652173913043478,36.0,194.0,127.75310000000003,209.63766750651945,1.4251181415430774,1232.7772284886767,-2.4499999999999993,2.0,13.0,4.0
PQ6CK8PD0R,C([C@@H]([C@]1([H])C(=C(C(=O)O1)O)O)O)O,176.124,-1.4073999999999995,107.22000000000001,4.0,6.0,2.0,0.0,1.0,1.0,0.5,12.0,68.0,35.25619999999999,67.32052975243379,2.7960670662634675,232.19280948873626,-1.27,0.0,6.0,4.0
2MRO291B4U,CN1c2ccc(cc2N(c3ccccc3)C(=O)CC1=O)Cl,300.745,3.3712000000000018,40.620000000000005,0.0,2.0,1.0,2.0,1.0,3.0,0.125,21.0,106.0,83.06700000000004,127.08841239699416,2.2371936988129644,715.4718451602732,-2.3299999999999996,0.0,5.0,0.0
S2QG84156O,[Cu+2],63.546,-0.0025,0.0,0.0,0.0,0.0,0.0,0.0,0.0,0.0,1.0,9.0,0.0,17.964098032124472,0.0,0.0,0.5194805194805194,0.0,1.0,0.0
V1L22WVE2S,CC(c1cc2ccccc2s1)N(C(=O)N)O,236.29599999999996,2.7321999999999997,66.56,2.0,3.0,2.0,2.0,0.0,2.0,0.18181818181818182,16.0,84.0,63.448900000000016,96.85777598376734,2.362960926704292,490.4338490921654,-1.5899999999999999,0.0,5.0,3.0
9L5X4M5L6I,CCCCCCCN(CC)CCCC(c1ccc(cc1)NS(=O)(=O)C)O.CCCCCCCN(CC)CCCC(c1ccc(cc1)NS(=O)(=O)C)O.C(=C\C(=O)O)/C(=O)O,885.2440000000004,8.039800000000008,213.87999999999994,6.0,10.0,30.0,2.0,0.0,2.0,0.6363636363636364,60.0,344.0,244.36219999999923,361.12962696245125,9.81775977621051e-07,1549.7797883517073,-3.54,0.0,16.0,6.0
038E5L962W,CS(=O)(=O)c1cccc(c1)C[C@@H](C(=O)O)NC(=O)c2c(cc3CN(CCc3c2Cl)C(=O)c4ccc5ccoc5c4)Cl,615.4910000000003,4.767300000000003,133.99,2.0,6.0,7.0,4.0,1.0,5.0,0.20689655172413793,41.0,212.0,153.26629999999975,245.12065994516598,1.3465659867544577,1817.16324250125,-3.8599999999999994,0.0,12.0,2.0
057Y626693,C1[C@H]([C@@H]([C@H]([C@@H]([C@H]1N)O[C@@H]2[C@@H]([C@H]([C@@H]([C@H](O2)CN)O)O)N)O[C@H]3[C@@H]([C@@H]([C@H](O3)CO)O[C@@H]4[C@@H]([C@H]([C@@H]([C@@H](O4)CN)O)O)N)O)O)N.OS(=O)(=O)O,712.7290000000004,-9.548100000000018,427.71,15.0,21.0,9.0,0.0,4.0,4.0,1.0,47.0,278.0,152.53340000000009,268.66260954675147,1.1141660497945646e-06,1076.6656364913201,-0.8900000000000001,4.0,24.0,21.0
1X9VK9O1SC,C([C@@H]1[C@H]([C@@H]([C@H](n2cnc3c(N)nc(F)nc32)O1)O)O)OP(=O)(O)O,365.214,-1.7239000000000002,186.07,5.0,9.0,4.0,2.0,1.0,3.0,0.5,24.0,132.0,73.61309999999997,132.469085162347,1.8875645524842573,812.2360674845531,-1.73,1.0,14.0,6.0
67M901L9NQ,CC(C(=O)[O-])O.[NH4+],107.109,-1.5067,96.86,2.0,3.0,1.0,0.0,0.0,0.0,0.6666666666666666,7.0,44.0,22.672600000000006,41.354875225005166,0.0,61.20035947603792,-0.6100000000000001,0.0,4.0,5.0
22X328QOC4,C[C@@]12CC[C@]3([H])c4ccc(cc4C[C@@H](CCCCCCCCC[S+](CCCC(C(F)(F)F)(F)F)[O-])[C@@]3([H])[C@]2([H])CC[C@@H]1O)O,606.7820000000002,8.6826,63.519999999999996,2.0,3.0,14.0,1.0,3.0,4.0,0.8125,41.0,234.0,152.65199999999984,244.4129401678271,1.1482195558305015,988.5703683111383,-1.0600000000000003,2.0,9.0,2.0
5T62Q3B36J,CNC(=O)c1cc(ccn1)Oc2ccc(cc2)NC(=O)Nc3ccc(c(c3)C(F)(F)F)Cl.Cc1ccc(cc1)S(=O)(=O)O,637.0360000000002,6.791420000000005,146.71999999999997,4.0,6.0,6.0,4.0,0.0,4.0,0.10714285714285714,43.0,226.0,154.23219999999978,249.16755987026744,3.863990895108359e-07,1701.3403194600442,-4.659999999999999,0.0,15.0,4.0
M711N184JE,c1cc(ccc1[C@@H]2CCNC[C@H]2COc3ccc4c(c3)OCO4)F,329.37100000000004,3.326500000000002,39.72,1.0,4.0,4.0,2.0,2.0,4.0,0.3684210526315789,24.0,126.0,88.17770000000006,140.0874630943337,1.4430472633559428,704.2581301134379,-2.269999999999999,1.0,5.0,1.0
6DPV8NK46S,CC(Cc1ccccc1)N.CC(Cc1ccccc1)N.OS(=O)(=O)O,368.499,2.4998000000000005,126.64,4.0,4.0,4.0,2.0,0.0,2.0,0.3333333333333333,25.0,140.0,101.76820000000008,150.00146735131923,3.679999956556668e-07,606.4901251321179,-1.7699999999999996,0.0,7.0,6.0
NVG71ZZ7P0,CC(=O)[O-].[Na+],82.034,-4.2398,40.129999999999995,0.0,2.0,0.0,0.0,0.0,0.0,0.5,5.0,24.0,10.681000000000001,52.473348617177884,0.0,30.629190483090685,0.47,0.0,3.0,0.0
E1QI2CQQ1I,c1cc([N+](=O)[O-])oc1/C=N/N2CC(=O)NC2=O.O,256.174,-0.7511999999999999,149.54999999999998,1.0,6.0,3.0,1.0,1.0,2.0,0.125,18.0,96.0,56.81490000000001,99.31159739853923,1.6199991310504794e-06,521.4117912878012,-2.75,1.0,10.0,3.0
4805237NP5,c1cc(c(c(c1)Cl)SC(CCc2ccc(cc2)Cl)Cn3ccnc3)Cl.[N+](=O)(O)[O-],474.797,6.289300000000005,81.19,1.0,4.0,7.0,3.0,0.0,3.0,0.21052631578947367,29.0,154.0,116.88790000000003,187.0841277114809,6.869998173798838e-07,884.5677603260305,-1.9299999999999997,0.0,10.0,1.0
7AXV542LZ4,CNC(=O)c1cnn(c1)-c2nc(c3c(n2)n(cn3)[C@H]4[C@@H]([C@@H]([C@@H](CO)O4)O)O)N,390.3600000000001,-2.434699999999998,186.46,5.0,10.0,4.0,3.0,1.0,4.0,0.4,28.0,148.0,93.25700000000002,156.95175627871262,1.770808227691828,1032.784989556204,-3.1300000000000003,1.0,13.0,6.0
M6T05Z2B68,CCC[C@@H]1C[C@@H](C(=O)N[C@H]([C@@H](C)O)[C@@H]2[C@@H]([C@@H]([C@H]([C@H](O2)SC)O)O)O)N(C)C1,406.5450000000002,-0.8569999999999971,122.49000000000001,5.0,8.0,7.0,0.0,2.0,2.0,0.9444444444444444,27.0,158.0,103.24090000000005,164.81641288302475,2.094099659349725,494.47230643250566,-0.42000000000000004,2.0,9.0,5.0
S915P5499N,C1CNCCNCCCN(CCNC1)Cc2ccc(cc2)CN3CCCNCCNCCCNCC3,502.79600000000045,0.41580000000000733,78.66,6.0,8.0,4.0,1.0,2.0,3.0,0.7857142857142857,36.0,206.0,152.68219999999985,220.26730777121892,1.4528875864837862,557.9417729250036,-1.1,2.0,8.0,6.0
817W3C6175,CC(C)(C)NC[C@@H](COc1c(nsn1)N2CCOCC2)O,316.4270000000001,0.5024999999999997,79.74000000000001,2.0,8.0,6.0,1.0,1.0,2.0,0.8461538461538461,21.0,120.0,82.19850000000004,129.13279449954695,1.815875286791508,429.2960174181891,-0.96,1.0,8.0,2.0
45IUB1PX8R,COC(=O)/C=C/C(=O)O,130.099,-0.19980000000000003,63.60000000000001,1.0,3.0,2.0,0.0,0.0,0.0,0.2,9.0,50.0,28.79179999999999,51.74023963502214,3.7058084663384934,147.03698459046726,-1.32,0.0,4.0,1.0
0P6C6ZOP5U,C1CC1COc2cc(ccc2OC(F)F)C(=O)Nc3c(cncc3Cl)Cl,403.212,5.030900000000003,60.45,1.0,4.0,7.0,2.0,1.0,3.0,0.29411764705882354,26.0,138.0,93.50320000000002,157.76804484163932,1.8109905158998685,796.3401511649429,-2.1199999999999997,1.0,9.0,1.0
CK0N3WH0SR,C(C(F)(F)F)(C(F)(F)F)(F)F,188.01699999999997,2.7462999999999997,0.0,0.0,0.0,0.0,0.0,0.0,0.0,1.0,11.0,68.0,17.057000000000002,54.79341848003264,4.7484085779251695,120.39661034611619,-0.56,0.0,8.0,0.0
B10YD955QW,CN(C)CC[C@@H](c1ccc(cc1)Cl)c2ccccn2.C(=C/C(=O)O)/C(=O)O,390.86700000000013,3.5304,90.73,2.0,4.0,7.0,2.0,0.0,2.0,0.25,27.0,144.0,105.1146000000001,163.28346405898654,3.8723681588532514e-07,730.3368450633944,-2.7,0.0,7.0,2.0
S65743JHBS,COc1cc2c(cc1OCCCN3CCOCC3)c(ncn2)Nc4ccc(c(c4)Cl)F,446.91,4.275600000000003,68.74000000000001,1.0,7.0,8.0,3.0,1.0,4.0,0.36363636363636365,31.0,164.0,118.15370000000003,184.6422967529728,1.5078739571774322,1046.6849035998566,-2.6799999999999993,1.0,9.0,1.0
HJT0RXD7JK,C1[C@@H]([C@H]([C@@H]([C@H]([C@@H]1N)O[C@@H]2[C@@H]([C@H]([C@@H]([C@@H](CO)O2)O)N)O)O)O[C@@H]3[C@@H](C[C@@H]([C@@H](CN)O3)O)N)N,467.52000000000027,-6.295800000000003,268.16999999999996,10.0,14.0,6.0,0.0,3.0,3.0,1.0,32.0,188.0,108.37100000000002,185.05057667605533,1.699170646876376,607.1880034640932,-0.5599999999999999,3.0,14.0,15.0
0G76K8X6C0,CC1(CC(=O)N(C)C1=O)c2ccccc2,203.241,1.3329999999999997,37.38,0.0,2.0,1.0,1.0,1.0,2.0,0.3333333333333333,15.0,78.0,56.18800000000004,88.6981025226383,2.451466570284267,412.8901128470495,-1.6399999999999997,1.0,3.0,0.0
EH28UP18IF,C/C(=C\C=C\C(=C/C(=O)O)\C)/C=C/C1=C(C)CCCC1(C)C,300.44200000000006,5.602600000000005,37.3,1.0,1.0,5.0,0.0,1.0,1.0,0.45,22.0,120.0,93.76180000000005,134.17506073915436,2.7915849583616437,566.514664398947,-1.8299999999999996,0.0,2.0,1.0
BEW7469QZ0,CN1[C@H]2CC[C@@H]1C[C@@H](C2)OC(=O)C(c3ccccc3)O.Br,356.26,2.4663000000000013,49.769999999999996,1.0,4.0,3.0,1.0,2.0,3.0,0.5625,21.0,116.0,85.41080000000004,135.41099882080212,1.6133320797009986e-06,467.67024979308417,-0.9100000000000001,2.0,5.0,1.0
JFU09I87TR,C[C@@H](c1c(cncn1)F)[C@](Cn2cncn2)(c3ccc(cc3F)F)O,349.31600000000003,2.1769000000000003,76.72,1.0,5.0,5.0,3.0,0.0,3.0,0.25,25.0,130.0,80.68180000000002,140.56237734998655,2.1271464030010665,873.966564339529,-2.8099999999999996,0.0,9.0,1.0
3G6A5W338E,Cn1cnc2c1c(=O)n(C)c(=O)n2C,194.194,-1.0293,61.82,0.0,3.0,0.0,2.0,0.0,2.0,0.375,14.0,74.0,51.19600000000001,79.02895701814933,3.221281081084588,616.5285919942219,-1.85,0.0,6.0,0.0
O0P4I5851I,C1CC[C@@H](CN2C(=O)[C@]3([H])[C@H]4CC[C@H](C4)[C@]3([H])C2=O)[C@@H](C1)CN5CCN(CC5)c6c7ccccc7sn6.Cl,529.1500000000004,4.677600000000005,56.75000000000001,0.0,6.0,5.0,2.0,5.0,7.0,0.6785714285714286,36.0,194.0,145.49999999999986,223.50443598946524,2.401423312507071e-06,1103.7025239424188,-1.6999999999999993,5.0,8.0,0.0
5L0HB4V1EW,C(CC(=O)O)[C@@H](C(=O)O)NC(=O)N,190.155,-1.0272999999999997,129.72,4.0,3.0,5.0,0.0,0.0,0.0,0.5,13.0,74.0,41.01269999999999,73.52674828495667,4.023176700858032,227.06450089168598,-1.79,0.0,7.0,5.0
9NDF7JZ4M3,c1cc(ccc1N2CCOCC2=O)N3C[C@H](CNC(=O)c4ccc(Cl)s4)OC3=O,435.8890000000002,2.5199,88.18,1.0,6.0,5.0,2.0,2.0,4.0,0.3157894736842105,29.0,152.0,108.89120000000001,175.48612982852507,1.3496120452397593,932.180757191145,-2.6199999999999997,2.0,10.0,1.0
320T6RNW1F,CC#C[C@@]1(CC[C@@]2([H])[C@]3([H])CCC4=CC(=O)CCC4=C3[C@H](C[C@@]21C)c5ccc(cc5)N(C)C)O,429.60400000000016,5.406500000000007,40.540000000000006,1.0,3.0,2.0,1.0,4.0,5.0,0.5517241379310345,32.0,168.0,129.43180000000004,192.13735598643598,1.669116622570653,1066.6143469067176,-2.3099999999999996,2.0,3.0,1.0
47M74X9YT5,C1[C@@H]([C@@H](CO)O[C@H]1n2cnc3c(N)nc(Cl)nc32)O,285.691,-0.29739999999999994,119.31,3.0,7.0,2.0,2.0,1.0,3.0,0.5,19.0,102.0,66.36500000000001,112.35519257792842,2.0234673553110345,618.4760858872266,-1.48,1.0,9.0,4.0
MJ4PTD2VVW,CN1CC[C@@]23C=C[C@@H](C[C@]2([H])Oc4c(ccc(C1)c43)OC)O.Br,368.27099999999996,2.4282000000000012,41.93000000000001,1.0,4.0,1.0,1.0,3.0,4.0,0.5294117647058824,22.0,120.0,90.12480000000005,141.03252987894834,1.4399991219005555e-06,618.1667679827204,-1.0399999999999998,0.0,5.0,1.0
699121PHCA,CC1=C2[C@H](C(=O)[C@]3(C)[C@H](C[C@@H]4[C@@](CO4)([C@@]3([H])[C@@H]([C@](C[C@@H]1OC(=O)[C@@H]([C@H](c5ccccc5)NC(=O)OC(C)(C)C)O)(C2(C)C)O)OC(=O)c6ccccc6)OC(=O)C)O)O,807.8900000000003,3.2596000000000016,224.44999999999993,5.0,14.0,8.0,2.0,4.0,6.0,0.5581395348837209,58.0,314.0,203.60439999999946,336.1909090656998,1.4857057667213098,1976.3289707769834,-4.67,3.0,15.0,5.0
R60L0SM5BC,Cc1ncc2CN=C(c3ccccc3F)c4cc(ccc4-n12)Cl,325.774,4.324220000000003,30.18,0.0,2.0,1.0,3.0,1.0,4.0,0.1111111111111111,23.0,114.0,89.05400000000003,137.6374907255098,2.0274961737508215,943.1897985853425,-2.4599999999999995,0.0,5.0,0.0
AV9U0660CW,C[C@@H]1C[C@@H]2CC[C@H]3C(=C)C[C@H](CC[C@@]45C[C@@H]6[C@@H]([C@@]7([H])[C@H]([C@H]([C@]8([H])[C@]([H])(CC[C@H](CC(=O)C[C@H]9[C@]([H])(C[C@H](C1=C)O2)O[C@H](C[C@@H](CN)O)[C@@H]9OC)O8)O7)O4)O6)O5)O3.CS(=O)(=O)O,826.0150000000004,2.9420000000000055,200.76,3.0,14.0,4.0,0.0,10.0,10.0,0.8780487804878049,57.0,322.0,203.7357999999993,335.85726993594636,8.588027936617658e-07,1604.5637205788391,-1.3800000000000006,10.0,16.0,4.0
LCH760E9T7,C/C(=C\C=C\C(=C\C(=O)O)\C)/C=C/c1c(C)cc(c(C)c1C)OC,326.4360000000001,5.1670600000000055,46.53,1.0,2.0,6.0,1.0,0.0,1.0,0.2857142857142857,24.0,128.0,100.52880000000005,144.21642378845573,2.971612486533635,731.9410191793835,-2.5499999999999994,0.0,3.0,1.0
6702D36OG5,C[C@H](/C=C/[C@H](C)C(C)(C)O)[C@@]1([H])CC[C@@]2([H])/C(=C/C=C/3\C[C@H](C[C@@H](C3)O)O)/CCC[C@]12C,416.6460000000003,5.560600000000008,60.69,3.0,3.0,5.0,0.0,3.0,3.0,0.7777777777777778,30.0,170.0,123.96840000000007,183.52414470158894,1.7253537521568005,670.7119726280487,-0.9000000000000001,3.0,3.0,3.0
3Z9Y7UWC1J,COc1ccc(cc1)-n2c3c(CCN(c4ccc(cc4)N5CCCCC5=O)C3=O)c(C(=O)N)n2,459.5060000000003,2.6996,110.75999999999999,1.0,5.0,5.0,3.0,2.0,5.0,0.28,34.0,174.0,126.66040000000008,196.24825339255116,1.4903937191885357,1263.7081799817347,-4.14,1.0,9.0,2.0
02L083W284,C(C(CO)OCn1cnc2c1[nH]c(N)nc2=O)O,255.23399999999998,-1.970899999999999,139.28,4.0,7.0,5.0,2.0,0.0,2.0,0.4444444444444444,18.0,98.0,61.605700000000006,100.85433749022314,2.265207858895494,588.1457870436972,-1.97,0.0,9.0,5.0
60158CV180,COc1c2c(nc(N)n1)n(cn2)[C@H]3[C@H]([C@@H]([C@@H](CO)O3)O)O,297.2710000000001,-1.9714000000000003,148.77,4.0,9.0,3.0,2.0,1.0,3.0,0.5454545454545454,21.0,114.0,69.2968,118.32464744714626,2.0748998812312083,661.7365205628685,-2.01,1.0,10.0,5.0
7E1DV054LO,C[C@@]12CC[C@]3([H])c4ccc(cc4CC[C@@]3([H])[C@]2([H])CC[C@@H]1OC(=O)CCC5CCCC5)O,396.57100000000025,6.130500000000007,46.53,1.0,3.0,4.0,1.0,4.0,5.0,0.7307692307692307,29.0,158.0,113.79580000000009,174.77622187505887,1.2511552278472005,765.2169862876922,-1.5099999999999998,3.0,3.0,1.0
8E3C3C493W,CCNC(=O)[C@@H]1CCCN1C(=O)[C@H](CCCN=C(N)N)NC(=O)[C@H](CC(C)C)N=C([C@@H](CC(C)C)NC(=O)[C@H](Cc2ccc(cc2)O)N=C([C@H](CO)N=C([C@H](Cc3c[nH]c4ccccc34)NC(=O)[C@H](Cc5c[nH]cn5)NC(=O)[C@@H]6CCC(=O)N6)O)O)O,1209.4210000000003,1.0828000000000018,442.00999999999993,15.0,14.0,32.0,4.0,2.0,6.0,0.5254237288135594,87.0,472.0,325.8734000000003,503.6030329545386,1.29980585027475,3102.944921434123,-9.079999999999997,2.0,28.0,17.0
0N7609K889,c1cnc(nc1)NS(=O)(=O)c2ccc(cc2)N,250.283,0.8595999999999999,97.97,2.0,5.0,3.0,2.0,0.0,2.0,0.0,17.0,88.0,63.69490000000002,98.57832206048987,2.2855090743996467,595.9628413066204,-2.15,0.0,7.0,3.0
1PVF6JLU7B,C[N+]1(C)CC[C@@H](C1)OC(=O)[C@](c2ccccc2)(C3CCCC3)[O-],317.4290000000002,1.8242999999999994,49.36,0.0,3.0,4.0,1.0,2.0,3.0,0.631578947368421,23.0,126.0,86.41740000000006,138.2030945381398,1.8197636228721978,550.9929696777579,-1.3900000000000001,2.0,4.0,0.0
F4GSH45R4C,c1cc(ccc1CCc2c[nH]c3c2c(=O)nc(N)[nH]3)C(=O)N[C@@H](CCC(=O)O)C(=O)O,427.4170000000002,0.6664,191.25999999999996,6.0,6.0,9.0,3.0,0.0,3.0,0.25,31.0,162.0,110.73660000000005,174.8624639405642,1.6355526811030903,1180.9837366758736,-4.15,0.0,11.0,7.0
913P6LK81M,Cn1c(Cn2ccc(c(c2=O)Oc3cc(cc(c3)Cl)C#N)C(F)(F)F)n[nH]c1=O,425.754,2.65458,105.69999999999999,1.0,5.0,4.0,3.0,0.0,3.0,0.17647058823529413,29.0,150.0,94.87570000000004,164.89090244138416,2.1143058157682075,1236.821427505276,-3.5199999999999996,0.0,12.0,1.0
3M7OB98Y7H,CCCc1c2c(c(=O)[nH]c(-c3cc(ccc3OCC)S(=O)(=O)N4CCN(C)CC4)n2)n(C)n1,474.5870000000003,1.6109,113.42,1.0,7.0,7.0,3.0,1.0,4.0,0.5,33.0,178.0,125.98550000000006,192.78073394335604,1.8517024716417807,1322.639953437774,-2.76,1.0,11.0,1.0
O9U0F09D5X,c1ccc2c(c1)[nH]c(=O)n2C3=CCN(CCCC(=O)c4ccc(cc4)F)CC3,379.43500000000006,3.6784000000000026,58.1,1.0,3.0,6.0,3.0,1.0,4.0,0.2727272727272727,28.0,144.0,107.85320000000003,161.6463998629255,1.3395408561115358,1079.104975542076,-2.989999999999999,0.0,6.0,1.0
K5BN214699,C1CC(=O)C(C(=O)C1)C(=O)c2ccc(cc2[N+](=O)[O-])C(F)(F)F,329.23,2.7346000000000013,94.35,0.0,5.0,3.0,1.0,1.0,2.0,0.35714285714285715,23.0,122.0,69.7839,126.97925711255039,2.4975066250656877,694.8545566350957,-2.579999999999999,1.0,9.0,0.0
XJM390A33U,C[C@H]1/C=C/C=C(/C)\C(=O)Nc2c(/C=N/N3CCN(CC3)C4CCCC4)c(c5c(c(c(C)c6c5C(=O)[C@@](C)(O/C=C/[C@@H]([C@@H](C)[C@H]([C@H](C)[C@@H]([C@H](C)[C@H]1O)O)OC(=O)C)OC)O6)O)c2O)O,877.0450000000008,5.648220000000011,220.14999999999998,6.0,15.0,5.0,2.0,5.0,7.0,0.574468085106383,63.0,344.0,236.8111999999994,368.36869618248585,1.4724672499900213,2189.6656460571803,-5.16,2.0,16.0,6.0
77W477J15H,c1c(c(cc2c1N=CNS2(=O)=O)S(=O)(=O)N)Cl,295.72900000000004,-0.06089999999999979,118.68999999999998,2.0,5.0,1.0,1.0,1.0,2.0,0.0,17.0,92.0,61.29870000000001,102.40040745855705,2.8465966642778904,723.7308563894459,-1.1599999999999997,0.0,10.0,3.0
F7LTH1E20Y,C(C[C@@H](C(=O)O)N)CNC(=N)N.Cl,210.66500000000002,-0.9166299999999996,125.21999999999998,5.0,3.0,5.0,0.0,0.0,0.0,0.6666666666666666,13.0,78.0,52.010000000000005,82.58780528150005,0.0,176.01718684236351,-1.01,0.0,7.0,7.0
WX877SQI1G,C/C(=C\Cc1c(c2c(COC2=O)c(C)c1OC)O)/CCC(=O)O,320.3410000000001,2.73322,93.06000000000002,2.0,5.0,6.0,1.0,1.0,2.0,0.4117647058823529,23.0,124.0,82.84610000000004,133.88893435563946,2.3678904247555956,687.0593870783534,-2.5,0.0,6.0,2.0
9R3D3Y0UHS,COCCOC(=O)NCCCC[C@@H](C(=O)O)N,248.27899999999994,-0.05879999999999813,110.88,3.0,5.0,9.0,0.0,0.0,0.0,0.8,17.0,100.0,60.688900000000025,100.2578513493171,3.328533399279382,234.73614691256086,-1.34,0.0,7.0,4.0
F0P408N6V4,c1cc2c(CN(C3CCC(=O)NC3=O)C2=O)c(c1)N,259.265,0.029799999999999938,92.5,2.0,4.0,1.0,1.0,2.0,3.0,0.3076923076923077,19.0,98.0,66.8996,109.10848846417022,1.8979320736819345,596.7962801712908,-2.37,1.0,6.0,3.0
7GR28W0FJI,CN(C)/N=N/c1c(C(=O)N)nc[nH]1,182.18699999999998,0.0688999999999999,99.72999999999999,2.0,4.0,3.0,1.0,0.0,1.0,0.3333333333333333,13.0,70.0,45.308600000000006,74.6331981966315,2.8844544589148327,327.62039676887485,-1.9200000000000002,0.0,7.0,3.0
C5W04GO61S,CC(C(=O)NCC(=O)O)S,163.198,-0.49449999999999994,66.4,3.0,3.0,3.0,0.0,0.0,0.0,0.6,10.0,58.0,39.0935,64.02122628470927,3.4997934287483505,145.82848957478487,-0.7100000000000001,0.0,5.0,2.0
8Y164V895Y,C[N+](C)(C)CCOC(=O)N.[Cl-],182.65099999999998,-3.2080999999999973,52.32,1.0,2.0,3.0,0.0,0.0,0.0,0.8333333333333334,11.0,68.0,38.434799999999996,73.30181803572407,0.0,122.24091566461196,-0.48000000000000004,0.0,5.0,2.0
S7V92P67HO,[As](=O)O[As]=O,197.84099999999998,-1.0676,43.370000000000005,0.0,3.0,2.0,0.0,0.0,0.0,0.0,5.0,28.0,13.966,42.6069155323193,2.6531630746803305,34.1577218810798,0.6768831168831166,0.0,5.0,0.0
NR7O1405Q9,C(CS(=O)(=O)[O-])S.[Na+],164.183,-3.534599999999999,57.2,1.0,4.0,2.0,0.0,0.0,0.0,1.0,8.0,44.0,28.417199999999994,76.30129543838045,0.0,128.21884910034808,1.2599999999999998,0.0,6.0,0.0
2046ZRO9VU,C[C@@]12CCN(C)[C@]1([H])N(C)c3ccc(cc32)OC(=O)NC.c1ccc(c(c1)C(=O)O)O,413.4740000000001,2.8643000000000014,102.34,3.0,6.0,2.0,2.0,2.0,4.0,0.36363636363636365,30.0,160.0,113.38180000000007,175.22667377399904,2.159999886153341e-07,963.5392332961363,-3.26,1.0,8.0,3.0
8G388563M7,CCOC(=O)[C@H](Cc1ccc(cc1)-c2cc(nc(N)n2)O[C@H](c3ccc(cc3-n4ccc(C)n4)Cl)C(F)(F)F)N,574.9910000000002,4.988620000000003,131.17,2.0,8.0,9.0,4.0,0.0,4.0,0.25925925925925924,40.0,210.0,142.92779999999993,232.43701846045914,1.6388613189559178,1493.8648902234772,-4.159999999999999,0.0,13.0,4.0
981Y8SX18M,Cn1c2ccc(cc2nc1CCCC(=O)O)N(CCCl)CCCl.Cl,394.72999999999996,3.686400000000003,58.36000000000001,1.0,3.0,9.0,2.0,0.0,2.0,0.5,24.0,134.0,102.18880000000003,157.51154179811374,2.879997377902542e-06,669.8765422713967,-1.17,0.0,8.0,1.0
1O6WQ6T7G3,CC(C)OC(=O)CCC/C=C\C[C@@H]1[C@@H](/C=C/C(COc2ccccc2)(F)F)[C@@H](C[C@@H]1O)O,452.5380000000001,4.683000000000006,75.99000000000001,2.0,5.0,12.0,1.0,1.0,2.0,0.56,32.0,178.0,118.47060000000006,188.28841694443673,1.8293161321926392,747.9589773324421,-2.249999999999999,1.0,7.0,2.0
P5RU6UOQ5Y,CCN1CC(CCN2CCOCC2)C(c3ccccc3)(c4ccccc4)C1=O.Cl.O,432.9920000000001,2.7704000000000018,64.28,0.0,3.0,6.0,2.0,2.0,4.0,0.4583333333333333,30.0,164.0,122.14580000000005,185.284721742183,1.6016657369255678e-06,742.0527546541318,-1.9199999999999995,2.0,6.0,2.0
9NV2SR34P8,c1ccc(cc1)C(=O)SCC(=O)NCC(=O)NCC(=O)NCC(=O)O,367.3830000000001,-1.0067999999999984,141.67,4.0,6.0,9.0,1.0,0.0,1.0,0.26666666666666666,25.0,134.0,89.89540000000005,147.09042297767067,2.183476379173908,649.9265959630116,-2.8800000000000003,0.0,10.0,4.0
G69Z98951Q,CC1(C)CC[C@@]2(CC[C@]3(C)[C@@]([H])([C@]2([H])C1)C(=O)C=C4[C@@]5(C)C=C(C#N)C(=O)C(C)(C)[C@]5([H])CC[C@]43C)NC(=O)C(C)(F)F,554.7220000000004,6.729780000000008,87.03,1.0,4.0,2.0,0.0,5.0,5.0,0.7575757575757576,40.0,218.0,147.95969999999986,236.7671158275669,1.6667242166333414,1299.2502911216104,-2.36,3.0,7.0,1.0
DIA2A74855,CC(C)NCC(c1ccc(c(c1)O)O)O.Cl,247.722,1.5510000000000002,72.72,4.0,4.0,4.0,1.0,0.0,1.0,0.45454545454545453,16.0,92.0,65.11810000000004,101.34177038422553,2.249999009250455e-06,331.005755640945,-0.97,0.0,5.0,4.0
34237V843T,Cc1cc(C(=O)NNCc2ccccc2)no1,231.25500000000002,1.4176199999999997,67.16,2.0,4.0,4.0,2.0,0.0,2.0,0.16666666666666666,17.0,88.0,61.987900000000025,98.78003970703834,1.8118451746108213,493.461665312455,-2.1399999999999992,0.0,5.0,2.0
7A314HQM0I,C(CN(CC(=O)O)CC(=O)O)N(CCN(CC(=O)O)CC(=O)O)CC(=O)O,393.34900000000016,-2.6845999999999934,196.21999999999997,5.0,8.0,16.0,0.0,0.0,0.0,0.6428571428571429,27.0,154.0,87.49900000000005,153.54177878679445,4.845969157230809,481.2612252678012,-2.7700000000000005,0.0,13.0,5.0
82F2G7BL4E,C[C@H]1[C@H]([C@H](C[C@@]([H])(O1)O[C@H]2C[C@@](Cc3c2c(c4c(C(=O)c5cccc(c5C4=O)OC)c3O)O)(C(=O)CO)O)N)O.Cl,579.9860000000002,0.4231000000000001,206.07,6.0,12.0,5.0,2.0,3.0,5.0,0.4444444444444444,40.0,216.0,139.0024000000001,234.23449028011657,3.697992945362399e-06,1383.2651782253163,-3.1,1.0,13.0,7.0
DR40J4WA67,CCCCCCCC(=O)N[C@H](CN1CCCC1)[C@@H](c2ccc3c(c2)OCCO3)O,404.55100000000016,3.432300000000003,71.03000000000002,2.0,5.0,11.0,1.0,2.0,3.0,0.6956521739130435,29.0,162.0,113.37250000000009,174.11629892224585,1.6131441095838812,645.7650470579182,-1.79,1.0,6.0,2.0
9S44LIC7OJ,C#C[C@@]1(CC[C@@]2([H])[C@]3([H])CCC4=CC(=O)CC[C@]4([H])[C@@]3([H])CC[C@@]21C)OC(=O)C,340.4630000000001,4.0633000000000035,43.370000000000005,0.0,3.0,1.0,0.0,4.0,4.0,0.7272727272727273,25.0,134.0,95.42300000000006,150.12592260531085,1.642837115052668,683.8761264525542,-1.5599999999999998,3.0,3.0,0.0
UD984I04LZ,C[C@H]1[C@H]([C@H](C[C@@H](O1)O[C@H]2C[C@@](CC3=C2C(=O)c4c(c(c5cccc(c5c4O)OC)O)C3=O)(C(=O)C)O)N)O,527.5260000000003,1.2573999999999999,185.84,5.0,11.0,4.0,2.0,3.0,5.0,0.4444444444444444,38.0,202.0,132.18860000000012,216.95201479765126,1.6723218328901959,1402.5676684854693,-3.35,1.0,11.0,6.0
95IK5KI84Z,C1[C@H](C(=O)NO1)N,102.093,-1.6248999999999993,64.35,2.0,3.0,0.0,0.0,1.0,1.0,0.6666666666666666,7.0,40.0,22.0701,40.582162812742915,2.478438739390956,92.93569696954752,-0.6100000000000001,1.0,4.0,3.0
Q2R47HGR7P,c1cc(ccc1C#N)Oc2ccc3c(c2)COB3O,251.04999999999998,1.5682799999999988,62.480000000000004,1.0,4.0,2.0,2.0,1.0,3.0,0.07142857142857142,19.0,92.0,70.06880000000001,110.519058309997,1.8178767511465266,648.7309197283847,-2.285064935064935,0.0,5.0,1.0
U6Q8Z01514,CC(C)(C)C(=O)OCOP(=O)(COCCn1cnc2c(N)ncnc21)OCOC(=O)C(C)(C)C,501.47700000000026,2.7025000000000006,166.97999999999996,1.0,12.0,11.0,2.0,0.0,2.0,0.65,34.0,190.0,121.15890000000006,197.35887667861297,1.9374771157954733,1007.7388391510439,-2.6,0.0,14.0,2.0
2PKU919BA9,c1cc(ccc1CCc2c[nH]c3c2c(=O)nc(N)[nH]3)C(=O)N[C@@H](CCC(=O)O)C(=O)O,427.4170000000002,0.6664,191.25999999999996,6.0,6.0,9.0,3.0,0.0,3.0,0.25,31.0,162.0,110.73660000000005,174.8624639405642,1.6355526811030903,1180.9837366758736,-4.15,0.0,11.0,7.0
ADN3S497AZ,CCCCN1C[C@@H]([C@H]([C@@H]([C@H]1CO)O)O)O,219.28099999999998,-1.4542999999999995,84.16000000000001,4.0,5.0,4.0,0.0,1.0,1.0,1.0,15.0,90.0,55.37520000000005,89.95466758285723,2.600455952398113,190.26120178074865,-0.2,1.0,5.0,4.0
ZU4275277R,C1CC(C1)CN2CC[C@@]34c5c6ccc(c5O[C@@]4([H])[C@H](CC[C@]3([C@H]2C6)O)O)O.Cl,393.9110000000001,2.129100000000001,73.16000000000001,3.0,5.0,2.0,1.0,5.0,6.0,0.7142857142857143,27.0,148.0,102.66240000000006,165.28555247664764,1.6016651581737174e-06,783.690266780721,-1.01,3.0,6.0,3.0
0CPP32S55X,C(C(CS)S)O,124.22999999999996,0.20689999999999997,20.23,3.0,3.0,2.0,0.0,0.0,0.0,1.0,6.0,38.0,33.712799999999994,48.57350233562222,2.754184786037662,27.97416845103709,0.6599999999999999,0.0,3.0,1.0
997F43Z9CV,C[C@@H](Cc1ccccc1)NC.Cl,185.69799999999998,2.2588000000000004,12.03,1.0,1.0,3.0,1.0,0.0,1.0,0.4,12.0,68.0,55.91570000000004,80.59412701324086,1.2099996991500772e-06,198.253369807243,-0.53,0.0,2.0,1.0
19259EGQ3D,C[C@@](c1ccccc1)(c2ccc(cc2)Cl)OCC[C@H]3CCCN3C.C(=C\C(=O)O)/C(=O)O,459.9700000000003,4.816200000000003,87.07000000000001,2.0,4.0,8.0,2.0,1.0,3.0,0.36,32.0,172.0,124.98060000000012,193.6312986116041,3.895832890125057e-07,884.3081016206036,-2.6699999999999995,1.0,7.0,2.0
9HLM53094I,CCCCCOc1ccc(cc1)-c2ccc(cc2)-c3ccc(cc3)C(=O)N[C@H]4C[C@H]([C@H](NC(=O)[C@]5([H])[C@H]([C@@H](C)CN5C(=O)[C@]([H])([C@@H](C)O)NC(=O)[C@]([H])([C@@H]([C@H](c6ccc(cc6)O)O)O)NC(=O)[C@]7([H])C[C@H](CN7C(=O)[C@]([H])([C@@H](C)O)NC4=O)O)O)O)O,1140.2540000000004,-0.9270999999999907,377.42,14.0,17.0,14.0,4.0,3.0,7.0,0.46551724137931033,82.0,442.0,293.38519999999966,472.65450612461046,1.176092334797584,2875.7044840725475,-7.550000000000001,3.0,24.0,14.0
030Y90569U,C1C[C@H]([C@@H](CNC[C@H]([C@@H]2CCc3cc(ccc3O2)F)O)O)Oc4ccc(cc14)F,405.4410000000001,2.363600000000001,70.95,3.0,5.0,6.0,2.0,2.0,4.0,0.45454545454545453,29.0,156.0,103.15730000000005,167.82274711533492,1.2365254939318966,793.2010626317405,-2.2199999999999993,0.0,7.0,3.0
AM94R510MS,Cn1cnc(c1Sc2c3c([nH]cn3)ncn2)[N+](=O)[O-],277.26900000000006,1.1457999999999995,115.42000000000002,1.0,7.0,3.0,3.0,0.0,3.0,0.1111111111111111,19.0,96.0,65.6691,109.81807397196779,2.083457965754208,764.8623146411958,-2.49,0.0,10.0,1.0
6UO390AMFB,Cc1ccc(-c2ccc(C)cn2)nc1,184.242,2.760440000000001,25.78,0.0,2.0,1.0,2.0,0.0,2.0,0.16666666666666666,14.0,70.0,56.94200000000003,83.6576775162472,2.396509039726096,371.5796467381504,-1.6999999999999997,0.0,2.0,0.0
M0KG633D4F,N(=O)[O-].[Na+],68.995,-2.7454,52.489999999999995,0.0,3.0,0.0,0.0,0.0,0.0,0.0,4.0,18.0,9.161999999999999,45.23071277204936,0.0,13.509775004326936,0.3999999999999999,0.0,4.0,0.0
FTK8U1GZNX,c1nc2c([nH]1)nc(N)[nH]c2=S.c1nc2c([nH]1)nc(N)[nH]c2=S.O,352.4090000000001,0.37067999999999973,198.26,6.0,8.0,0.0,4.0,0.0,4.0,0.0,23.0,120.0,90.58539999999996,137.47196158711785,1.5999999784351857e-07,974.5637445475601,-2.9000000000000004,0.0,13.0,10.0
RG277LF5B3,C[C@@H]([C@@H]([C@@]1([H])CNc2c(c(=O)nc(N)[nH]2)N1)O)O.Cl.Cl,314.17300000000006,-0.8565999999999996,136.29000000000002,6.0,7.0,2.0,1.0,1.0,2.0,0.5555555555555556,19.0,110.0,77.35409999999997,121.18536967360723,1.6199996042625997e-06,481.41315139426456,-1.22,0.0,10.0,7.0
FO2303MNI2,COC(=O)/C=C/C(=O)OC,144.12599999999998,-0.11140000000000017,52.60000000000001,0.0,4.0,2.0,0.0,0.0,0.0,0.3333333333333333,10.0,56.0,33.172,58.42449322672962,3.7526030864834103,141.13075145540293,-1.32,0.0,4.0,0.0
668Z8C33LU,CCOc1cc(ccc1C(=O)O)CC(=O)N[C@@H](CC(C)C)c2ccccc2N3CCCCC3,452.5950000000003,5.219900000000005,78.86999999999999,2.0,4.0,10.0,2.0,1.0,3.0,0.48148148148148145,33.0,178.0,131.11900000000003,196.49731692358273,1.7959057393774776,950.8875823949171,-3.0199999999999996,1.0,6.0,2.0
S798V6YJRP,CC1=NN(c2ccccc2)C(=O)C1,174.20299999999995,1.7992,32.67,0.0,2.0,1.0,1.0,1.0,2.0,0.2,13.0,66.0,51.654000000000025,76.6721546998964,2.3262386182068613,356.4473120841761,-1.64,0.0,3.0,0.0
IY9XDZ35W2,C([C@@H]1[C@H]([C@@H]([C@H](C(O1)O)O)O)O)O,180.156,-3.2213999999999987,110.38000000000001,5.0,6.0,1.0,0.0,1.0,1.0,1.0,12.0,72.0,35.98599999999999,68.64284443677028,2.6344089870615974,146.2188491003481,-0.24000000000000002,1.0,6.0,5.0
367589PJ2C,Cc1cccc(c1C)Nc2ccccc2C(=O)O,241.29000000000002,3.7452400000000017,49.33,2.0,2.0,3.0,2.0,0.0,2.0,0.13333333333333333,18.0,92.0,72.60000000000002,106.08894170459867,2.4024843007490344,590.7975148337515,-2.2899999999999996,0.0,3.0,2.0
CUZ39LUY82,C[C@H](Cc1cc2CCN(CCCO)c2c(c1)C(=O)N)NCCOc3ccccc3OCC(F)(F)F,495.5420000000002,3.0711000000000013,97.05000000000001,3.0,6.0,13.0,2.0,1.0,3.0,0.48,35.0,192.0,127.23540000000003,202.55595273004408,1.53328758348849,1000.4077094250956,-2.979999999999999,0.0,10.0,4.0
0J8RN2W0HK,CC(C)(C)c1cc(ccc1N2CCCC2)-c3cc(ccc3OCCO)-c4ccc(cc4)C(=O)O,459.5860000000002,5.987600000000007,70.0,2.0,4.0,7.0,3.0,1.0,4.0,0.3448275862068966,34.0,178.0,137.0011,201.1774921406045,1.8047633381729276,1155.7383877614977,-3.309999999999999,1.0,5.0,2.0
5968Y6H45M,C=C1[C@H](CO)[C@H](C[C@@H]1n2cnc3c2nc(N)[nH]c3=O)O.O,295.29900000000004,-1.6524999999999996,161.54999999999998,4.0,6.0,2.0,2.0,1.0,3.0,0.4166666666666667,21.0,114.0,75.5515,118.62093784660698,1.6133323848894653e-06,736.813280077707,-2.23,1.0,9.0,7.0
971Z4W1S09,CC(C)(C[N+]#[C-])OC.CC(C)(C[N+]#[C-])OC.CC(C)(C[N+]#[C-])OC.CC(C)(C[N+]#[C-])OC.CC(C)(C[N+]#[C-])OC.CC(C)(C[N+]#[C-])OC.[Tc+],776.96,7.98164000000001,81.54,0.0,6.0,12.0,0.0,0.0,0.0,0.8333333333333334,49.0,282.0,195.3419999999992,314.3162734600108,-8.604878018998217e-08,833.697759241361,-2.6506493506493514,0.0,13.0,0.0
7PV0B6ED98,Cc1cc(C)c(c(C)c1Br)NC(=O)CN(CC(=O)O)CC(=O)O,387.23000000000013,1.7840599999999998,106.94000000000001,3.0,4.0,7.0,1.0,0.0,1.0,0.4,23.0,126.0,88.69430000000004,141.96615941304256,2.881741106654412,629.2446737649495,-1.9299999999999997,0.0,8.0,3.0
R5H8897N95,CC(CCc1ccccc1)NCC(c2ccc(c(c2)C(=O)N)O)O,328.41200000000003,2.1353999999999997,95.58000000000001,4.0,4.0,8.0,2.0,0.0,2.0,0.3157894736842105,24.0,128.0,93.81220000000005,141.6828346113938,1.8473022986610148,673.56704729252,-2.3699999999999997,0.0,5.0,5.0
JF8V0828ZI,c1ccc(c(c1)C2=NCC(=S)N(CC(F)(F)F)c3ccc(cc32)Cl)F,386.8010000000001,5.026200000000002,15.6,0.0,2.0,2.0,2.0,1.0,3.0,0.17647058823529413,25.0,130.0,94.35700000000001,151.28672098586983,2.1928932100785112,863.9666187950897,-1.99,0.0,8.0,0.0
RTN51LK7WL,C[N+]1(C)[C@@H]2C[C@H](C[C@H]1[C@@]3([H])[C@]2([H])O3)OC(=O)[C@H](CO)c4ccccc4.[Br-],398.29699999999997,-1.9332999999999958,59.06,1.0,4.0,4.0,1.0,3.0,4.0,0.6111111111111112,24.0,132.0,83.72820000000006,152.45856861216828,1.689998373539103e-06,588.2961406739558,-0.9499999999999997,3.0,6.0,1.0
8O0C852CPO,C[C@@H]1C/C=C/C=C/C=C/C=C/[C@@]([H])(C[C@@]2([H])[C@@H]([C@H](C[C@](C[C@H](C[C@]3([H])[C@@]([H])(/C=C/C(=O)O1)O3)O)(O)O2)O)C(=O)O)O[C@H]4[C@H]([C@H]([C@@H]([C@@H](C)O4)O)N)O,665.7330000000003,0.11970000000000436,230.98999999999998,7.0,13.0,3.0,0.0,4.0,4.0,0.6363636363636364,47.0,262.0,165.1591999999998,272.9421224712935,1.581968685967691,1218.8303536686758,-2.7600000000000002,3.0,14.0,8.0
I2ZWO3LS3M,Cc1cc(ccc1/N=N/c2c(cc3cc(cc(c3c2O)N)S(=O)(=O)[O-])S(=O)(=O)[O-])-c4ccc(c(C)c4)/N=N/c5c(cc6cc(cc(c6c5O)N)S(=O)(=O)[O-])S(=O)(=O)[O-].[Na+].[Na+].[Na+].[Na+],960.8220000000001,-6.684360000000001,370.73999999999995,4.0,20.0,9.0,6.0,0.0,6.0,0.058823529411764705,62.0,302.0,201.60719999999984,442.0258461483586,3.307496391504052e-06,3100.9320092865214,-2.12,0.0,28.0,6.0
58IFB293JI,C(CCCC(=O)NO)CCC(=O)Nc1ccccc1,264.325,2.4711000000000007,78.43,3.0,3.0,8.0,1.0,0.0,1.0,0.42857142857142855,19.0,104.0,72.70290000000003,112.52198085364748,2.0326612681537655,392.93736710495426,-1.8799999999999994,0.0,5.0,3.0
0G9LGB5O2W,c1ccc2c(c1)[nH]c(CN(CCCCN)[C@H]3CCCc4cccnc43)n2,349.482,3.5764000000000022,70.83,2.0,4.0,7.0,3.0,1.0,4.0,0.42857142857142855,26.0,136.0,104.70810000000004,154.19699048345987,1.596792205512102,823.2385389743627,-2.2399999999999998,0.0,5.0,3.0
2PN063X6B1,C=C/C=C/C[C@@H](C)[C@H]([C@@]1([H])C(=O)N[C@@H](CC)C(=O)N(C)CC(=O)N(C)[C@@H](CC(C)C)C(=O)N[C@@H](C(C)C)C(=O)N(C)[C@@H](CC(C)C)C(=O)N[C@@H](C)C(=O)N[C@H](C)C(=O)N(C)[C@@H](CC(C)C)C(=O)N(C)[C@@H](CC(C)C)C(=O)N(C)[C@@H](C(C)C)C(=O)N1C)O,1214.645999999999,3.4351000000000034,278.8,5.0,12.0,16.0,0.0,1.0,1.0,0.7619047619047619,86.0,490.0,332.9676000000004,514.0698861810548,4.337043183060131,2376.0338262741784,-6.3900000000000015,1.0,23.0,5.0
89DS0H96TB,[O-]S(=O)(=O)[O-].[Zn+2],161.45299999999997,-1.3404999999999996,80.25999999999999,0.0,4.0,0.0,0.0,0.0,0.0,0.0,6.0,32.0,10.4746,47.88951059429245,0.0,90.7164928725825,0.49337662337662336,0.0,6.0,0.0
ID0YZQ2TCP,Cc1cc2C[C@H]3[C@@H](N4[C@H]5COC(=O)[C@@]6(CS[C@H](c7c5c8c(c(C)c7OC(=O)C)OCO8)[C@@]4([H])[C@@H](c2c(c1OC)O)N3C)c9cc(c(cc9CCN6)O)OC)O,761.8500000000001,3.4132400000000014,168.71999999999997,4.0,15.0,3.0,3.0,7.0,10.0,0.48717948717948717,54.0,286.0,194.57909999999956,315.7540453958753,1.320436710990533,2127.995710636181,-4.409999999999999,2.0,15.0,4.0
XN7MM8XG2M,CCC(=O)O[C@@]1(CC[C@@]2([H])[C@]3([H])CCC4=CC(=O)CC[C@]4(C)[C@@]3([H])CC[C@@]21C)C(=O)CO,402.53100000000023,3.771700000000003,80.67,1.0,5.0,4.0,0.0,4.0,4.0,0.7916666666666666,29.0,160.0,107.91680000000007,172.81233729448456,1.6948201265617837,769.2327083669553,-1.49,3.0,5.0,1.0
9I50C3I3OK,C[C@H]1C[C@@]2([H])[C@]3([H])CC[C@](C(=O)C)([C@@]3(C)C[C@@H]([C@@]2([C@@]4(C)C=CC(=O)C=C14)F)O)OC(=O)C,418.5050000000001,3.494100000000002,80.67000000000002,1.0,5.0,2.0,0.0,4.0,4.0,0.7083333333333334,30.0,164.0,108.07980000000006,176.28826966522652,1.855540987388186,892.0271775842039,-1.82,3.0,6.0,1.0
2WP61F175M,CC(=O)OC[C@@H]1[C@H]([C@H]([C@H](n2ccc(=O)[nH]c2=O)O1)OC(=O)C)OC(=O)C,370.31400000000014,-1.1394999999999986,142.99,1.0,9.0,5.0,1.0,1.0,2.0,0.5333333333333333,26.0,142.0,82.97370000000002,146.35099409106513,2.414670244549747,811.8253531710981,-2.95,1.0,11.0,1.0
262P8GS9L9,Cc1cc(nc2c(cc(c(c12)Oc3cccc(c3)C(F)(F)F)OC)NC(C)CCCN)OC,463.5000000000002,5.910820000000006,78.63000000000001,2.0,6.0,9.0,3.0,0.0,3.0,0.375,33.0,178.0,122.47510000000007,190.40128364573232,2.16194018969415,1119.5303569386197,-3.1999999999999997,0.0,9.0,3.0
HX1032V43M,[Na+].[Na+].O=S(=O)([O-])[S-].O.O.O.O.O,248.18599999999992,-11.121999999999996,214.7,0.0,4.0,0.0,0.0,0.0,0.0,0.0,12.0,72.0,35.1312,118.78854006072072,-3.80952378707483e-09,98.22626787690945,2.0599999999999996,0.0,12.0,10.0
B0P231ILBK,c1ccc(cc1)/C(=C(/c2ccccc2)\c3ccc(cc3)OCCO)/CCCl,378.8990000000002,5.645700000000006,29.46,1.0,2.0,8.0,3.0,0.0,3.0,0.16666666666666666,27.0,138.0,113.15980000000005,165.25668639440502,2.1308539825208004,855.9026144465059,-2.549999999999999,0.0,3.0,1.0
18XP3YT5NH,CN(C)CC(c1ccc(cc1)OC)C2(CCCCC2)O,277.40799999999996,3.035600000000002,32.7,1.0,3.0,5.0,1.0,1.0,2.0,0.6470588235294118,20.0,112.0,82.32380000000006,122.10754787623671,2.250737578950777,407.50311001590353,-1.06,1.0,3.0,1.0
429ZT169UH,CC(=O)Nc1nnc(s1)S(=O)(=O)N,222.251,-0.8561000000000003,115.04,2.0,6.0,2.0,1.0,0.0,1.0,0.25,13.0,72.0,45.5859,78.02145102207902,2.9386914588268507,422.35246826398924,-1.06,0.0,9.0,3.0
SV0CSG527L,C[C@H]1C[C@@]2([H])[C@]3([H])CC[C@](C(=O)C)([C@@]3(C)C[C@@H]([C@@]2([C@@]4(C)C=CC(=O)C=C14)F)O)O,376.468,2.923300000000002,74.60000000000001,2.0,4.0,1.0,0.0,4.0,4.0,0.7272727272727273,27.0,148.0,98.53260000000006,159.07755185907865,1.863657222021154,787.1822826420921,-1.3300000000000003,3.0,5.0,2.0
O5CB12L4FN,CC1=Nc2ccc(cc2S(=O)(=O)N1)Cl,230.67599999999996,1.6818000000000002,58.53,1.0,3.0,0.0,1.0,1.0,2.0,0.125,14.0,74.0,54.54250000000002,86.66468298352586,2.7671592529145994,522.1428588468092,-1.07,0.0,6.0,1.0
Y7543E5K9T,Cc1ccc(cc1)N(CC2=NCCN2)c3cccc(c3)O.CS(=O)(=O)O,377.46600000000007,2.3444199999999995,102.23,3.0,6.0,4.0,2.0,1.0,3.0,0.2777777777777778,26.0,140.0,104.06910000000006,153.30603811384887,4.311427988971922e-07,856.2598735336477,-2.5799999999999996,0.0,8.0,3.0
R3459K699K,CC(Cn1c(C)ncc1[N+](=O)[O-])O,185.18299999999996,0.4805199999999999,81.19,1.0,4.0,3.0,1.0,0.0,1.0,0.5714285714285714,13.0,72.0,45.29920000000003,74.97716094033537,3.013268332720571,318.78271070124214,-1.43,0.0,6.0,1.0
SW9M9BB5K3,CCC1(c2ccccc2)C(=O)NC(=O)[N-]C1=O.[Na+],254.22099999999995,-1.5114999999999987,77.34,1.0,3.0,2.0,1.0,1.0,2.0,0.25,18.0,88.0,60.31570000000003,126.61291494240675,1.6199992874253234e-06,467.3557070698769,-1.17,1.0,6.0,1.0
Q1SUG5KBD6,CCCCC(CC)CCC(CC(C)C)OS(=O)(=O)[O-].[Na+],316.4390000000001,0.8785000000000007,66.43,0.0,4.0,11.0,0.0,0.0,0.0,1.0,20.0,116.0,76.56520000000006,146.8480832533029,0.0,317.1355929889408,0.87,0.0,6.0,0.0
2J3H5C81A5,Cc1cc(/C=C/C(=O)c2ccc(cc2)SC)cc(C)c1OC(C)(C)C(=O)O,384.4970000000002,5.163440000000005,63.60000000000001,1.0,4.0,7.0,2.0,0.0,2.0,0.2727272727272727,27.0,142.0,109.84630000000007,163.8022486444985,2.204554579737556,856.6809451920865,-2.5299999999999994,0.0,5.0,1.0
18D0SL7309,C(Cc1ccc(cc1)N(CCCl)CCCl)CC(=O)O,304.21700000000004,3.3779000000000012,40.540000000000006,1.0,2.0,9.0,1.0,0.0,1.0,0.5,19.0,106.0,80.66880000000005,123.67306201087632,2.554182686048515,375.53728351524427,-0.9299999999999999,0.0,5.0,1.0
6E17K3343P,CCN(CC)CCCC(C)Nc1ccnc2cc(ccc12)Cl.OP(=O)(O)O.OP(=O)(O)O,515.868,2.9534000000000047,183.68,7.0,5.0,8.0,2.0,0.0,2.0,0.5,32.0,184.0,125.38550000000006,192.10644291162598,8.048517849348077e-07,868.3944876526948,-1.1,0.0,14.0,7.0
ZEC193879Q,CCCCOc1ccc(cc1)C(=O)CCN2CCCCC2.Cl,325.88000000000005,4.3460000000000045,29.54,0.0,3.0,8.0,1.0,1.0,2.0,0.6111111111111112,22.0,124.0,93.33150000000005,139.99287159103048,2.419997663327385e-06,427.21822585522153,-1.06,1.0,4.0,0.0
QQE170PANO,[Mn+2],54.938,-0.0025,0.0,0.0,0.0,0.0,0.0,0.0,0.0,0.0,1.0,5.0,0.0,17.964098032124472,0.0,0.0,0.5194805194805194,0.0,1.0,0.0
95M8R751W8,CCCCCCCCCCC[C@@H](C[C@H]1[C@H](CCCCCC)C(=O)O1)OC(=O)[C@H](CC(C)C)NC=O,495.7450000000003,6.881900000000007,81.69999999999999,1.0,5.0,23.0,0.0,1.0,1.0,0.896551724137931,35.0,204.0,140.91269999999997,214.2133180201585,2.5779952741401506,579.4194352374097,-1.59,1.0,6.0,1.0
3DIZ9LF5Y9,CC(C)[C@@H](C)/C=C/[C@@H](C)[C@@]1([H])CC[C@@]2([H])/C(=C/C=C\3/C[C@H](C[C@@H](C3=C)O)O)/CCC[C@]12C,412.65800000000024,6.6118000000000094,40.46,2.0,2.0,5.0,0.0,3.0,3.0,0.7142857142857143,30.0,168.0,127.0316000000001,184.40525003160528,1.7630776324188422,712.1507352333145,-1.12,3.0,2.0,2.0
P76B05O5V6,CN(C)Cc1c2c(=O)n(-c3ccc(nn3)OC)c(=O)n(Cc4c(cccc4F)F)c2sc1-c5ccc(cc5)NC(=O)NOC,623.6420000000003,3.7505000000000015,132.60999999999999,2.0,9.0,9.0,5.0,0.0,5.0,0.20689655172413793,44.0,228.0,161.2743999999997,252.60262090788837,1.7858629143589346,1935.0797674280984,-4.989999999999999,0.0,15.0,2.0
4V9848RS5G,c1ccc(cc1)CNC(=O)Cc2ccc(cn2)-c3ccc(cc3)OCCN4CCOCC4,431.53600000000034,3.318500000000002,63.69,1.0,5.0,9.0,3.0,1.0,4.0,0.3076923076923077,32.0,166.0,124.41970000000005,188.74219580148073,1.232845421533451,969.4636461543531,-3.2199999999999993,1.0,6.0,1.0
3QN8BYN5QF,CCCCCCCCc1ccc(cc1)CCC(CO)(CO)N,307.47800000000007,3.2043000000000013,66.48,3.0,3.0,12.0,1.0,0.0,1.0,0.6842105263157895,22.0,126.0,92.93300000000005,135.10400880805764,2.277627630851439,384.92658611292507,-0.9000000000000001,0.0,3.0,4.0
50D9XSG0VR,CN(CCCl)CCCl,156.056,1.3958,3.24,0.0,1.0,4.0,0.0,0.0,0.0,1.0,8.0,50.0,38.93700000000001,60.5653856093827,2.9196126414385533,43.693328434369654,0.5399999999999999,0.0,3.0,0.0
NGU5H31YO9,CC(C)/C=C(\C)/[C@@H]1[C@@H](C)/C(=N/OC)/C[C@]2(C[C@@H]3C[C@@H](C/C=C(\C)/C[C@@H](C)/C=C/C=C/4\CO[C@]5([H])[C@@H](C(=C[C@@H](C(=O)O3)[C@]45O)C)O)O2)O1,639.8300000000004,5.728900000000007,116.04000000000002,2.0,9.0,3.0,0.0,5.0,5.0,0.6756756756756757,46.0,254.0,175.73259999999954,273.56707295484824,1.550940647651383,1342.292794966214,-2.56,3.0,9.0,2.0
JB937PER5C,CN(C)CCOC(c1ccccc1)c2ccccc2.Cn1c2c(c(=O)n(C)c1=O)nc(Cl)[nH]2,469.9730000000002,2.967900000000001,85.15,1.0,5.0,6.0,4.0,0.0,4.0,0.2916666666666667,33.0,174.0,130.81870000000006,196.57541868138972,1.9407894071259595e-07,1257.4265888619868,-3.2,0.0,9.0,1.0
V47G1SDI1B,CC(C1=NCCN1)Oc2c(cccc2Cl)Cl.Cl,295.59700000000004,3.184200000000002,33.620000000000005,1.0,3.0,3.0,1.0,1.0,2.0,0.36363636363636365,17.0,94.0,74.10470000000002,116.56863814323859,1.4449993290669882e-06,402.927612286604,-0.6399999999999997,0.0,6.0,1.0
G2AE2VE07O,CN(CCN1CCC(CC1)OC(=O)Nc2ccccc2-c3ccccc3)C(=O)c4ccc(cc4)CN5CCC(CC5)C(=O)N,597.7600000000001,4.836000000000003,108.21,2.0,6.0,10.0,3.0,2.0,5.0,0.4,44.0,232.0,172.04159999999956,259.50531059017794,1.0130200330072825,1398.1308741917674,-4.209999999999998,2.0,9.0,3.0
023C2WHX2V,C(C(CO)(CO)N)O,121.136,-2.339199999999999,86.71000000000001,4.0,4.0,3.0,0.0,0.0,0.0,1.0,8.0,50.0,28.175799999999995,47.556669324620124,3.5832125652604643,54.039100017307746,-0.16,0.0,4.0,5.0
B786J7A343,CCCCCCCCCCCC(=O)OCN1c2cc(ccc2CCC1=O)OCCCCN3CCN(CC3)c4cccc(c4Cl)Cl,660.7270000000003,8.675400000000005,62.32000000000001,0.0,6.0,19.0,2.0,2.0,4.0,0.6111111111111112,45.0,248.0,184.89599999999936,279.67161388749594,1.1220331957794607,1218.780834474568,-2.479999999999999,1.0,9.0,0.0
ET8IF4KS1T,CCCc1c2c(cc3c(=O)cc(C(=O)[O-])oc13)c(=O)cc(C(=O)[O-])n2CC.[Na+].[Na+],415.30900000000014,-6.184699999999997,132.47,0.0,7.0,5.0,3.0,0.0,3.0,0.2631578947368421,29.0,140.0,92.58000000000003,208.64511842528555,2.1024991368274534e-06,1227.4033872485788,-1.42,0.0,10.0,0.0
RMW9V5RW38,C1[C@@H]([C@@H](CO)O[C@H]1n2cc(c(=O)[nH]c2=O)C(F)(F)F)O,296.20099999999996,-0.8039000000000005,104.55,3.0,5.0,2.0,1.0,1.0,2.0,0.6,20.0,112.0,57.944300000000005,108.78615524360087,2.434771465578547,608.1362311397388,-1.6500000000000004,1.0,10.0,3.0
25X868M3DS,CS(=O)(=O)c1ccc(c(c1)Cl)C(=O)Nc2ccc(c(c2)-c3ccccn3)Cl,421.30500000000006,4.711200000000003,76.13,1.0,4.0,4.0,3.0,0.0,3.0,0.05263157894736842,27.0,138.0,107.198,166.4384388605665,1.8890331450820033,1117.0536127005307,-2.4099999999999993,0.0,8.0,1.0
04ZR38536J,C1CC[C@H]([C@@H](C1)N)N.C(=O)(C(=O)[O-])[O-].[Pt+2],397.288,-3.3012999999999986,132.3,2.0,6.0,0.0,0.0,1.0,1.0,0.75,15.0,90.0,44.43280000000001,102.27322701889209,0.0,190.81835015416888,-0.4516883116883115,1.0,7.0,4.0
04WQU6T9QI,CN1CC[C@@]23CCCC[C@@]3([H])[C@H]1Cc4ccc(cc42)O.[C@@H]([C@H](C(=O)O)O)(C(=O)O)O.O.O,443.4930000000002,-0.6916,201.53,5.0,6.0,3.0,1.0,3.0,4.0,0.6190476190476191,31.0,176.0,110.99460000000006,179.90942601648732,3.5059522508081834e-07,768.1139523334829,-2.2399999999999998,2.0,10.0,9.0
IS1UP79R56,CCCCCOc1ccc(cc1)-c2cc(-c3ccc(cc3)C(=O)N[C@H]4C[C@H]([C@H](NC(=O)[C@@H]5[C@H]([C@@H](C)CN5C(=O)[C@H]([C@@H](CC(=O)N)O)NC(=O)[C@H]([C@@H]([C@H](c6ccc(c(c6)OS(=O)(=O)O)O)O)O)NC(=O)[C@@H]7C[C@H](CN7C(=O)[C@H]([C@@H](C)O)NC4=O)O)O)O)O)no2,1270.2910000000008,-3.9019999999999997,510.14,16.0,23.0,18.0,4.0,3.0,7.0,0.48214285714285715,89.0,484.0,303.7601999999999,507.4373797024617,1.2246805868934523,3335.3415957796997,-8.38,3.0,33.0,17.0
U8HTX2GK8J,C(CCN1CCN(CC1)c2ccc3c(c2)cc(C(=O)N)o3)Cc4c[nH]c5ccc(cc45)C#N.Cl,477.99600000000015,4.451380000000004,102.28999999999999,2.0,5.0,7.0,4.0,1.0,5.0,0.3076923076923077,34.0,176.0,136.58459999999997,204.06565913604078,2.7379942226474782e-06,1344.4869684769883,-3.4699999999999993,1.0,8.0,3.0
DX1U2629QE,[C@H]([C@H](C(=O)O)S)(C(=O)O)S,182.222,-0.24759999999999993,74.6,4.0,4.0,3.0,0.0,0.0,0.0,0.5,10.0,58.0,40.81960000000001,68.05572240230237,4.069511908932011,139.33658100079685,-0.36,0.0,6.0,2.0
H16A5VCT9C,CCCCCCCCCCC(=O)O[C@H]1CC[C@@]2([H])[C@]3([H])CCC4=CC(=O)CC[C@]4(C)[C@@]3([H])CC[C@@]21C,456.7110000000004,7.960900000000009,43.370000000000005,0.0,3.0,10.0,0.0,4.0,4.0,0.8666666666666667,33.0,186.0,133.81700000000004,202.04623412862443,1.270831473730543,738.8237430563822,-1.12,3.0,3.0,0.0
B7XF2TD73C,Cc1ccnc2c1NC(=O)c3cccnc3N2C4CC4,266.30400000000003,2.6512200000000004,58.120000000000005,1.0,4.0,1.0,2.0,2.0,4.0,0.26666666666666666,20.0,100.0,76.32520000000002,116.21205950623377,2.0018389097081015,708.7697433173414,-2.43,1.0,5.0,1.0
RUM6K67ESG,CCCCC[C@@H](CC[C@@H]1[C@@]2([H])Cc3cccc(c3C[C@@]2([H])C[C@H]1O)OCC(=O)O)O,390.52000000000015,3.583200000000002,86.99000000000001,3.0,4.0,10.0,1.0,2.0,3.0,0.6956521739130435,28.0,156.0,107.45740000000009,167.28152534331952,1.6231389319130176,658.3928100087993,-1.5899999999999999,1.0,5.0,3.0
9L0Q8KK220,C[C@H]1CN(C(=O)CC#N)[C@@]21CCN(C2)c3c4cc[nH]c4ncn3,310.361,1.2987800000000003,88.91000000000001,1.0,5.0,2.0,2.0,2.0,4.0,0.5,23.0,118.0,84.55670000000005,133.47305199296633,1.6243794101010167,808.2485182186481,-2.62,2.0,7.0,1.0
7K28NB895L,CS(=O)(=O)c1ccc(c2c1[C@@H]([C@@H]([C@@H]2F)F)O)Oc3cc(cc(c3)F)C#N,383.3470000000001,3.2888800000000016,87.39000000000001,1.0,5.0,3.0,2.0,1.0,3.0,0.23529411764705882,26.0,136.0,84.44560000000003,146.72973999775172,2.168971196144331,1033.0339998997567,-2.57,0.0,9.0,1.0
V9EFU16ZIF,C[C@@]12CCC(=O)C=C2CC[C@]3([H])[C@]1([H])CC[C@@]4(C)[C@@]3([H])CC[C@]4(C)O,302.458,4.269300000000005,37.3,1.0,2.0,0.0,0.0,4.0,4.0,0.85,22.0,122.0,87.33380000000005,133.9159794073037,1.6968001719233181,545.9104984355639,-0.6300000000000001,3.0,2.0,1.0
9XW757O13D,CCn1c2cc(NC)ncc2cc(-c3cc(c(cc3Br)F)NC(=O)Nc4ccccc4)c1=O,510.3670000000001,5.670700000000003,88.05000000000001,3.0,4.0,5.0,4.0,0.0,4.0,0.125,33.0,168.0,133.40109999999996,197.34200572891422,1.7682829869900272,1405.886781018188,-3.719999999999999,0.0,9.0,3.0
8HR4QJ6DW8,C[C@@H]1C[C@@]2([H])[C@]3([H])CCC4=CC(=O)C=C[C@]4(C)[C@]3([C@H](C[C@]2(C)[C@]1(C(=O)CCl)O)O)Cl,427.36800000000005,3.411500000000003,74.60000000000001,2.0,4.0,2.0,0.0,4.0,4.0,0.7272727272727273,28.0,154.0,108.32360000000004,175.51854890991578,1.83769187946728,806.3584659629081,-0.6800000000000002,3.0,6.0,2.0
K7Q1JQR04M,CCCCC[C@@H](/C=C/[C@@H]1[C@@H](C/C=C\CCCC(=O)O)C(=O)C[C@H]1O)O,352.471,3.251100000000002,94.83,3.0,4.0,12.0,0.0,1.0,1.0,0.7,25.0,142.0,97.14340000000004,149.99385944014293,2.4772080498794105,468.7069712765646,-1.4600000000000002,1.0,5.0,3.0
7RN5DR86CK,Cc1ccc(cc1S(=O)(=O)N)Nc2nccc(n2)N(C)c3ccc4c(C)n(C)nc4c3,437.5290000000002,3.1390400000000014,119.02999999999999,2.0,7.0,5.0,4.0,0.0,4.0,0.19047619047619047,31.0,160.0,121.38090000000004,180.14391638303974,1.627309736469276,1396.378075971583,-3.4999999999999996,0.0,10.0,3.0
5Q6TZN2HNM,CC[C@H](C)[C@H]1C(=O)N[C@H](C(=O)NCC(=O)NCC(=O)N[C@H]2CSSC[C@H]3C(=O)N[C@H](C(=O)N[C@H](C(=O)N[C@H](C(=O)N[C@H](C(=O)N4CCC[C@H]4C(=O)N[C@H](C(=O)N[C@H](C(=O)N[C@H](C(=O)N[C@H](C(=O)N[C@H](C(=O)N[C@H](C(=O)N[C@H](C(=O)N[C@H](C(=O)N[C@H](C(=O)N[C@H](C(=O)N[C@@H](CSSC[C@@H](C(=O)N[C@H](C(=O)N[C@H](C(=O)N[C@H](C(=O)N[C@@H](CSSC[C@@H](C(=O)N[C@H](C(=O)N[C@H](C(=O)N[C@H](C(=O)N[C@H](C(=O)N[C@H](C(=O)N[C@H](C(=O)NCC(=O)N5CCC[C@H]5C(=O)N3)CC(=O)O)CC(=O)O)C)CCCCN)CC6=CC=CC=C6)C)NC(=O)[C@H](CC7=CC=CC=C7)NC(=O)[C@H](CO)NC(=O)[C@H](CC8=CN=CN8)NC(=O)[C@H](CCSC)NC(=O)[C@H](C)NC(=O)[C@H](CCC(=O)O)N)C(=O)N[C@@H]([C@H](C)O)C(=O)N[C@@H](CCCNC(=N)N)C(=O)N[C@@H](CC(=O)O)C(=O)O)CCSC)CCCCN)CCCCN)NC(=O)[C@@H](NC(=O)[C@@H](NC(=O)[C@@H](NC(=O)[C@@H](NC(=O)[C@@H](NC(=O)[C@@H](NC(=O)[C@@H](NC(=O)[C@@H](NC(=O)[C@@H](NC(=O)[C@@H](NC(=O)CNC(=O)[C@@H](NC2=O)CCC(=O)O)CC(=O)N)CCC(=O)N)CC(=O)N)CCCNC(=N)N)CC9=CC=CC=C9)CCC(=O)O)CO)CC(C)C)CCC(=O)O)CCC(=O)O)C(=O)N[C@H](C(=O)N[C@H](C(=O)N[C@H](C(=O)N1)CC1=CC=CC=C1)CCC(=O)O)CCC(=O)O)CCC(=O)N)CCCNC(=N)N)[C@H](C)O)CC1=CC=CC=C1)[C@@H](C)CC)CC(=O)N)CC1=CC=CC=C1)CC1=CC=CC=C1)CC1=CNC2=CC=CC=C21)CCCNC(=N)N)CC1=CN=CN1)C)C)CCCNC(=N)N)CC1=CC=C(C=C1)O,7053.951999999993,-28.144249999999793,2912.950000000001,100.0,99.0,128.0,12.0,5.0,17.0,0.5344262295081967,492.0,2696.0,1771.4884000000059,2852.2055764465363,0.959387339574023,21068.985380947557,-50.180000000000206,5.0,187.0,114.0
3X29ZEJ4R2,CC#CCn1c2c(nc1N3CCC[C@H](C3)N)n(C)c(=O)n(Cc4nc(C)c5ccccc5n4)c2=O,472.5530000000002,1.1474199999999997,116.85999999999999,1.0,7.0,4.0,4.0,1.0,5.0,0.4,35.0,180.0,135.48339999999993,201.5846093529572,1.6887731387089382,1618.5069405202873,-3.9699999999999993,1.0,10.0,2.0
RWM8CCW8GP,C[C@H]([C@@H](CO)NC(=O)[C@@H]1CSSC[C@@H](C(=O)N[C@@H](Cc2ccccc2)C(=O)N[C@H](Cc3c[nH]c4ccccc34)C(=O)N[C@@H](CCCCN)C(=O)N[C@@]([H])([C@@H](C)O)C(=O)N1)NC(=O)[C@@H](Cc5ccccc5)N)O,1019.2609999999997,-0.8053999999999961,332.2199999999999,13.0,14.0,17.0,4.0,1.0,5.0,0.4489795918367347,71.0,384.0,272.0537999999995,419.702261421603,1.5644146079692673,2395.2533183157634,-6.01,1.0,22.0,15.0
1VXP4V453T,c1cc(ccc1C[C@@H](C(=O)O)N)N(CCCl)CCCl.Cl,341.6659999999999,2.3468000000000004,66.55999999999999,2.0,3.0,8.0,1.0,0.0,1.0,0.46153846153846156,20.0,114.0,86.65820000000004,134.80110384604183,3.609997479176847e-06,395.1076713180822,-0.6799999999999999,0.0,7.0,3.0
306ERL82IR,Cn1c(COc2ccc(cc2)SC)ncc1[N+](=O)[O-],279.321,2.629200000000001,70.19,0.0,5.0,5.0,2.0,0.0,2.0,0.25,19.0,100.0,72.41740000000001,114.11173453467886,2.0348825351730544,580.4055860978926,-2.02,0.0,7.0,0.0
0199MV609F,CC(CN1CCN(CCN(CCN(CC1)CC(=O)[O-])CC(=O)[O-])CC(=O)[O-])O.[Gd+3],558.6900000000002,-6.161500000000002,153.57999999999998,1.0,11.0,8.0,0.0,1.0,1.0,0.8235294117647058,29.0,167.0,92.46180000000004,202.45881034571056,7.839989073015656e-06,492.00987477271127,-0.4653246753246756,1.0,12.0,1.0
X05U0N2RCO,C[C@@H](Cn1ccc(-c2ccc(C#N)c(c2)Cl)n1)NC(=O)c3cc(C(C)O)[nH]n3,398.8540000000001,2.670080000000001,119.62000000000002,3.0,5.0,6.0,3.0,0.0,3.0,0.2631578947368421,28.0,144.0,103.53770000000002,166.30614570392586,1.631670835067454,1033.2210230857258,-3.15,0.0,9.0,3.0
4VFX2L7EM5,Cc1cccc(C)c1NC(=O)C2CCCCN2C.Cl,282.81499999999994,3.148040000000002,32.34,1.0,2.0,2.0,1.0,1.0,2.0,0.5333333333333333,19.0,106.0,82.06270000000004,121.33436220194181,1.8049989396423084e-06,427.5217565902994,-1.0599999999999998,1.0,4.0,1.0
3E3D8T1GIX,Cc1cc(C)c(c(C)c1)/N=c/2\cc3-c4cc(c(cc4CCn3c(=O)n2CCNC(=O)N)OC)OC,477.56500000000034,2.7160600000000006,112.87,2.0,5.0,6.0,3.0,1.0,4.0,0.34615384615384615,35.0,184.0,134.3981,203.38363048272774,1.9796872952687266,1411.8705095621158,-4.01,0.0,9.0,3.0
7M19191IKG,CC[C@H](C)[C@@H](C(=O)N[C@@H]([C@@H](C)O)C(=O)N[C@@H](CC(=O)O)C(=O)O)NC(=O)[C@H](CCCCN)NC(=O)[C@H]([C@@H](C)O)NC(=O)[C@H](CCC(=O)N)NC(=O)[C@H]([C@@H](C)CC)NC(=O)[C@H](CC(C)C)NC(=O)[C@H](CC1=CNC2=CC=CC=C21)NC(=O)[C@H](CC(=O)N)NC(=O)[C@H]([C@@H](C)CC)NC(=O)[C@H](CC3=CC=CC=C3)NC(=O)[C@H](CC(=O)O)NC(=O)[C@H](CCCNC(=N)N)NC(=O)[C@H](C)NC(=O)[C@H](C)NC(=O)[C@H](CC(C)C)NC(=O)[C@H](CC(=O)N)NC(=O)[C@H](CC(=O)O)NC(=O)[C@H](CC(C)C)NC(=O)[C@H]([C@@H](C)CC)NC(=O)[C@H]([C@@H](C)O)NC(=O)[C@H](CC(=O)N)NC(=O)[C@H](CCSC)NC(=O)[C@H](CCC(=O)O)NC(=O)[C@H](CC(=O)O)NC(=O)[C@H](CO)NC(=O)[C@H](CC4=CC=CC=C4)NC(=O)[C@H](CO)NC(=O)CNC(=O)[C@H](CC(=O)O)NC(=O)CNC(=O)[C@H](CC5=CN=CN5)N,3752.139999999986,-16.88523000000022,1624.2199999999991,55.0,53.0,125.0,5.0,0.0,5.0,0.5914634146341463,264.0,1464.0,933.9366000000043,1520.1885605133407,1.3603400715837095,9999.69065522959,-27.03999999999994,0.0,100.0,62.0
K0N0Z40J3W,COC(=O)/C=C/C(=O)OCCN1C(=O)CCC1=O,255.2259999999999,-0.592200000000001,89.98000000000002,0.0,6.0,5.0,0.0,1.0,1.0,0.45454545454545453,18.0,98.0,58.069000000000024,103.32625051547434,2.2721445988368183,384.337618238337,-2.18,1.0,7.0,0.0
YA84KI1VEW,CC(C)C(=O)OC[C@@H]1[C@H]([C@H]([C@H](n2cc/c(=N/O)/[nH]c2=O)O1)O)O,329.3090000000001,-1.7152999999999983,146.37,4.0,8.0,4.0,1.0,1.0,2.0,0.6153846153846154,23.0,128.0,74.12280000000001,130.141515345053,2.134478840864784,680.6359872613865,-2.1700000000000004,1.0,10.0,4.0
G22N65IL3O,C1CCN(C1)CCOc2ccc\3cc2COC/C=C/COCc4cccc(c4)C5=CC=N/C(=N3)/N5,472.5890000000002,4.4668000000000045,67.68,1.0,7.0,4.0,2.0,3.0,5.0,0.35714285714285715,35.0,182.0,139.20469999999995,206.37184814500282,1.3617267995407019,1132.7723606005943,-3.2599999999999993,1.0,7.0,1.0
KPC4NRB25L,CC(C)CN(C[C@H]([C@H](Cc1ccccc1)NC(=O)O[C@H]2CO[C@@H]3[C@H]2CCO3)O)S(=O)(=O)c4ccc(cc4)N,547.6740000000003,2.3752999999999997,140.42000000000002,3.0,8.0,11.0,2.0,2.0,4.0,0.5185185185185185,38.0,208.0,141.59569999999994,223.65772071845134,1.5050423995020028,1160.9535123927155,-2.6999999999999993,2.0,11.0,4.0
U4VJ29L7BQ,COc1c2c(cco2)cc3ccc(=O)oc31,216.19199999999995,2.5478000000000005,52.58,0.0,4.0,1.0,3.0,0.0,3.0,0.08333333333333333,16.0,80.0,58.80800000000002,90.03388771500052,2.596039059902241,720.5360957899311,-2.2299999999999995,0.0,4.0,0.0
L0ND3981AG,C1CN(CCN(CCN(CCN1CC(=O)O)CC(=O)[O-])CC(=O)[O-])CC(=O)[O-].CNC[C@@H]([C@H]([C@@H]([C@@H](CO)O)O)O)O.[Gd+3],753.8610000000007,-9.816000000000024,283.83,7.0,17.0,14.0,0.0,1.0,1.0,0.8260869565217391,42.0,245.0,133.4565000000001,275.3368472302513,0.0,687.8573203181153,-1.195324675324676,1.0,19.0,7.0
DL48G20X8X,CN1[C@@H]2C[C@H](C[C@H]1[C@@]3([H])[C@]2([H])O3)OC(=O)[C@H](CO)c4ccccc4,303.35799999999995,0.9180999999999993,62.3,1.0,5.0,4.0,1.0,3.0,4.0,0.5882352941176471,22.0,118.0,79.38280000000005,129.37095289872892,1.4200028178766764,545.0371822548029,-1.4299999999999997,3.0,5.0,1.0
H6241UJ22B,[Se],78.96,-0.3808,0.0,0.0,0.0,0.0,0.0,0.0,0.0,0.0,1.0,6.0,5.754,17.964098032124472,0.0,0.0,0.5194805194805194,0.0,1.0,0.0
Z9K9Y9WMVL,CCCNS(=O)(=O)Nc1c(-c2ccc(cc2)Br)c(ncn1)OCCOc3ncc(cn3)Br,588.2820000000002,3.572700000000002,128.22000000000003,2.0,8.0,11.0,3.0,0.0,3.0,0.2631578947368421,32.0,170.0,126.72620000000003,202.20695746795025,1.8069041471940068,1131.559789599366,-2.35,0.0,13.0,2.0
5G7AKV2MKP,CCC/N=C\1/N(c2ccccc2C)C(=O)/C(=C/c3ccc(c(c3)Cl)OC[C@@H](CO)O)/S1,460.9830000000002,4.267320000000006,82.36000000000001,2.0,6.0,8.0,2.0,1.0,3.0,0.30434782608695654,31.0,164.0,126.86560000000003,190.75249364046326,1.876126033021235,1008.8210342061304,-2.3199999999999994,1.0,8.0,2.0
6M3C89ZY6R,CN1CCC[C@H]1c2cccnc2,162.236,1.8483,16.130000000000003,0.0,2.0,1.0,1.0,1.0,2.0,0.5,12.0,64.0,48.842000000000034,73.22976418910065,2.194591657785846,245.27530899395384,-0.89,1.0,2.0,0.0
EY00JF42FV,c1cc(ccc1Cc2cc(ccc2Cl)[C@H]3[C@@H]([C@H]([C@@H]([C@@H](CO)O3)O)O)O)OCCOC4CC4,464.9420000000003,2.0035,108.61000000000001,4.0,7.0,9.0,2.0,2.0,4.0,0.5,32.0,174.0,117.88920000000006,191.67697731544817,1.4085137987531706,884.4165064162293,-1.7099999999999997,2.0,8.0,4.0
5W494URQ81,CN(C(=O)N[C@@H](C=O)[C@H]([C@@H]([C@@H](CO)O)O)O)N=O,265.222,-3.0482999999999976,159.76,5.0,8.0,7.0,0.0,0.0,0.0,0.75,18.0,104.0,57.04790000000003,101.76838889575426,4.623918484276696,300.41517578679407,-1.62,0.0,10.0,5.0
M801H13NRU,C([C@@H]1[C@H]([C@H]([C@H](n2cnc(N)nc2=O)O1)O)O)O,244.207,-3.167999999999999,143.72000000000003,4.0,8.0,2.0,1.0,1.0,2.0,0.625,17.0,94.0,53.713800000000006,95.11685725053707,2.3196952658217853,463.4739146948155,-1.55,1.0,9.0,5.0
IF1B771SVB,C(CS)N.Cl,113.613,0.29670000000000024,26.02,2.0,2.0,1.0,0.0,0.0,0.0,1.0,5.0,34.0,30.1554,43.75224375519001,0.0,11.609640474436812,0.6,0.0,3.0,2.0
181R97MR71,Cn1cnc2c1cc(c(c2F)Nc3ccc(cc3F)Br)C(=O)NOCCO,441.23200000000014,3.0113000000000008,88.41000000000001,3.0,5.0,6.0,3.0,0.0,3.0,0.17647058823529413,27.0,142.0,98.55870000000003,160.59039256337334,2.086710628422868,1009.497467706933,-2.5599999999999996,0.0,10.0,3.0
69G8BD63PP,CC(C)C[C@@H](B(O)O)NC(=O)[C@H](Cc1ccccc1)NC(=O)c2cnccn2,384.24500000000006,0.3605999999999992,124.44,4.0,6.0,9.0,2.0,0.0,2.0,0.3684210526315789,28.0,148.0,105.00950000000002,164.11611240521268,2.161933230544059,759.0436469670761,-2.7750649350649352,0.0,9.0,4.0
883WKN7W8X,CC(=O)OCC(=O)[C@]1(CC[C@@]2([H])[C@]3([H])CCC4=CC(=O)CC[C@]4(C)[C@@]3([H])C(=O)C[C@@]21C)O,402.48700000000025,2.5606000000000013,97.74000000000001,1.0,6.0,3.0,0.0,4.0,4.0,0.7391304347826086,29.0,158.0,103.68980000000006,170.60891728013172,1.6645960183635236,827.2246952751074,-1.82,3.0,6.0,1.0
2L7I72RUHN,C1CC[C@]2([C@H]3Cc4ccc(cc4[C@]2(C1)CCN3CC5CCC5)O)O.[C@H]([C@@H](C(=O)O)O)(C(=O)O)O,477.5540000000002,1.2429999999999997,158.76,6.0,7.0,5.0,1.0,4.0,5.0,0.68,34.0,188.0,121.51080000000009,198.19609021591177,2.3494998199744613e-07,915.4907664981762,-2.1999999999999997,3.0,9.0,6.0
9ZOQ3TZI87,CNC(=O)c1cc(ccn1)Oc2ccc(cc2)NC(=O)Nc3ccc(c(c3)C(F)(F)F)Cl,464.831,5.549700000000002,92.35,3.0,4.0,5.0,3.0,0.0,3.0,0.09523809523809523,32.0,166.0,113.23860000000002,185.11105638623692,1.6244376001208216,1137.8789445127009,-3.789999999999999,0.0,11.0,3.0
144O8QL0L1,c1ccc(c(c1)CC(=O)O)Nc2c(cccc2Cl)Cl,296.153,4.364100000000001,49.33,2.0,2.0,4.0,2.0,0.0,2.0,0.07142857142857142,19.0,98.0,77.52650000000003,120.33053204396538,2.3558879442321032,593.8950014443016,-1.7099999999999995,0.0,5.0,2.0
HM5Z15LEBN,C(=O)(O)[O-].[K+],100.114,-4.1083,60.36,1.0,2.0,0.0,0.0,0.0,0.0,0.0,5.0,24.0,8.0248,71.41180532762793,0.0,29.87430298092722,0.9063636363636363,0.0,4.0,1.0
KR5YZ6AE4B,CC1=N[C@]2(C(=O)COC(=O)C)[C@@]([H])(C[C@@]3([H])[C@]4([H])CCC5=CC(=O)C=C[C@]5(C)[C@@]4([H])[C@H](C[C@@]32C)O)O1,441.52400000000017,2.5632000000000006,102.26,1.0,7.0,3.0,0.0,5.0,5.0,0.68,32.0,172.0,115.74180000000005,187.49071293853467,1.556268881101802,996.3911784632876,-2.2800000000000002,3.0,7.0,1.0
436LRU32H5,C1CCC(C1)[C@@H](CC#N)n2cc(cn2)-c3c4cc[nH]c4ncn3,306.37300000000005,3.466380000000002,83.17999999999999,1.0,4.0,4.0,3.0,1.0,4.0,0.4117647058823529,23.0,116.0,86.33470000000004,133.7321371402767,1.701320839413269,849.2211356700518,-2.68,1.0,6.0,1.0
10T9CSU89I,CC[C@H](C)[C@@H](C(=O)N[C@@H](CCC(=O)N)C(=O)N[C@@H](CC(C)C)C(=O)N[C@@H](CCSC)C(=O)N[C@@H](CC1=CNC=N1)C(=O)N[C@@H](CC(=O)N)C(=O)N[C@@H](CC(C)C)C(=O)NCC(=O)N[C@@H](CCCCN)C(=O)N[C@@H](CC2=CNC=N2)C(=O)N[C@@H](CC(C)C)C(=O)N[C@@H](CC(=O)N)C(=O)N[C@@H](CO)C(=O)N[C@@H](CCSC)C(=O)N[C@@H](CCC(=O)O)C(=O)N[C@@H](CCCNC(=N)N)C(=O)N[C@@H](C(C)C)C(=O)N[C@@H](CCC(=O)O)C(=O)N[C@@H](CC3=CNC4=CC=CC=C43)C(=O)N[C@@H](CC(C)C)C(=O)N[C@@H](CCCNC(=N)N)C(=O)N[C@@H](CCCCN)C(=O)N[C@@H](CCCCN)C(=O)N[C@@H](CC(C)C)C(=O)N[C@@H](CCC(=O)N)C(=O)N[C@@H](CC(=O)O)C(=O)N[C@@H](C(C)C)C(=O)N[C@@H](CC5=CNC=N5)C(=O)N[C@@H](CC(=O)N)C(=O)N[C@@H](CC6=CC=CC=C6)C(=O)O)NC(=O)[C@H](CCC(=O)O)NC(=O)[C@H](CO)NC(=O)[C@H](C(C)C)NC(=O)[C@H](CO)N,4117.786999999984,-15.240260000000273,1752.6499999999987,60.0,57.0,144.0,6.0,0.0,6.0,0.6243093922651933,289.0,1608.0,1046.0975000000053,1676.3981006391816,1.233681353550429,10863.431464848365,-28.21999999999994,0.0,108.0,71.0
0T4IMT8S5Z,C[C@@H](c1cc2cc(ccc2[nH]c1=O)Cl)Nc3ccc(C#N)n(C)c3=O,354.79700000000014,2.9249800000000006,90.68,2.0,4.0,3.0,3.0,0.0,3.0,0.16666666666666666,25.0,126.0,98.01440000000004,147.847950055417,2.0060589177430006,1124.5949507165217,-3.04,0.0,7.0,2.0
7B2Y1932XU,CCOC(=O)C[N+]1(C)CC[C@H](C1)OC(=O)[C@](c2ccccc2)(C3CCCC3)O.[Br-],470.40400000000017,-0.6063999999999963,72.83,1.0,5.0,7.0,1.0,2.0,3.0,0.6363636363636364,29.0,162.0,104.21220000000008,183.08569032332775,2.9999958850058753e-06,693.7028556796844,-1.4399999999999995,2.0,7.0,1.0
ZS9KD92H6V,CC(C)(c1cccnc1)C(=O)c2cccnc2,226.279,2.637100000000001,42.85,0.0,3.0,3.0,2.0,0.0,2.0,0.21428571428571427,17.0,86.0,65.83050000000003,100.54908384508421,2.3719369599397124,506.26012348381613,-2.03,0.0,3.0,0.0
78E4J5IB5J,c1ccc(c(c1)C(c2ccc(cc2)Cl)C(Cl)Cl)Cl,320.04599999999994,5.929000000000001,0.0,0.0,0.0,3.0,2.0,0.0,2.0,0.14285714285714285,18.0,94.0,80.24100000000003,126.43144646188087,2.4676187369448983,519.5721302041951,-0.3999999999999995,0.0,4.0,0.0
MVR3JL3B2V,c1ccc(cc1)[C@H](CNCCc2ccc(cc2)NC(=O)Cc3csc(N)n3)O,396.51600000000013,2.7722,100.27,4.0,6.0,9.0,3.0,0.0,3.0,0.23809523809523808,28.0,146.0,113.27760000000004,167.99062638583126,1.3844210166167137,880.9359450299481,-2.7399999999999998,0.0,7.0,5.0
6KLL51GNBG,C[C@H](COc1ccc(cc1)-c2cnc3ccc(N[C@H](C)c4cccc(c4)F)nn23)N.C(CCC(=O)O)CC(=O)O,551.6190000000004,5.150500000000003,152.07,4.0,7.0,12.0,4.0,0.0,4.0,0.3103448275862069,40.0,212.0,149.74469999999988,231.17204108656045,3.7799994928734105e-07,1391.724309674595,-4.510000000000001,0.0,11.0,5.0
84HW7D0V04,CC(C)c1c(cc(/C=C/c2ccccc2)cc1O)O,254.329,4.391600000000005,40.46,2.0,2.0,3.0,2.0,0.0,2.0,0.17647058823529413,19.0,98.0,79.23060000000002,113.21207236975184,2.301809261552717,560.4611020518523,-2.2199999999999998,0.0,2.0,2.0
PUG62FRZ2E,CC(C)C[C@H](C(=O)N[C@@H]1[C@@H](c2ccc(c(c2)Cl)Oc3cc4cc(c3O[C@H]5[C@@H]([C@H]([C@@H]([C@@H](CO)O5)O)O)O[C@@]6([H])C[C@@](C)([C@H]([C@H](C)O6)O)NCc7ccc(cc7)-c8ccc(cc8)Cl)Oc9ccc(cc9Cl)[C@H]([C@@]%10([H])C(=O)N[C@@]([H])(c%11cc(cc(c%11-c%12cc(ccc%12O)[C@]([H])(C(=O)N%10)NC(=O)[C@]4([H])NC(=O)[C@H](CC(=O)N)NC1=O)O)O)C(=O)O)O[C@@]%13([H])C[C@@](C)([C@H]([C@H](C)O%13)O)N)O)NC,1793.1250000000007,4.49520000000001,560.98,20.0,28.0,19.0,7.0,8.0,15.0,0.4186046511627907,125.0,668.0,445.2494000000006,729.927788170056,1.016357124073679,5252.126588020797,-10.58999999999999,3.0,39.0,22.0
1BJ477IO2L,C1CN(CCN(CCN(CCN1CC(=O)[O-])CC(=O)[O-])[C@H](CO)[C@@H](CO)O)CC(=O)[O-].[Gd+3],604.7150000000001,-7.82820000000001,194.04,3.0,13.0,10.0,0.0,1.0,1.0,0.8333333333333334,32.0,185.0,99.88040000000004,218.41221996449917,9.609984455850856e-06,554.6535896843482,-0.5453246753246757,1.0,14.0,3.0
7360URE56Q,C(CNCCNCCN)N.Cl.Cl.Cl.Cl,292.08200000000005,-0.22980000000000117,76.1,4.0,4.0,7.0,0.0,0.0,0.0,1.0,14.0,94.0,72.84020000000001,110.95584037125178,-6.749999465625044e-08,61.79319390447952,1.0,0.0,8.0,6.0
9959P4V12N,CC[C@H](C)[C@@H](C(=O)N[C@@H](CCC(=O)N)C(=O)N[C@@H](CC(C)C)C(=O)N[C@@H](CCSC)C(=O)N[C@@H](CC1=CNC=N1)C(=O)N[C@@H](CC(=O)N)C(=O)N[C@@H](CC(C)C)C(=O)NCC(=O)N[C@@H](CCCCN)C(=O)N[C@@H](CC2=CNC=N2)C(=O)N[C@@H](CC(C)C)C(=O)N[C@@H](CC(=O)N)C(=O)N[C@@H](CO)C(=O)N[C@@H](CCSC)C(=O)N[C@@H](CCC(=O)O)C(=O)N[C@@H](CCCNC(=N)N)C(=O)N[C@@H](C(C)C)C(=O)N[C@@H](CCC(=O)O)C(=O)N[C@@H](CC3=CNC4=CC=CC=C43)C(=O)N[C@@H](CC(C)C)C(=O)N[C@@H](CCCNC(=N)N)C(=O)N[C@@H](CCCCN)C(=O)N[C@@H](CCCCN)C(=O)N[C@@H](CC(C)C)C(=O)N[C@@H](CCC(=O)N)C(=O)N[C@@H](CC(=O)O)C(=O)N[C@@H](C(C)C)C(=O)N[C@@H](CC5=CNC=N5)C(=O)N[C@@H](CC(=O)N)C(=O)N[C@@H](CC6=CC=CC=C6)C(=O)O)NC(=O)[C@H](CCC(=O)O)NC(=O)[C@H](CO)NC(=O)[C@H](C(C)C)NC(=O)[C@H](CO)N,4117.786999999984,-15.240260000000273,1752.6499999999987,60.0,57.0,144.0,6.0,0.0,6.0,0.6243093922651933,289.0,1608.0,1046.0975000000053,1676.3981006391816,1.233681353550429,10863.431464848365,-28.21999999999994,0.0,108.0,71.0
19GBJ60SN5,CCCCCc1cc(c([C@@H]2C=C(C)CC[C@H]2C(=C)C)c(c1)O)O,314.469,5.846500000000007,40.46,2.0,2.0,6.0,1.0,1.0,2.0,0.5238095238095238,23.0,126.0,97.03660000000005,140.10896512194037,2.337597235393336,574.8542872870768,-1.6999999999999997,0.0,2.0,2.0
O880NM097T,Cc1ccc(cc1C(F)(F)F)NC(=O)[C@H]2CCCN([C@H]2c3ccc(cc3)NC4CCCC4)C(=O)c5c(C)cccc5F,581.6540000000005,8.048040000000006,61.440000000000005,2.0,3.0,6.0,3.0,2.0,5.0,0.3939393939393939,42.0,222.0,154.76989999999972,242.85280478972763,1.4775647898416433,1428.3900873012326,-3.879999999999999,2.0,9.0,2.0
2DS058H2CF,CCNC(C)Cc1cccc(c1)C(F)(F)F,231.26099999999997,3.2459000000000024,12.03,1.0,1.0,4.0,1.0,0.0,1.0,0.5,16.0,90.0,58.286700000000025,93.66752419826337,2.7505823470987134,333.280912135366,-1.0300000000000002,0.0,4.0,1.0
M5TSE03W5U,c1ccc(cc1)[C@H]([C@@]2([H])CC[C@@H](Cc3ccc(cc3)NC(=O)[C@@H]4CCc5nccc(=O)n45)N2)O,444.5350000000002,2.7660000000000005,96.25,3.0,5.0,6.0,3.0,2.0,5.0,0.34615384615384615,33.0,170.0,125.97820000000006,192.04962013652064,1.1661341049798502,1176.1463182627142,-3.29,1.0,7.0,3.0
3L12PT535M,C[C@H]1CO[C@@H]2Cn3cc(c(=O)c(c3C(=O)N12)O)C(=O)NCc4ccc(cc4F)F,405.3570000000001,0.9626999999999999,100.87,2.0,5.0,3.0,2.0,2.0,4.0,0.3157894736842105,29.0,152.0,95.26650000000004,162.85910334271531,1.6227527639597001,1084.2447843605012,-3.2699999999999996,1.0,10.0,2.0
4784C8E03O,CSc1nc2cc(c(cc2[nH]1)Oc3cccc(c3Cl)Cl)Cl,359.66499999999996,6.037300000000001,37.91,1.0,3.0,3.0,3.0,0.0,3.0,0.07142857142857142,21.0,108.0,89.42070000000001,140.11036630917076,2.0330867386050975,819.3294892950706,-1.0699999999999994,0.0,7.0,1.0
37JNS02E7V,CCNC(=O)[C@@H]1CCCN1C(=O)[C@H](CCCNC(=N)N)NC(=O)[C@H](CC(C)C)NC(=O)[C@@H](CC(C)C)NC(=O)[C@H](Cc2ccc(cc2)O)NC(=O)[C@H](CO)NC(=O)[C@H](Cc3c[nH]c4ccccc34)NC(=O)[C@H](Cc5c[nH]cn5)NC(=O)[C@@H]6CCC(=O)N6.CC(=O)O,1269.4730000000002,-1.1375300000000104,466.33999999999986,17.0,15.0,32.0,4.0,2.0,6.0,0.5245901639344263,91.0,496.0,332.6599000000004,526.3599883258879,3.6471170915339412e-06,3150.1489498043534,-9.609999999999998,2.0,30.0,18.0
73OS0QIN3O,C(P(=O)(O)O)P(=O)(O)O,176.001,-0.7007000000000001,115.06,4.0,2.0,2.0,0.0,0.0,0.0,1.0,9.0,56.0,28.955199999999994,50.842066869309306,4.074479309921039,151.49688176536182,0.3,0.0,8.0,4.0
AVK0I6HY2U,CC[C@H](C)[C@@H](C(=O)N[C@@H](CCC(=O)N)C(=O)N[C@@H](CC(=O)O)C(=O)N[C@@H](CC(C)C)C(=O)N[C@@H](CCCNC(=N)N)C(=O)N[C@@H](CCCNC(=N)N)C(=O)N[C@@H](CCCNC(=N)N)C(=O)N[C@@H](CCC(=O)O)C(=O)N[C@@H](CC(C)C)C(=O)N[C@@H](CC(C)C)C(=O)N[C@@H](CCC(=O)O)C(=O)N[C@@H](CCCCN)C(=O)N[C@@H](CC(C)C)C(=O)N[C@@H](CC(C)C)C(=O)NC(C)(C)C(=O)N[C@@H](CCCCN)C(=O)N[C@@H](CC(C)C)C(=O)N[C@@H](CC1=CN=CN1)C(=O)N[C@@H]([C@@H](C)O)C(=O)N[C@@H](C)C(=O)N)NC(=O)[C@H](CO)NC(=O)[C@H](CCCCN)NC(=O)CNC(=O)[C@H](CCCCN)NC(=O)[C@H](CC(=O)O)NC(=O)[C@H](CC2=CN=CN2)NC(=O)[C@H](CC(C)C)NC(=O)[C@H](CC(C)C)NC(=O)[C@H](CCC(=O)N)NC(=O)[C@H](CC3=CN=CN3)NC(=O)[C@H](CCC(=O)O)NC(=O)[C@H](CO)NC(=O)[C@H](C(C)C)NC(=O)[C@H](C)N,3960.6569999999847,-15.40709000000028,1738.5999999999988,61.0,55.0,142.0,3.0,0.0,3.0,0.6954022988505747,279.0,1570.0,1007.3072000000057,1616.6136310071345,2.086381847504868,9797.647658048907,-26.60999999999994,0.0,105.0,72.0
6AQ1Y404U7,CSCCNc1c2c(nc(n1)SCCC(F)(F)F)n(cn2)[C@H]3[C@@H]([C@@H]([C@@H](COP(=O)(O)OP(=O)(C(Cl)(Cl)P(=O)(O)O)O)O3)O)O,776.3660000000004,2.8505000000000034,255.90999999999994,7.0,14.0,15.0,2.0,1.0,3.0,0.7058823529411765,44.0,252.0,152.68299999999988,264.04536832665946,1.8166440097403924,1473.5747393405038,-0.2500000000000003,1.0,27.0,7.0
4B93MGE4AL,C=CC(=O)N1CC[C@@]([H])(C1)n2c3c(c(C#Cc4cc(cc(c4)OC)OC)n2)c(N)ncn3,418.45700000000016,1.7848999999999995,108.39,1.0,7.0,4.0,3.0,1.0,4.0,0.2727272727272727,31.0,158.0,115.69240000000002,179.02318266693217,1.7487941834724563,1200.9397826086542,-4.06,1.0,9.0,2.0
70JE2N95KR,CC(C)(C)NCC(=O)Nc1cc(c2C[C@@]3([H])C[C@@]4([H])[C@@H](C(=C(C(=O)[C@]4(C(=C3C(=O)c2c1O)O)O)C(=O)N)O)N(C)C)N(C)C,585.6580000000001,0.5132000000000028,205.76000000000002,7.0,11.0,6.0,1.0,3.0,4.0,0.5172413793103449,42.0,228.0,154.38649999999993,243.2106780392574,1.8740796565822564,1454.4514477474333,-3.940000000000001,0.0,13.0,8.0
QMG7HLD1ZE,CCNC(=O)[C@@H]1CCCN1C(=O)[C@H](CCCNC(=N)N)NC(=O)[C@H](CC(C)C)NC(=O)[C@@H](Cc2cn(Cc3ccccc3)cn2)NC(=O)[C@H](Cc4ccc(cc4)O)NC(=O)[C@H](CO)NC(=O)[C@H](Cc5c[nH]c6ccccc56)NC(=O)[C@H](Cc7c[nH]cn7)NC(=O)[C@@H]8CCC(=O)N8.CC(=O)O.CC(=O)O,1443.6320000000003,-0.605230000000009,521.4599999999999,18.0,17.0,34.0,6.0,2.0,8.0,0.44285714285714284,104.0,560.0,377.9897000000008,599.0745436323411,2.014161387004871e-06,3881.681889014109,-11.709999999999999,2.0,34.0,19.0
ID912S5VON,C[C@]12[C@@H]([C@@H](C[C@]([H])(n3c4ccccc4c5c6c(CNC6=O)c7c8ccccc8n1c7c53)O2)N(C)C(=O)c9ccccc9)OC,570.6490000000003,5.906800000000006,77.73,1.0,4.0,3.0,6.0,3.0,9.0,0.2571428571428571,43.0,214.0,165.12369999999964,246.91011957840874,1.42520113813761,2180.8233225458644,-4.659999999999999,1.0,8.0,1.0
QFP0P1DV7Z,C1Cn2c(CN1C(=O)C[C@@H](Cc3cc(c(cc3F)F)F)N)nnc2C(F)(F)F,407.31800000000004,2.0164999999999997,77.04,1.0,4.0,4.0,2.0,1.0,3.0,0.4375,28.0,152.0,83.05340000000002,154.4835434099293,1.6262839581617268,896.3804853871782,-2.6299999999999994,0.0,12.0,2.0
2XOI31YC4N,c1cc(ccc1CO[C@H]2Cn3cc(nc3OC2)[N+](=O)[O-])OC(F)(F)F,359.26,2.667700000000001,88.65,0.0,6.0,5.0,2.0,1.0,3.0,0.35714285714285715,25.0,134.0,76.07840000000002,138.43637425237003,1.5436397745822197,760.0630907449166,-2.82,0.0,11.0,0.0
8L7891MRB6,CC(C)n1cc(-c2ccnc(NC[C@H](C)NC(=O)OC)n2)c(-c3cc(cc(c3F)NS(=O)(=O)C)Cl)n1,540.0210000000002,3.908400000000002,140.13,3.0,8.0,9.0,3.0,0.0,3.0,0.36363636363636365,36.0,194.0,136.00089999999994,213.0308313826462,2.0273149265395833,1364.4216286332567,-3.4499999999999997,0.0,14.0,3.0
RE91AN4S8G,c1cc(c(cc1Cl)Cl)[C@@H]2CS/C(=C(/C#N)\n3ccnc3)/S2,354.287,5.060880000000003,41.61,0.0,4.0,2.0,2.0,1.0,3.0,0.14285714285714285,21.0,106.0,90.30799999999999,140.50188578634922,1.8986370018650685,735.1725490430124,-1.06,1.0,7.0,0.0
N00W22YO2B,CC[C@@]1(C[C@H]2C[C@](c3cc4c(cc3OC)N(C)[C@]5([H])[C@@]64CCN7CC=C[C@](CC)([C@@]67[H])[C@H]([C@@]5(C(=O)OC)O)OC(=O)C)(c8c(CCN(C2)C1)c9ccccc9[nH]8)C(=O)OC)O.OS(=O)(=O)O,909.0680000000001,3.338100000000004,228.69999999999996,5.0,14.0,7.0,3.0,6.0,9.0,0.5869565217391305,64.0,348.0,234.6056999999994,372.777300510627,1.06245879050399e-06,2504.2328537276435,-4.5600000000000005,3.0,18.0,5.0
J82SB7FXWB,C=C1CCN(CC1)[C@H](C)[C@](Cn2cncn2)(c3ccc(cc3F)F)O,348.39700000000005,2.484600000000001,54.18000000000001,1.0,4.0,5.0,2.0,1.0,3.0,0.4444444444444444,25.0,134.0,89.68580000000006,145.15450394997282,1.9698207283614335,739.5392692983619,-2.119999999999999,1.0,7.0,1.0
5092U85G58,COc1cc2c(cc1NC(=O)/C=C/CN3CCCCC3)c(ncn2)Nc4ccc(c(c4)Cl)F.O,487.9630000000002,4.3304000000000045,110.88,2.0,6.0,7.0,3.0,1.0,4.0,0.2916666666666667,34.0,180.0,132.4572,201.64762520263423,3.2399942746607125e-06,1184.7273174671227,-3.2699999999999996,1.0,10.0,4.0
NWN58M4F5T,CC(C)(/C=C(\C#N)/C(=O)N1CCC[C@H](C1)N2C3=NC=NC(=C3C(=N2)C4=C(C=C(C=C4)OC5=CC=CC=C5)F)N)N6CCN(CC6)C7COC7,665.7739999999997,4.4153800000000025,138.66,1.0,10.0,8.0,4.0,3.0,7.0,0.4166666666666667,49.0,254.0,182.0243999999995,284.066708514053,1.110430054151791,1910.0476403086516,-4.8999999999999995,3.0,13.0,2.0
9U35A31JAI,Cc1ccccc1CN2C(=O)C3=C(CCN(Cc4ccccc4)C3)N5CCN=C52,386.49900000000014,3.168820000000002,39.150000000000006,0.0,4.0,4.0,2.0,3.0,5.0,0.3333333333333333,29.0,148.0,114.09900000000005,171.49705180206237,1.4200252982452852,994.95006918238,-2.9199999999999995,0.0,5.0,0.0
8110R61I4U,CCN1CCCC1CNC(=O)c2cc(c(cc2OC)N)S(=O)(=O)CC,369.48700000000014,1.2851000000000006,101.72999999999999,2.0,6.0,7.0,1.0,1.0,2.0,0.5882352941176471,25.0,140.0,97.73540000000006,148.9899874864918,2.2412392955411353,733.6536618070231,-1.7999999999999998,1.0,8.0,3.0
25IH6R4SGF,C(CN(CC(=O)[O-])CC(=O)[O-])N(CC(=O)[O-])CC(=O)[O-].[Ca+2].[Na+].[Na+].O.O,410.30000000000007,-15.432200000000009,230.0,0.0,10.0,11.0,0.0,0.0,0.0,0.6,25.0,130.0,65.88960000000002,217.2704949042417,-1.8049997009400505e-07,333.8924429504674,0.97974025974026,0.0,15.0,4.0
98WI44OHIQ,CC(=O)[C@H]1CC[C@@]2([H])[C@]3([H])CC[C@@]4([H])C[C@@](C)(CC[C@]4(C)[C@@]3([H])CC[C@]12C)O,332.5280000000001,4.985300000000006,37.3,1.0,2.0,1.0,0.0,4.0,4.0,0.9545454545454546,24.0,136.0,96.52180000000007,147.33546666828116,1.6095966318045525,538.0880044765184,-0.37,4.0,2.0,1.0
M089EFU921,CC[C@H](C)[C@@H](C(=O)N[C@@H](CC1=CN=CN1)C(=O)N2CCC[C@H]2C(=O)N[C@@H](CC3=CC=CC=C3)C(=O)O)NC(=O)[C@H](CC4=CC=C(C=C4)O)NC(=O)[C@H](C(C)C)NC(=O)[C@H](CCCN=C(N)N)NC(=O)[C@H](CC(=O)O)N,1046.1969999999997,-1.3147000000000029,408.83999999999986,13.0,13.0,29.0,3.0,1.0,4.0,0.5,75.0,408.0,272.63549999999947,433.5519442896696,1.5899659032508826,2452.9607786598517,-8.09,1.0,25.0,16.0
46627O600J,c1cc(c(cc1C[C@@H](C(=O)O)N)O)O,197.19,0.05219999999999969,103.78,4.0,4.0,3.0,1.0,0.0,1.0,0.2222222222222222,14.0,76.0,49.08680000000001,80.41034351633131,2.7772680269131413,350.6652327975252,-1.75,0.0,5.0,5.0
84F6U3J2R6,CNC(=O)CN(CCN(CCN(CC(=O)NC)CC(=O)[O-])CC(=O)[O-])CC(=O)[O-].[Gd+3],573.6610000000003,-7.3659000000000106,188.31,2.0,11.0,16.0,0.0,0.0,0.0,0.6875,30.0,171.0,92.47440000000005,205.9684005297474,0.0,549.9826963712911,-1.445324675324676,0.0,14.0,2.0
30Q7KI53AK,CNC[C@@H](c1ccc(c(c1)O)O)O.[C@@H]([C@H](C(=O)O)O)(C(=O)O)O,333.29300000000006,-1.7719999999999998,187.77999999999997,8.0,8.0,6.0,1.0,0.0,1.0,0.38461538461538464,23.0,130.0,75.94330000000002,130.42437172287015,4.3830768104275983e-07,516.176521065326,-2.4000000000000004,0.0,10.0,8.0
DL5J0B8VSS,Cc1cc(nc2c(cc(c(c12)Oc3cccc(c3)C(F)(F)F)OC)NC(C)CCCN)OC,463.5000000000002,5.910820000000006,78.63000000000001,2.0,6.0,9.0,3.0,0.0,3.0,0.375,33.0,178.0,122.47510000000007,190.40128364573232,2.16194018969415,1119.5303569386197,-3.1999999999999997,0.0,9.0,3.0
NA8320J834,c1ccc2c(c1)c(C[C@H]3C(=O)N4CCC[C@@]4([H])C(=O)N[C@@H](CSSCCC(=O)N[C@@H](CCCCNC(=N)N)C(=O)NCC(=O)N[C@@H](CC(=O)O)C(=O)N3)C(=O)N)c[nH]2,831.9789999999999,-1.8447299999999975,323.89,11.0,11.0,10.0,2.0,2.0,4.0,0.5142857142857142,57.0,310.0,212.21819999999977,335.3207347086646,1.6093593285792651,1826.594581123469,-5.510000000000001,2.0,22.0,13.0
HW6NV07QEC,Cc1cc(C)nc(n1)O[C@H](C(=O)O)C(c2ccccc2)(c3ccccc3)OC,378.4280000000001,3.515640000000003,81.54,1.0,5.0,7.0,3.0,0.0,3.0,0.22727272727272727,28.0,144.0,104.23080000000003,163.35738649115126,2.1934632288677594,885.5152815355896,-3.2499999999999987,0.0,6.0,1.0
304GTH6RNH,CC[C@@]12CC(=C)[C@]3([H])[C@@]4([H])CCC(=O)C=C4CC[C@@]3([H])[C@]2([H])CC[C@]1(C#C)O,324.46400000000006,4.048700000000004,37.3,1.0,2.0,1.0,0.0,4.0,4.0,0.6818181818181818,24.0,128.0,95.01580000000006,144.95548599577194,1.739460674703135,665.9476248377583,-1.33,3.0,2.0,1.0
PTB4X93HE1,CC(C)Nc1nc2cc(c(cc2n1[C@@H]3[C@H]([C@H]([C@H](CO)O3)O)O)Cl)Cl,376.24,1.7749000000000001,99.77000000000001,4.0,6.0,4.0,2.0,1.0,3.0,0.5333333333333333,24.0,132.0,91.5211,148.31819442489828,2.152064831833686,751.8846582634604,-1.09,1.0,9.0,4.0
37JK4STR6Z,c1ccc2c(c1)[nH]c(=O)n2CCN3CCN(CC3)c4cccc(c4)C(F)(F)F,390.40899999999993,3.170600000000001,44.27,1.0,3.0,4.0,3.0,1.0,4.0,0.35,28.0,148.0,102.65570000000004,159.53550104232863,1.370501761403687,1015.9529729131667,-2.739999999999999,1.0,8.0,1.0
Q2PCN8MAM6,c1ccc(c(c1)[C@@H](C(=O)NC2CC(C2)(F)F)N(c3cc(cnc3)F)C(=O)[C@@H]4CCC(=O)N4c5cc(ccn5)C#N)Cl,582.97,4.324580000000003,119.28999999999999,1.0,6.0,7.0,3.0,2.0,5.0,0.2857142857142857,41.0,210.0,141.44569999999987,237.09907850049402,1.6055894134907036,1556.772172676448,-4.5,2.0,13.0,1.0
2WTV10SIKH,c1cc2cccnc2c(c1)S(=O)(=O)Nc3ccc(cc3)C(=O)N4CCN(CC4)CC5CC5,450.56400000000036,3.203400000000001,82.60999999999999,1.0,5.0,6.0,3.0,2.0,5.0,0.3333333333333333,32.0,166.0,124.06100000000006,187.65445407722737,1.2560445234762891,1226.3438396356346,-2.9699999999999993,2.0,8.0,1.0
1WPE73O1WV,Cc1cc(Nc2cc(C)[nH]n2)nc([C@H]3CC[C@@](CC3)(C(=O)N[C@@H](C)c4ccc(nc4)-n5cc(cn5)F)OC)n1,533.6120000000001,4.200140000000003,135.53000000000003,3.0,8.0,8.0,4.0,1.0,5.0,0.4074074074074074,39.0,204.0,142.20009999999985,225.179926426778,1.219673622106282,1441.7261131754292,-4.1899999999999995,1.0,12.0,3.0
5P60F84FBH,CCN(CC)Cc1ccc2cc(ccc2c1)COC(=O)Nc3ccc(cc3)C(=O)NO,421.49700000000007,4.549300000000002,90.9,3.0,5.0,8.0,3.0,0.0,3.0,0.25,31.0,162.0,120.07540000000004,181.13411849115693,1.5724201600733012,1046.3786940223997,-3.4199999999999995,0.0,7.0,3.0
4MOD1F4ENC,C[C@@H](Cn1c(cc2c(C)c(ccc21)CN3CCC(CC3)Nc4c5cc(CC(F)(F)F)sc5nc(NC)n4)C#N)N6CCN(CC6)S(=O)(=O)C,717.8879999999996,5.014800000000004,122.41999999999999,2.0,10.0,10.0,4.0,2.0,6.0,0.5454545454545454,49.0,264.0,187.48419999999953,288.30204255591127,1.099958430369874,1970.768151983419,-3.4900000000000007,2.0,16.0,2.0
CR02EYQ8GV,c1ccc(cc1)C(c2ccccc2)([C@@H]3CCN(CCc4ccc5c(CCO5)c4)C3)C(=O)N,426.56000000000023,3.9575000000000014,55.56,1.0,3.0,7.0,3.0,2.0,5.0,0.32142857142857145,32.0,164.0,126.75040000000006,189.55814206529942,1.3818341956647633,1041.601217115651,-3.1099999999999994,1.0,4.0,2.0
VL1P93MKZN,CC(C)C[C@H](C(=O)N[C@@H]1[C@@H](c2ccc(c(c2)Cl)Oc3cc4cc(c3O[C@H]5[C@@H]([C@H]([C@@H]([C@@H](CO)O5)O)O)O[C@H]6C[C@@](C)([C@H]([C@H](C)O6)O)NCc7ccc(cc7)-c8ccc(cc8)Cl)Oc9ccc(cc9Cl)[C@H]([C@H]%10C(=O)N[C@@H](c%11cc(cc(c%11-c%12cc(ccc%12O)[C@H](C(=O)N%10)NC(=O)[C@@H]4NC(=O)[C@H](CC(=O)N)NC1=O)O)O)C(=O)O)O[C@H]%13C[C@@](C)([C@H]([C@H](C)O%13)O)N)O)NC,1793.1250000000007,4.49520000000001,560.98,20.0,28.0,19.0,7.0,8.0,15.0,0.4186046511627907,125.0,668.0,445.2494000000006,729.927788170056,1.016357124073679,5252.126588020797,-10.58999999999999,3.0,39.0,22.0
1L7BVT4Z4Z,CC(C)[C@@H]1CC[C@@H](C)C[C@H]1C(=O)Nc2ccc(cc2)OC,289.41900000000004,4.342100000000003,38.33,1.0,2.0,4.0,1.0,1.0,2.0,0.6111111111111112,21.0,116.0,86.45670000000005,127.62980685188573,2.0500872324406583,466.6115997671225,-1.51,1.0,3.0,1.0
H8O4040BHD,c1ccc(c(c1)C(=O)O)O.C(CO)N(CCO)CCO,287.312,-0.6443000000000003,121.46000000000001,5.0,6.0,7.0,1.0,0.0,1.0,0.46153846153846156,20.0,114.0,72.76350000000002,116.88435360502967,3.6099999251400017e-07,370.61439724614763,-1.6700000000000002,0.0,7.0,5.0
NOP2Y096GV,CC[C@H](C)C(C(=O)N[C@@H](CCC(=O)O)C(=O)N[C@@H](CC1=CC=C(C=C1)O)C(=O)N[C@@H](CC(C)C)C(=O)N[C@@H](CC(C)C)C(=O)N[C@@H](CCC(=O)O)C(=O)NCC(=O)NCC(=O)N2CCC[C@H]2C(=O)N[C@@H](CO)C(=O)N[C@@H](CO)C(=O)NCC(=O)N[C@@H](C)C(=O)N3CCC[C@H]3C(=O)N4CCC[C@H]4C(=O)N5CCC[C@H]5C(=O)N[C@@H](CO)C(=O)N)NC(=O)[C@H](CC6=CC=CC=C6)NC(=O)[C@H](C)NC(=O)C(C)(C)NC(=O)[C@H](CCC(=O)N)NC(=O)[C@H](C)NC(=O)[C@H](CCCCNC(=O)COCCOCCNC(=O)CC[C@@H](C(=O)O)NC(=O)CCCCCCCCCCCCCCCCCCC(=O)O)NC(=O)[C@H](CCCCN)NC(=O)[C@H](CC(=O)O)NC(=O)[C@H](CC(C)C)NC(=O)[C@@](C)(CC(C)C)NC(=O)C([C@@H](C)CC)NC(=O)[C@H](CO)NC(=O)[C@H](CC7=CC=C(C=C7)O)NC(=O)[C@H](CC(=O)O)NC(=O)[C@H](CO)NC(=O)[C@H]([C@@H](C)O)NC(=O)[C@H](CC8=CC=CC=C8)NC(=O)[C@H]([C@@H](C)O)NC(=O)CNC(=O)[C@H](CCC(=O)N)NC(=O)C(C)(C)NC(=O)[C@H](CC9=CC=C(C=C9)O)N,4731.420999999989,-11.39750000000026,1783.8099999999988,58.0,64.0,159.0,5.0,4.0,9.0,0.6380090497737556,335.0,1864.0,1198.593700000006,1939.4350236351024,0.8760020122458722,12618.016076829585,-31.439999999999916,4.0,114.0,63.0
T5IRO3534A,CC[C@@]1(C[C@@]2([H])C[C@](c3cc4c(cc3OC)N(C=O)[C@]5([H])[C@@]64CCN7CC=C[C@](CC)([C@@]67[H])[C@H]([C@@]5(C(=O)OC)O)OC(=O)C)(c8c(CCN(C2)C1)c9ccccc9[nH]8)C(=O)OC)O.OS(=O)(=O)O,923.051,2.864700000000004,245.76999999999995,5.0,14.0,8.0,3.0,6.0,9.0,0.5652173913043478,65.0,352.0,234.74569999999943,376.9388226106708,1.093332578575542e-06,2557.715730875231,-4.890000000000001,3.0,19.0,5.0
6M6D7F3VC7,CC(C)CN(C[C@H]([C@H](Cc1ccccc1)NC(=O)O[C@H]2CO[C@@H]3[C@H]2CCO3)O)S(=O)(=O)c4ccc(cc4)N,547.6740000000003,2.3752999999999997,140.42000000000002,3.0,8.0,11.0,2.0,2.0,4.0,0.5185185185185185,38.0,208.0,141.59569999999994,223.65772071845134,1.5050423995020028,1160.9535123927155,-2.6999999999999993,2.0,11.0,4.0
9AG41L3AOQ,C(CCC(=O)NCCCC[C@@H](C(=O)O)NC(=O)N[C@@H](CCC(=O)O)C(=O)O)CCNC(=O)CCc1ccc(c(c1)CN(CCN(Cc2cc(ccc2O)CCC(=O)O)CC(=O)O)CC(=O)O)O,947.0049999999999,1.5545000000000102,370.07,12.0,13.0,35.0,2.0,0.0,2.0,0.5227272727272727,67.0,370.0,236.04019999999952,385.6933299790533,1.7488763755851406,2014.2405059119583,-7.010000000000001,0.0,23.0,12.0
JED5K35YGL,CC#CCC(C)[C@@H](/C=C/[C@@H]1[C@@]2([H])C/C(=C/CCCC(=O)O)/C[C@@]2([H])C[C@H]1O)O,360.494,3.5413000000000032,77.76,3.0,3.0,8.0,0.0,2.0,2.0,0.6818181818181818,26.0,144.0,102.27540000000006,156.5556158072224,1.8944989145953346,594.9988427388565,-1.57,2.0,4.0,3.0
H852YK87WP,C(O)(P(=O)(O)[O-])P(=O)(O)[O-].[Na+].[Na+],235.964,-8.6383,140.95,3.0,5.0,2.0,0.0,0.0,0.0,1.0,12.0,62.0,25.657399999999996,112.46309986692921,-4.049999631000034e-07,181.45191553287324,2.26,0.0,11.0,3.0
0GEI24LG0J,C[C@H](CCC(=O)O)[C@@]1([H])CC[C@@]2([H])[C@@]3([H])[C@]([H])(CC[C@]12C)[C@@]4(C)CC[C@H](C[C@@]4([H])C[C@H]3O)O,392.58000000000015,4.477900000000006,77.76,3.0,3.0,4.0,0.0,4.0,4.0,0.9583333333333334,28.0,160.0,108.64740000000009,169.65381840146637,1.5548220176091474,605.412568486979,-0.6100000000000001,4.0,4.0,3.0
XD75TQ8A2P,CCOC(=O)C1=C(COCCN)NC(=C(C1c2ccccc2Cl)C(=O)OC)C,408.8820000000001,2.2663,99.88000000000001,2.0,7.0,8.0,1.0,1.0,2.0,0.4,28.0,152.0,105.57710000000004,169.01225449926238,2.6736251384965306,803.5407141752963,-2.3499999999999996,0.0,8.0,3.0
E40WZ3BK2D,Cc1cc(cc(C)c1C[C@@H](C(=O)N[C@@H](CCCCN)C(=O)N[C@@H](Cc2ccccc2)C(=O)N)NC(=O)[C@@H](CCCNC(=N)N)N)O.Cl.Cl.Cl,749.185,0.718910000000003,264.56,10.0,8.0,19.0,2.0,0.0,2.0,0.46875,49.0,276.0,198.1928999999998,305.93130404526033,0.0,1331.7953767576498,-3.8200000000000003,0.0,17.0,14.0
7M7YKX2N15,CC[C@@]1(c2cc3-c4c(cc5c(CN(C)C)c(ccc5n4)O)Cn3c(=O)c2COC1=O)O,421.4530000000002,1.8467999999999996,104.89,2.0,7.0,3.0,3.0,2.0,5.0,0.34782608695652173,31.0,160.0,113.58060000000006,177.8771366324854,1.7487721103238787,1327.262093253442,-3.23,0.0,8.0,2.0
U4RY8MRX7C,CCCCCCCC/C=C\CCCCCCCC(=O)O.C(CO)N,343.552,5.045900000000005,83.55,3.0,3.0,16.0,0.0,0.0,0.0,0.85,24.0,144.0,103.22800000000007,149.07925962415862,0.0,265.60957573422434,-0.8700000000000001,0.0,4.0,4.0
N7T15V1FUY,C[C@@H]1C(=O)N[C@@H](Cc2cnc[nH]2)C(=O)N[C@H](Cc3ccccc3)C(=O)N[C@@H](CCCNC(=N)N)C(=O)N[C@@H](Cc4c[nH]c5ccccc45)C(=O)N[C@@H](CSSC[C@@H](C(=O)N1)NC(=O)[C@H](CCCNC(=N)N)NC(=O)C)C(=O)N,1117.3339999999996,-2.756060000000007,444.15999999999985,17.0,14.0,18.0,4.0,1.0,5.0,0.42857142857142855,78.0,420.0,293.646,456.5264183566198,1.5420765653393393,2746.934781512077,-8.340000000000002,1.0,29.0,20.0
53EY29W7EC,CCCCCCCCCCCCCCCCOP(=O)([O-])OCC[N+](C)(C)C,407.57600000000014,5.675500000000006,58.59,0.0,4.0,20.0,0.0,0.0,0.0,1.0,27.0,164.0,112.7219000000001,168.5788333582453,3.311005116749057,371.68333286188033,0.06999999999999998,0.0,6.0,0.0
V8G4MOF2V9,c1ccc(c(c1)-c2nc(-c3ccccc3O)n(-c4ccc(cc4)C(=O)O)n2)O,373.3680000000001,3.710700000000003,108.47000000000001,3.0,5.0,4.0,4.0,0.0,4.0,0.0,28.0,138.0,102.51990000000005,159.33873264662483,1.9207884215026836,1166.5015843476542,-4.13,0.0,7.0,3.0
981TME683S,COCCOC(=O)NCCCCC(CCN1CCC[C@H]1C(=O)O)NC(=O)OCCOC,447.5290000000002,1.2096000000000022,135.66000000000003,3.0,8.0,16.0,0.0,1.0,1.0,0.85,31.0,180.0,112.07320000000007,183.25985905561018,2.382501504117791,534.5543361793275,-2.11,1.0,11.0,3.0
VHH774W97N,c1cc(ccc1-c2ccc(C([C@](Cn3cnnn3)(c4ccc(cc4F)F)O)(F)F)nc2)OCC(F)(F)F,527.4000000000001,4.6342000000000025,85.95,1.0,6.0,8.0,4.0,0.0,4.0,0.21739130434782608,37.0,194.0,113.18880000000006,203.69700764846849,1.6433541862266827,1347.6701232086689,-4.0699999999999985,0.0,14.0,1.0
T42P99266K,CN(C)c1ccc2c(c1)[s+]c3cc(ccc3n2)N(C)C.[Cl-].O.O.O,373.9060000000001,-1.6075,113.87,0.0,3.0,2.0,3.0,0.0,3.0,0.25,24.0,134.0,101.02840000000005,151.2400203300433,0.0,736.9685930347946,-1.7699999999999996,0.0,8.0,6.0
H821664NPK,c1ccc(cc1)-n2cc(cc(-c3ccccc3C#N)c2=O)-c4ccccn4,349.39300000000003,4.4381800000000045,58.68,0.0,3.0,3.0,4.0,0.0,4.0,0.0,27.0,128.0,105.42100000000002,156.17099708208647,2.0435252738321026,1189.7238663430683,-3.969999999999999,0.0,4.0,0.0
1UA8E65KDZ,C/C(=C/C=C/C(=C/C(=O)O)/C)/C=C/C1=C(C)CCCC1(C)C,300.44200000000006,5.602600000000005,37.3,1.0,1.0,5.0,0.0,1.0,1.0,0.45,22.0,120.0,93.76180000000005,134.17506073915436,2.7915849583616437,566.514664398947,-1.8299999999999996,0.0,2.0,1.0
Z5N076G8YQ,CC[C@H]1/C=C(\C)/[C@H](C/C=C/C=C(\CO[C@H]2[C@H]([C@H]([C@@H]([C@@H](C)O2)OC(=O)c3c(CC)c(c(c(c3O)Cl)O)Cl)O)OC)/C(=O)O[C@@H](C/C=C(\C)/C=C(\C)/[C@@H]1O[C@@]4([H])[C@H]([C@H]([C@@H](C(C)(C)O4)OC(=O)C(C)C)O)O)[C@@H](C)O)O,1058.0520000000004,6.2344000000000115,266.65999999999997,7.0,18.0,13.0,1.0,3.0,4.0,0.6346153846153846,72.0,404.0,265.0970999999992,431.31232861555367,1.6062679272830522,2216.0248346550966,-3.89,2.0,20.0,7.0
MZI81HV01P,c1cc(ccc1-c2c(ncnc2OCCOc3ncc(cn3)Br)NS(=O)(=O)N)Br,546.201,2.5317999999999996,142.21,2.0,8.0,8.0,3.0,0.0,3.0,0.125,29.0,152.0,112.61990000000003,182.9021596381651,1.800136588722319,1081.56905378331,-2.3500000000000005,0.0,13.0,3.0
528XYJ8L1N,C[C@@H]1OC[C@@H]2[C@H]([C@@H]([C@H]([C@@H](O2)O[C@@H]3c4cc5c(cc4[C@@H](c6cc(c(c(c6)OC)O)OC)[C@@H]7[C@@H]3COC7=O)OCO5)O)O)O1,588.5620000000005,1.3385999999999998,160.82999999999998,3.0,13.0,5.0,2.0,5.0,7.0,0.5517241379310345,42.0,226.0,138.34539999999998,240.22948792485096,1.318237005438901,1352.5325604550394,-3.3300000000000005,3.0,13.0,3.0
AFE2YW0IIZ,CCC(=O)N(c1ccccc1)C2(CCN(CCc3cccs3)CC2)COC,386.5610000000001,4.214800000000004,32.78,0.0,4.0,8.0,2.0,1.0,3.0,0.5,27.0,146.0,112.52300000000007,166.29706948516,1.735187904680074,694.3675613200569,-1.6899999999999997,1.0,5.0,0.0
FV9J3JU8B1,C[C@@H]1[C@]2([H])[C@@]([H])([C@@H](C)O)C(=O)N2C(=C1S[C@H]3C[C@@H](C(=O)N(C)C)NC3)C(=O)O.O.O.O,437.51500000000027,-2.7820999999999967,204.68,3.0,6.0,5.0,0.0,3.0,3.0,0.7058823529411765,29.0,168.0,106.95270000000005,172.5791620045498,2.613332339178171e-06,683.5891546700611,-1.7000000000000002,2.0,12.0,9.0
S82A18Y42P,CC(C)[C@](CCCN(C)CCc1cccc(c1)C(=O)OC)(C#N)c2ccc(c(c2)OC)OC,452.59500000000025,4.862480000000005,71.79,0.0,6.0,12.0,2.0,0.0,2.0,0.48148148148148145,33.0,178.0,129.89150000000004,197.61720018174665,2.0188899845713646,966.8339821490692,-3.04,0.0,6.0,0.0
1EJ6Z6Q368,CC(C)(CCCCCC(CCCCCC(C)(C)C(=O)O)O)C(=O)O,344.492,4.4699000000000035,94.83,3.0,3.0,14.0,0.0,0.0,0.0,0.8947368421052632,24.0,142.0,95.01040000000008,146.01395454364408,3.6257754031564553,351.2183858439851,-1.1,0.0,5.0,3.0
207SMY3FQT,CCCS(=O)(=O)Nc1ccc(c(c1F)C(=O)c2c[nH]c3c2cc(cn3)-c4ccc(cc4)Cl)F,489.9310000000001,5.544200000000003,91.92,2.0,4.0,7.0,4.0,0.0,4.0,0.13043478260869565,33.0,170.0,124.03069999999998,193.22233013170847,1.7779404633614702,1468.5907519896366,-3.299999999999999,0.0,10.0,2.0
K418KG2GET,CC(C)Oc1cc(c(C)cc1Nc2ncc(c(Nc3ccccc3S(=O)(=O)C(C)C)n2)Cl)C4CCNCC4,558.148,6.361920000000005,105.24,3.0,8.0,9.0,3.0,1.0,4.0,0.42857142857142855,38.0,204.0,154.15889999999976,230.0501581017474,1.6602249164640772,1389.2316268517166,-2.88,1.0,10.0,3.0
212WAX8KDD,Cc1cc(/C=C/C#N)cc(C)c1Nc2ccnc(Nc3ccc(cc3)C#N)n2,366.4280000000001,4.989100000000003,97.42,2.0,6.0,5.0,3.0,0.0,3.0,0.09090909090909091,28.0,136.0,110.3174,163.36982087786697,1.799889479588001,1078.1013900921569,-4.159999999999999,0.0,6.0,2.0
84319SGC3C,C(CN)[C@@H](C(=O)N[C@@H]1C[C@@H]([C@H]([C@@H]([C@H]1O[C@]2([H])[C@@H]([C@H]([C@@H]([C@@H](CO)O2)O)N)O)O)O[C@]3([H])[C@@H]([C@H]([C@@H]([C@@H](CN)O3)O)O)O)N)O,585.6080000000004,-8.424200000000015,331.94,13.0,17.0,10.0,0.0,3.0,3.0,0.9545454545454546,40.0,234.0,131.42570000000006,229.26453997686883,1.8479037285363422,815.0542713752033,-1.1700000000000006,3.0,18.0,17.0
7G33012534,C(CC(=O)[O-])CO.[Na+],126.08699999999999,-4.487199999999998,60.36,1.0,3.0,3.0,0.0,0.0,0.0,0.75,8.0,42.0,21.326799999999995,69.99746659816711,0.0,64.30376252379817,0.42999999999999994,0.0,4.0,1.0
01K63SUP8D,CNCCC(c1ccccc1)Oc2ccc(cc2)C(F)(F)F,309.33099999999996,4.435000000000003,21.259999999999998,1.0,2.0,6.0,2.0,0.0,2.0,0.29411764705882354,22.0,118.0,79.79870000000004,127.47322151943766,2.1304560500911554,566.7079635485192,-2.0099999999999993,0.0,5.0,1.0
N99027V28J,Cc1c(COC(=O)N2CC[C@H](C2)N3CC/C(=C\C4=C(C(=O)[O-])N5C(=O)[C@H]([C@@]5([H])SC4)NC(=O)/C(=N\O)/c6nc(N)sn6)/C3=O)oc(=O)o1.[Na+],712.6550000000001,-4.869079999999998,267.13,3.0,17.0,8.0,2.0,4.0,6.0,0.4230769230769231,48.0,248.0,156.2575999999998,299.79591621754776,4.506649990836925e-06,1834.315628608351,-4.180000000000001,3.0,22.0,4.0
EB87433V6F,CCC(=O)[N-]S(=O)(=O)c1ccc(cc1)-c2c(C)onc2-c3ccccc3.[Na+],392.4120000000001,1.3200199999999997,91.34,0.0,5.0,5.0,3.0,0.0,3.0,0.15789473684210525,27.0,134.0,97.9548,179.85625333878292,2.6133306388029068e-06,1029.3314279991898,-1.9299999999999988,0.0,8.0,0.0
V35KBM8JGR,C(CC(=O)O)C(=O)CN.Cl,167.59199999999998,-0.19919999999999988,80.39,2.0,3.0,4.0,0.0,0.0,0.0,0.6,10.0,60.0,38.1792,64.80928138726165,0.0,126.06147084052891,-0.6100000000000001,0.0,5.0,3.0
005990WHZZ,C[C@H](CCC(=O)O)[C@@]1([H])CC[C@@]2([H])[C@]3([H])CC[C@]4([H])C[C@@H](CC[C@]4(C)[C@@]3([H])C[C@@H]([C@]12C)O)O,392.5800000000001,4.477900000000006,77.76,3.0,3.0,4.0,0.0,4.0,4.0,0.9583333333333334,28.0,160.0,108.64740000000009,169.6538184014664,1.5625279212635272,605.412568486979,-0.6100000000000001,4.0,4.0,3.0
395575MZO7,C1[C@@H]([C@@H](CO)O[C@H]1n2cnc3[C@@H](CNC=Nc32)O)O,268.27299999999997,-1.1798000000000002,112.13000000000001,4.0,7.0,2.0,1.0,2.0,3.0,0.6363636363636364,19.0,104.0,64.96110000000003,108.9194887717306,1.9045212641325784,489.039777430031,-1.4800000000000004,1.0,8.0,4.0
1WS297W6MV,CNC[C@@H](c1cccc(c1)O)O,167.208,0.6449999999999998,52.489999999999995,3.0,3.0,3.0,1.0,0.0,1.0,0.3333333333333333,12.0,66.0,46.99330000000003,71.66455915068686,2.732558067587228,250.0387806177137,-1.06,0.0,3.0,3.0
60200PNZ7Q,CCC#CC(C)C1(CC=C)C(=O)[N-]C(=O)N(C)C1=O.[Na+],284.29099999999994,-0.905299999999998,68.55000000000001,0.0,3.0,3.0,0.0,1.0,1.0,0.5,20.0,102.0,71.01000000000003,140.9949514977859,3.609997946417882e-06,492.3828216499576,-1.0899999999999999,1.0,6.0,0.0
T3U32GLJ0F,CCOc1ccccc1C(=O)NCc2coc(-c3ccc(c(c3)OC(C)C)OC(F)F)n2,446.4500000000001,5.058900000000005,82.82000000000001,1.0,6.0,10.0,3.0,0.0,3.0,0.30434782608695654,32.0,170.0,113.11620000000005,183.8621964698462,1.7212308628786657,1052.3709412811263,-3.6199999999999997,0.0,9.0,1.0
9CXQ3PF69U,c1cc(ccc1[C@]2([H])c3c4ccc(cc4ncc3-c5ccc(cc5O2)C(F)(F)F)O)OCCN6CC(CF)C6,524.5140000000002,6.388100000000008,54.82,1.0,5.0,6.0,4.0,2.0,6.0,0.27586206896551724,38.0,196.0,134.15879999999996,215.79807814553925,1.3244340453599774,1484.1764833961038,-3.8499999999999988,1.0,9.0,1.0
HOY74VZE0M,CCOc1ccc(cc1)C[C@@H](CN(CCN(CC(=O)[O-])CC(=O)[O-])CC(=O)[O-])N(CC(=O)[O-])CC(=O)[O-].[Gd+3].[Na+].[Na+],725.7170000000004,-13.340100000000007,219.6,0.0,14.0,20.0,1.0,0.0,1.0,0.5217391304347826,40.0,211.0,114.59100000000007,307.8195244623147,-4.563329960477584e-06,909.1448856412055,-0.425324675324676,0.0,17.0,0.0
G013B5478J,CCCCCOc1ccc(cc1)-c2ccc(cc2)-c3ccc(cc3)C(=O)N[C@H]4C[C@H]([C@H](NC(=O)[C@]5([H])[C@H]([C@@H](C)CN5C(=O)[C@]([H])([C@@H](C)O)NC(=O)[C@]([H])([C@@H]([C@H](c6ccc(cc6)O)O)O)NC(=O)[C@]7([H])C[C@H](CN7C(=O)[C@]([H])([C@@H](C)O)NC4=O)O)O)OCC[N+](C)(C)C)O,1226.412,-0.19659999999998806,366.42,13.0,17.0,18.0,4.0,3.0,7.0,0.5079365079365079,88.0,478.0,320.0178000000002,510.76833333070294,1.230920940376699,3035.5113737295055,-7.590000000000001,3.0,25.0,13.0
8EOO6HQF8Y,C=C(C(=O)N1CCN(C[C@@H]1CC#N)c2c3CCN(Cc3nc(n2)OC[C@@H]4CCCN4C)c5cccc6cccc(c65)Cl)F,604.1300000000003,4.732980000000004,88.83000000000001,0.0,8.0,7.0,3.0,3.0,6.0,0.4375,43.0,224.0,165.08299999999952,255.64710270719695,1.337127152051613,1588.664910335202,-3.939999999999999,2.0,11.0,0.0
NZW2BOW35N,Cc1cc(ccc1-c2cc(ncc2N(C)C(=O)C(C)(C)c3cc(cc(c3)C(F)(F)F)C(F)(F)F)N4C[C@@]5([H])COCCN5C[C@H]4CO)F,668.6539999999999,6.056020000000007,69.14,1.0,6.0,6.0,3.0,2.0,5.0,0.45454545454545453,47.0,254.0,161.64979999999963,267.10020094869924,1.5867283305215478,1611.129587813742,-3.7499999999999987,2.0,14.0,1.0
U863JGG2IA,CCC[C@@H]1CC(=O)N(C1)[C@@H](CC)C(=O)N,212.29299999999998,0.8989,63.400000000000006,1.0,2.0,5.0,0.0,1.0,1.0,0.8181818181818182,15.0,86.0,58.00140000000003,90.80560958557001,2.625637243021199,252.97247647245436,-1.06,1.0,4.0,2.0
5TXQ76K65T,c1cc(ccc1C(=O)N[C@@H](CCC(=O)O)C(=O)O)NC[C@H]2CNc3c(c(=O)[nH]c(N)n3)N2C=O,473.4460000000002,-0.7310999999999979,219.84000000000003,7.0,9.0,10.0,2.0,1.0,3.0,0.3,34.0,180.0,120.78230000000005,191.71677220054195,1.6167861257976968,1148.9497925506862,-4.620000000000001,0.0,14.0,8.0
MUW8FP7HNZ,Cc1cccc2c(C[C@H]3C(=O)N[C@@H](CCCCNC(=O)C)C(=O)N[C@H](C(=O)N[C@@H](Cc4ccc(cc4)OCCN)C(=O)N[C@@H](Cc5ccc6ccccc6c5)C(=O)NC7(CCOCC7)C(=O)N[C@@H](CCC(=O)O)C(=O)N[C@@H](CC(=O)N)C(=O)N[C@@H](Cc8cccnc8)C(=O)N(C)CC(=O)N)C(C)(C)SSC(C)(C)[C@@H](C(=O)N[C@@H](CC(=O)N)C(=O)N[C@@]([H])([C@@H](C)O)C(=O)N3)NC(=O)C)c[nH]c12,1898.2019999999998,-2.1505799999999997,658.5699999999999,20.0,25.0,40.0,6.0,2.0,8.0,0.4777777777777778,134.0,724.0,493.746000000001,780.2813726206872,1.2221939117837732,5267.813305659276,-13.329999999999998,2.0,44.0,24.0
YO603Y8113,CC(C)CN(C[C@H]([C@H](Cc1ccccc1)NC(=O)O[C@H]2CO[C@]3([H])[C@@]2([H])CCO3)O)S(=O)(=O)c4ccc(cc4)N,547.6740000000003,2.3752999999999997,140.42000000000002,3.0,8.0,11.0,2.0,2.0,4.0,0.5185185185185185,38.0,208.0,141.59569999999994,223.65772071845134,1.5050423995020028,1160.9535123927155,-2.6999999999999993,2.0,11.0,4.0
2A7VPM5RWH,COc1c(cccc1Nc2c3c(CCNC3=O)[nH]c2-c4ccncc4OC[C@@H]5COCCO5)Cl,484.9400000000003,3.562400000000002,106.73000000000002,3.0,7.0,7.0,3.0,2.0,5.0,0.3333333333333333,34.0,178.0,127.40159999999999,201.26591026826594,1.5518822293254952,1192.1015742536858,-3.27,1.0,10.0,3.0
834YJF89WO,CC(C)NC(=O)COc1cccc(c1)-c2nc3ccccc3c(Nc4ccc5c(c4)cn[nH]5)n2,452.51800000000014,4.820100000000003,104.82000000000001,3.0,6.0,7.0,5.0,0.0,5.0,0.15384615384615385,34.0,170.0,133.12410000000003,195.9449807961037,1.4634048079970994,1476.975264153177,-4.459999999999999,0.0,8.0,3.0
OSP71S83EU,C[C@@H]1c2cc(ccc2C(=O)N(C)Cc3c(-c4cc(c(N)nc4)O1)c(C#N)n(C)n3)F,406.42100000000005,2.8006800000000007,110.06000000000002,1.0,6.0,0.0,3.0,1.0,4.0,0.23809523809523808,30.0,152.0,106.80690000000004,171.85414339794113,1.980103839000285,1212.9361506921473,-3.93,0.0,9.0,2.0
2CN60TN6ZS,Cc1cc2C[C@H]3[C@@H](N4[C@H]5COC(=O)[C@@]6(CS[C@H](c7c5c8c(c(C)c7OC(=O)C)OCO8)[C@@]4([H])[C@@H](c2c(c1OC)O)N3C)c9c(CCN6)c%10cc(ccc%10[nH]9)OC)O,784.888,4.188940000000003,164.27999999999997,4.0,14.0,3.0,4.0,7.0,11.0,0.4634146341463415,56.0,294.0,204.77099999999956,326.85063659642884,1.230678171288744,2364.526485577282,-4.67,2.0,15.0,4.0
SQE6VB453K,C([C@H]([C@H]([C@@H]([C@H](C(=O)[O-])O)O)O)O)O.C([C@H]([C@H]([C@@H]([C@H](C(=O)[O-])O)O)O)O)O.[Ca+2],430.37200000000007,-10.036400000000004,282.56,10.0,14.0,10.0,0.0,0.0,0.0,0.8333333333333334,27.0,156.0,77.994,181.72906266138529,-4.114285611122452e-07,384.90193466266584,-0.20025974025974058,0.0,15.0,10.0
I7MVZ8HDNU,C=CC(=O)N(C)CCOc1c(-c2cc(cc(c2C)NC(=O)c3ccc(cc3F)C4CC4)F)ncnc1N,507.5410000000003,4.465320000000002,110.44,2.0,6.0,9.0,3.0,1.0,4.0,0.25925925925925924,37.0,192.0,136.2326,212.72106335243822,1.6017696781692912,1374.3878445965536,-4.339999999999999,1.0,10.0,3.0
I42748ELQW,CC#CC(=O)N1CCC[C@H]1c2nc(-c3ccc(cc3)C(=O)Nc4ccccn4)c5c(N)nccn52,465.51700000000017,3.3126000000000007,118.50999999999999,2.0,6.0,4.0,4.0,1.0,5.0,0.19230769230769232,35.0,174.0,132.1636,201.57319988848803,1.506582317952874,1466.860285600489,-4.709999999999999,1.0,9.0,3.0
N0A21N6RAU,C([2H])([2H])([2H])NC(=O)c1c(cc(NC(=O)C2CC2)nn1)Nc3cccc(c3OC)-c4ncn(C)n4,425.4673053340002,1.7324,135.95,3.0,8.0,7.0,3.0,1.0,4.0,0.3,31.0,160.0,113.04960000000001,181.9950157423958,1.7219412419854436,1240.041930493715,-4.02,1.0,11.0,3.0
LOG73M21H5,C[C@H]1[C@@H](c2ccc(c(c2OC)F)F)[C@H](C(=O)Nc3ccnc(c3)C(=O)N)O[C@@]1(C)C(F)(F)F,473.39800000000014,3.5455000000000014,103.53999999999999,2.0,5.0,5.0,2.0,1.0,3.0,0.38095238095238093,33.0,178.0,105.53260000000003,184.61929985129757,2.074884898439271,1094.0551858198678,-3.2799999999999994,1.0,12.0,3.0
236Y2F7D9J,c1cc(ccc1CCc2c[nH]c3c2c(=O)[nH]c(N)n3)C(=O)N[C@@H](CCC(=O)O)C(=O)O.O,445.43200000000024,-0.15829999999999922,222.75999999999996,6.0,6.0,9.0,3.0,0.0,3.0,0.25,32.0,170.0,114.35040000000005,180.34321736897857,3.629993747794494e-06,1183.2619416038042,-4.19,0.0,12.0,9.0
743LRP9S7N,C=CC1=C(C)c2cc3c(C)c(CCC(=O)O)c(cc4C(=C(C)c(cc5c(C=C)c(C)c(cc1n2)[n-]5)n4)CCC(=O)O)[n-]3.[Cl-].[Fe+3],651.9520000000003,3.763740000000003,128.58,2.0,4.0,8.0,3.0,2.0,5.0,0.23529411764705882,44.0,227.0,166.5045999999996,272.1953583189399,2.6449975146607655e-06,1930.5180234576053,-4.170519480519479,0.0,10.0,2.0
