api_unii,MolWt,MolLogP,TPSA,NumHDonors,NumHAcceptors,NumRotatableBonds,NumAromaticRings,NumAliphaticRings,RingCount,FractionCSP3,HeavyAtomCount,NumValenceElectrons,MolMR,LabuteASA,BalabanJ,BertzCT,HallKierAlpha,NumSaturatedRings,NumHeteroatoms,NHOHCount
U3H27498KS,256.09599999999995,2.0098,90.71,2,5,1,2,0,2,0.0,16,82,64.1078,101.40220868459403,2.632549823314152,543.4177085952953,-1.59,0,7,4
6KY687524K,490.62600000000026,3.0740000000000016,124.68,3,5,7,1,2,3,0.5416666666666666,34,186,128.52190000000004,200.95385825296714,1.4606470073677094,1057.3391753589833,-2.88,1,10,3
0G389FZZ9M,161.201,-1.8064999999999976,60.36,1,3,4,0,0,0,0.8571428571428571,11,66,38.530199999999994,66.64869847544368,3.6942591252386228,139.1113374466282,-0.6100000000000001,0,4,1
423D2T571U,296.40999999999997,3.612600000000003,40.46,2,2,0,1,3,4,0.6,22,116,86.50660000000003,132.1107921567131,1.7217049645427582,658.1613573389167,-1.4600000000000002,2,2,2
U202363UOS,360.837,4.680000000000004,52.6,0,4,6,2,0,2,0.3,25,132,97.26150000000004,152.26143512671686,2.099929247281439,746.2705504674376,-2.329999999999999,0,5,0
3ST302B24A,461.01000000000005,0.8998999999999997,90.82000000000001,1,5,8,4,0,4,0.2727272727272727,31,154,114.89280000000001,228.22464805613313,2.7224962102304753e-06,1111.7488853570685,-1.3936363636363636,0,9,1
26LUD4JO9K,313.872,4.590400000000005,3.24,0,1,3,2,1,3,0.3,22,116,97.79000000000005,139.62552697777318,1.763332159631371e-06,608.7617496026902,-1.5699999999999994,0,2,0
4G7DS2Q64Y,314.46900000000005,4.723500000000005,34.14,0,2,1,0,4,4,0.8095238095238095,23,126,90.88100000000006,139.6482098695481,1.6696033124820626,588.6489897976311,-0.9200000000000002,3,2,0
1Y58DO4MY1,302.849,3.954600000000004,15.27,1,2,4,2,1,3,0.3333333333333333,21,112,93.08970000000005,133.13510796477226,1.6133323159562277e-06,535.4359389064937,-1.5099999999999993,0,3,1
6CW7F3G59X,171.23999999999998,1.3703,63.31999999999999,2,2,3,0,1,1,0.8888888888888888,12,70,46.82520000000001,72.94860333872566,2.5326302810221746,161.9114705065293,-0.5700000000000001,1,3,3
JFU09I87TR,349.31600000000003,2.1769000000000003,76.72,1,5,5,3,0,3,0.25,25,130,80.68180000000002,140.56237734998655,2.1271464030010665,873.966564339529,-2.8099999999999996,0,9,1
207LT9J9OC,421.9730000000001,2.5100000000000002,69.64000000000001,0,6,6,1,3,4,0.7142857142857143,29,160,114.02200000000006,178.81286002879168,2.4024958894072396e-06,667.5716854113509,-1.73,3,8,0
VZI5B1W380,252.273,2.642199999999999,63.400000000000006,1,2,0,2,1,3,0.06666666666666667,19,94,72.64090000000003,110.00026108252523,2.3164023693608686,679.3507213541043,-2.62,0,4,2
0P6C6ZOP5U,403.212,5.030900000000003,60.45,1,4,7,2,1,3,0.29411764705882354,26,138,93.50320000000002,157.76804484163932,1.8109905158998685,796.3401511649429,-2.1199999999999997,1,9,1
4A2Y23XK11,554.6550000000002,4.104200000000003,109.67000000000002,2,9,10,4,1,5,0.26666666666666666,41,212,160.11639999999963,238.97614849587245,1.4850911676615497,1513.667621116887,-4.739999999999999,1,11,2
KG60484QX9,345.42400000000015,2.8997400000000013,83.09,1,5,5,3,0,3,0.29411764705882354,24,126,93.02110000000005,142.96481028678312,1.8844828594834786,878.8884252759138,-2.25,0,7,1
7LXU5N7ZO5,330.749,1.8907,122.63,3,5,5,2,0,2,0.08333333333333333,21,112,75.81920000000001,124.92226167058831,2.4066257491277265,771.1955159056121,-2.03,0,9,4
LX1OH63030,191.13899999999998,-1.2782,91.06,1,6,2,0,2,2,1.0,13,74,37.354200000000006,73.29418295544856,1.9795730634118363,221.17001630580296,-0.9200000000000002,2,7,1
Z6375YW9SF,377.8680000000001,1.947200000000001,70.0,2,5,2,1,5,6,0.65,26,140,97.04560000000004,158.2878987100988,1.4999987282927976e-06,809.2460744994622,-1.2999999999999998,3,6,2
JJ768O327N,368.499,2.4998000000000005,126.64,4,4,4,2,0,2,0.3333333333333333,25,140,101.76820000000008,150.00146735131923,3.679999956556668e-07,606.4901251321179,-1.7699999999999996,0,7,6
660YQ98I10,74.551,-5.992,0.0,0,0,0,0,0,0,0.0,2,8,0.0,62.44413570781571,0.0,2.0,1.9263636363636363,0,2,0
JY0WD0UA60,215.768,3.1159000000000012,26.02,1,1,0,0,4,4,1.0,14,82,61.572400000000044,93.2291047751667,7.499997907500589e-07,212.2533564975087,0.24999999999999997,4,2,2
V92SO9WP2I,398.3410000000002,-0.5396999999999983,46.53,1,3,4,1,2,3,0.631578947368421,24,134,88.63620000000006,154.71579665058727,2.0833314752100527e-06,556.9901447057542,-0.9100000000000001,2,5,1
IR84JPZ1RK,455.51100000000014,1.6364999999999998,142.96,5,5,6,2,2,4,0.375,33,176,123.60680000000008,190.9532280952252,3.307499635588011e-07,1082.8097210184906,-3.43,0,9,5
OL961R6O2C,384.25900000000007,3.9643000000000033,64.63,1,5,4,1,1,2,0.3333333333333333,25,134,96.38770000000004,156.13220057083123,2.7389310603483206,783.28078615776,-1.979999999999999,0,7,1
VB0R961HZT,358.4340000000001,1.7658,91.67,2,5,2,0,4,4,0.6666666666666666,26,140,94.04860000000005,152.70859644179959,1.7605370426078073,764.3631263188779,-1.59,3,5,2
11SV1951MR,444.98100000000005,2.7627,99.88,2,6,11,2,0,2,0.4,29,162,115.88990000000004,178.55229195483983,4.204993537843532e-06,876.9253207356763,-1.9999999999999996,0,9,3
17ERJ0MKGI,411.49800000000016,3.8350000000000017,92.7,2,4,11,2,0,2,0.375,30,160,114.79650000000008,176.81001016376254,2.073600101387581,832.4346097371429,-3.15,0,6,2
X6Q56QN5QC,76.05499999999999,-0.9561000000000002,75.35000000000001,3,2,0,0,0,0,0.0,5,30,14.5056,28.538798260168065,2.8473789230876716,42.91260938324327,-0.77,0,4,4
3M8608UQ61,446.5160000000002,-1.890299999999995,127.12000000000002,3,7,10,0,2,2,0.7391304347826086,31,170,108.81440000000008,206.40403323421833,4.804992319375345e-06,662.3104274487301,-0.7000000000000002,0,8,3
V9EFU16ZIF,302.458,4.269300000000005,37.3,1,2,0,0,4,4,0.85,22,122,87.33380000000005,133.9159794073037,1.6968001719233181,545.9104984355639,-0.6300000000000001,3,2,1
W76I6XXF06,266.55899999999997,2.7863,36.42,2,3,1,1,1,2,0.2222222222222222,15,82,67.6374,104.27507086854654,1.124999608500141e-06,358.6153606097086,-0.6399999999999999,0,6,2
73K4184T59,780.9490000000002,2.2181000000000015,203.05999999999997,6,14,7,0,8,8,0.926829268292683,55,312,192.61079999999947,323.32242456304374,0.8374981988041249,1409.0037418555949,-1.27,7,14,6
BDF1O1C72E,926.107000000001,0.9357000000000051,319.60999999999996,12,17,3,0,3,3,0.7021276595744681,65,370,237.08519999999936,381.2251637256643,1.8373051498792174,1619.952954386341,-3.18,2,18,13
229809935B,345.91400000000004,4.713800000000005,20.310000000000002,0,2,7,2,0,2,0.38095238095238093,24,130,103.97600000000006,151.84742537792707,2.8799978391016836e-06,585.3017087010423,-1.6399999999999992,0,3,0
U8HTX2GK8J,477.99600000000015,4.451380000000004,102.28999999999999,2,5,7,4,1,5,0.3076923076923077,34,176,136.58459999999997,204.06565913604078,2.7379942226474782e-06,1344.4869684769883,-3.4699999999999993,1,8,3
0VE05JYS2P,311.85600000000005,4.9756000000000045,3.24,0,1,3,2,1,3,0.2,22,114,99.31000000000004,138.9359239455889,1.76333217841468e-06,646.8583615681584,-1.8299999999999992,0,2,0
R61ZEH7I1I,320.88899999999995,4.6612000000000045,6.48,0,3,3,2,1,3,0.29411764705882354,21,112,94.41000000000005,137.10324736233622,1.6133323421117405e-06,569.7440326769416,-1.1599999999999997,0,4,0
W5S57Y3A5L,684.8240000000006,1.1038000000000041,216.49999999999997,8,12,21,2,0,2,0.5882352941176471,48,274,180.6101999999996,283.1712381478521,7.271778402977419e-07,1012.8070016932661,-3.3400000000000003,0,14,8
F8A3652H1V,295.81,2.9993000000000016,41.489999999999995,2,3,6,2,0,2,0.375,20,110,85.83650000000004,125.9134547554722,1.9999986018343523e-06,525.3707285845835,-1.2899999999999996,0,4,2
668Z8C33LU,452.5950000000003,5.219900000000005,78.86999999999999,2,4,10,2,1,3,0.48148148148148145,33,178,131.11900000000003,196.49731692358273,1.7959057393774776,950.8875823949171,-3.0199999999999996,1,6,2
927AH8112L,238.15899999999996,0.07350000000000018,118.04999999999998,1,6,3,1,1,2,0.125,17,88,53.201100000000004,93.83084397012486,2.070287586498745,519.7401440929855,-2.71,1,9,1
55JG375S6M,159.22899999999998,1.0821,63.31999999999999,2,2,5,0,0,0,0.875,11,66,44.2522,67.58949237785828,3.6645690593675506,123.26046567326583,-0.5700000000000001,0,3,3
76755771U3,447.83400000000023,3.8995000000000046,35.94,1,4,8,2,1,3,0.42857142857142855,28,156,120.15080000000005,184.8040442556914,1.9599987858507963e-06,650.4600878296759,-0.8499999999999996,1,7,1
44YRR34555,170.212,-0.12729999999999997,63.400000000000006,1,2,3,0,1,1,0.75,12,68,44.22040000000001,71.7107832423802,2.6471642061485827,203.23454122869492,-1.06,1,4,2
WK2XYI10QM,206.28499999999997,3.073200000000001,37.3,1,1,4,1,0,1,0.46153846153846156,15,82,61.03480000000004,90.94175377251301,2.7590371332701524,324.8941190021566,-1.31,0,2,1
ZOU145W1XL,510.45300000000003,5.151700000000006,29.950000000000003,1,5,6,2,2,4,0.45454545454545453,32,178,128.09380000000004,203.12589366451755,1.814998599242802e-06,879.7398117376299,-1.1599999999999995,1,10,1
6M97XTV3HD,558.5950000000001,4.170020000000004,162.16,2,10,10,5,0,5,0.3103448275862069,41,212,146.7189999999998,234.5514153152196,1.4794908396238184,1707.8291340394808,-4.839999999999999,0,12,2
VG2QF83CGL,351.4090000000001,1.95092,99.6,2,6,2,2,1,3,0.14285714285714285,23,120,86.42030000000004,136.50401256165483,2.086827219746808,931.0039542533557,-2.3899999999999997,0,9,2
N1SN99T69T,460.95800000000025,2.9949000000000017,95.94,2,5,9,2,1,3,0.375,32,172,124.10750000000009,193.7171059329861,3.629994302100916e-06,921.6154063476641,-2.9,0,8,2
UR59KN573L,766.9700000000003,4.443600000000004,194.5,6,12,26,2,0,2,0.6,54,308,208.06459999999933,321.30991075666924,8.671037544283663e-07,1142.9716032045771,-3.6,0,14,6
33CM23913M,236.27399999999997,3.3872000000000018,46.33,1,1,0,2,1,3,0.0,18,88,73.53440000000002,105.14913595029721,2.305250789577584,596.9467906495956,-2.55,0,3,2
ZG7E5POY8O,276.20699999999994,3.721100000000003,29.1,1,2,3,1,0,1,0.46153846153846156,17,96,75.38120000000005,114.15374168335612,2.559998788000591e-06,385.2510066297173,-0.5700000000000001,0,4,1
6153CWM0CL,330.31500000000005,-0.018399999999999972,70.34,0,4,4,3,0,3,0.15789473684210525,24,116,85.51300000000006,160.96542471388716,2.08333183986222e-06,915.5481477224685,-1.88,0,5,0
838F01T721,426.4920000000002,3.081320000000002,84.39,1,6,4,3,2,5,0.5217391304347826,31,164,113.51380000000005,179.03353084764746,1.2396672702755924,1163.573356693954,-2.5800000000000005,1,8,1
320T6RNW1F,429.60400000000016,5.406500000000007,40.540000000000006,1,3,2,1,4,5,0.5517241379310345,32,168,129.43180000000004,192.13735598643598,1.669116622570653,1066.6143469067176,-2.3099999999999996,2,3,1
9O25354EPJ,492.5250000000004,1.316400000000002,170.54,4,7,11,1,1,2,0.4583333333333333,35,192,124.56410000000012,202.92431098657678,6.578702670061469e-07,885.5156836912856,-3.7300000000000004,1,11,4
X7WDT95N5C,445.54500000000024,2.0781199999999993,130.15,3,6,7,2,1,3,0.42857142857142855,31,166,114.97440000000005,181.66973203561423,1.4808622529805016,1001.0705398115275,-3.0100000000000002,1,10,3
H0DE420U8G,169.56699999999998,1.7744999999999997,46.0,1,2,0,2,0,2,0.0,11,56,41.844699999999996,66.59183322318094,2.920939354744553,442.88245407860506,-1.22,0,4,1
5LGN83G74V,434.4110000000001,2.9133000000000004,131.44,3,6,11,1,0,1,0.42105263157894735,30,168,103.12600000000006,171.31633878262068,8.897726352115943e-07,687.2164486396919,-2.9200000000000004,0,11,4
GNN1DV99GX,149.215,0.10670000000000035,63.31999999999999,3,3,2,0,0,0,0.8,9,54,38.676199999999994,59.649732698070196,4.040215640745235,118.61662740247263,-0.22000000000000008,0,4,3
563KS2PQY5,250.298,0.45390000000000025,67.42999999999999,2,3,6,1,0,1,0.38461538461538464,18,98,67.76940000000003,106.52231171708375,2.481951907071221,392.48264694846,-1.8799999999999994,0,5,2
8VZV102JFY,306.276,0.7357999999999993,81.65,1,5,5,3,0,3,0.23076923076923078,22,114,70.29880000000001,123.41948530867808,2.0062012637427222,707.748307396491,-2.68,0,9,1
0Y2S3XUQ5H,364.4230000000001,3.0365,118.72000000000001,3,5,8,2,0,2,0.23529411764705882,25,134,94.68820000000007,146.03303775232652,2.5918035858395356,850.8419702178361,-2.5799999999999996,0,8,4
M5DP350VZV,303.141,3.6057000000000023,63.60000000000001,1,3,6,1,0,1,0.23076923076923078,19,102,73.35430000000004,120.13375052364273,3.0691765104126865,537.6899088554333,-1.52,0,6,1
XB13HYU18U,1183.3349999999998,-6.515230000000019,567.2099999999998,15,16,19,2,2,4,0.4791666666666667,81,450,295.55489999999975,472.4394023439334,8.83115965647138e-06,2477.66063478092,-8.27,2,33,25
0H73WJJ391,339.36600000000016,-0.3953999999999982,115.54000000000002,1,8,3,0,3,3,1.0,22,128,71.60420000000005,128.7270626681316,1.8725713676939653,561.473564578839,-0.33,3,10,2
JCX84Q7J1L,381.3790000000001,3.5139200000000015,77.98,1,3,3,3,0,3,0.11764705882352941,26,136,90.11220000000002,147.47998201558565,2.160670373157657,1038.352309274621,-2.65,0,9,2
W24OD7YW48,489.059,5.905080000000007,53.33,0,4,8,3,1,4,0.3333333333333333,35,182,141.56899999999987,214.4996396846272,3.4224937329826166e-06,1065.8581500882663,-3.129999999999998,1,5,0
5092U85G58,487.9630000000002,4.3304000000000045,110.88,2,6,7,3,1,4,0.2916666666666667,34,180,132.4572,201.64762520263423,3.2399942746607125e-06,1184.7273174671227,-3.2699999999999996,1,10,4
36S3EQV54C,294.745,3.271700000000002,43.07,0,3,1,3,1,4,0.0625,21,102,82.15400000000002,126.29511475753817,1.9961465411984811,836.4931314625339,-2.4599999999999995,0,5,0
013TE6E4WV,889.0169999999997,8.607300000000008,174.64,4,8,10,5,5,10,0.46938775510204084,65,340,237.33079999999939,374.7898897670723,0.8958849355767068,2742.5134729419824,-6.319999999999999,4,16,4
451W47IQ8X,58.443,-5.992,0.0,0,0,0,0,0,0,0.0,2,8,0.0,41.93497063516508,0.0,2.0,1.29,0,2,0
0K5C5T2QPG,369.3680000000001,3.515220000000002,73.86,1,4,5,3,0,3,0.25,25,132,86.73010000000005,143.98292915165834,1.7731962752944586,849.4325983042299,-2.2599999999999993,0,9,1
H789N3FKE8,213.66399999999996,1.8569999999999995,63.31999999999999,2,2,4,1,0,1,0.3,14,76,55.500200000000014,87.49008435321754,2.7829771877466487,310.402966410215,-1.06,0,4,3
Q3JTX2Q7TU,284.746,3.153800000000002,32.67,0,2,1,2,1,3,0.125,20,100,81.81000000000003,122.06237911260715,2.2299634444150054,694.8779897536323,-2.1299999999999994,0,4,0
CQ903KQA31,345.9550000000001,4.824000000000006,29.54,0,3,7,0,2,2,0.9473684210526315,23,136,98.08800000000006,148.48454103221349,2.6449974855274946e-06,332.2613141115411,-0.2800000000000001,2,4,0
A051Q2099Q,265.36,2.4789000000000003,19.37,0,3,0,2,2,4,0.35294117647058826,20,102,81.06900000000005,119.40580302623545,1.90176612455508,637.6371725464028,-1.8699999999999997,1,3,0
SML2Y3J35T,399.44300000000015,2.8716000000000017,83.09000000000002,1,6,5,2,1,3,0.36363636363636365,29,154,109.23470000000006,169.1047200632566,2.414127979948404,1001.3949196223746,-3.22,0,7,1
7S5I7G3JQL,392.4670000000001,1.895700000000001,94.83000000000001,3,5,2,0,4,4,0.7272727272727273,28,154,99.94440000000006,163.87178561127467,1.83769187946728,804.7488254884713,-1.3700000000000003,3,6,3
4182431BJH,274.255,-0.4423000000000005,60.27,1,2,2,2,1,3,0.06666666666666667,20,94,70.56170000000003,138.4136607052372,1.469999249250395e-06,589.3364775257082,-1.6199999999999997,1,5,1
0K47UL67F2,406.482,3.7380000000000018,75.74,3,5,10,4,0,4,0.25,30,156,118.66520000000004,174.93537112075,1.2575379884643594,1108.7174439193616,-3.2199999999999993,0,6,3
L9F3D9RENQ,393.9550000000002,3.7647000000000044,49.769999999999996,1,4,7,1,1,2,0.5909090909090909,27,150,110.68480000000007,169.2460991926722,3.644995501130812e-06,615.440215132596,-1.5399999999999996,1,5,1
786Z46389E,165.62800000000001,-0.6123600000000003,88.99000000000001,4,2,0,0,0,0,0.5,10,60,43.71150000000001,66.00745917292251,0.0,131.60964047443682,-0.97,0,6,5
M329791L57,319.36500000000007,-0.5187999999999979,79.35999999999999,2,6,3,1,4,5,0.4666666666666667,23,124,82.96900000000004,134.41069465871308,1.3894230406161245e-07,508.9612680116405,-2.0,4,8,2
5PE9FDE8GB,315.716,3.037700000000001,84.6,1,4,2,2,1,3,0.06666666666666667,22,110,83.68410000000002,130.14044123411497,2.2335991802431643,817.430013234153,-2.73,0,7,1
4B3SC438HI,269.77199999999993,2.5071000000000008,38.33,1,3,3,1,1,2,0.5,18,100,74.08870000000005,114.32313164684872,1.6199991780754324e-06,363.3165578143707,-1.06,1,4,1
9N7R477WCK,299.8419999999999,3.0564000000000027,32.7,1,3,4,1,1,2,0.625,20,114,84.65080000000005,127.89569901438954,1.9999987946674217e-06,424.6928286924328,-0.77,1,4,1
6E8ZO8LRNM,408.333,2.7835000000000014,45.78,0,4,5,3,1,4,0.3684210526315789,27,144,111.42200000000004,168.9106913047951,2.102497181083033e-06,946.4230477570544,-2.0199999999999996,1,8,0
83HN0GTJ6D,1202.6349999999993,3.269000000000004,278.8,5,12,15,0,1,1,0.7903225806451613,85,486,328.4446000000004,508.39454709884245,4.320268725023782,2325.0756756660257,-6.130000000000003,1,23,5
J0E2756Z7N,428.5400000000001,4.777400000000004,87.13000000000001,1,5,7,3,2,5,0.4,32,164,123.75870000000002,187.50337792250116,1.3836088791531862,1113.598605256763,-3.3499999999999996,1,7,1
L6UH7ZF8HC,410.4930000000002,3.5904200000000026,64.16,0,5,4,3,2,5,0.5217391304347826,30,158,112.25800000000005,174.23929709545146,1.2328492308842518,1128.1689101168886,-2.5400000000000005,1,7,0
8Q2869CNVH,433.95800000000014,3.1302000000000008,122.99,4,6,9,2,0,2,0.5,28,158,112.44890000000008,170.66209528646118,6.963476863699863e-07,827.0809192394158,-1.4899999999999998,0,10,4
EE083865G2,426.8600000000002,4.071900000000002,115.57000000000002,3,5,6,3,1,4,0.19047619047619047,30,154,113.51530000000001,176.86664732130487,1.6002616831341392,1147.2996854988344,-3.52,1,9,4
4AF302ESOS,293.37000000000006,3.1285200000000017,39.82,0,2,2,3,1,4,0.3333333333333333,22,112,86.02450000000005,128.93835940075277,1.7679612527097788,871.7199680624578,-2.36,0,4,0
0K2I505OTV,185.69799999999998,2.3882,26.02,1,1,2,1,0,1,0.4,12,68,55.66040000000003,80.38415552664553,1.2099997178500676e-06,213.03023055713177,-0.53,0,2,2
60UAB198HK,506.6050000000003,4.936920000000004,75.0,1,7,7,4,1,5,0.4074074074074074,37,194,140.70769999999987,214.9341123294566,1.3476176616099083,1392.0510651500408,-3.4999999999999996,1,10,1
140QMO216E,171.15599999999998,0.09201999999999982,81.19,1,4,3,1,0,1,0.5,12,66,40.704200000000014,68.61221882593873,3.032858934158134,294.2284590462866,-1.43,0,6,1
46627O600J,197.19,0.05219999999999969,103.78,4,4,3,1,0,1,0.2222222222222222,14,76,49.08680000000001,80.41034351633131,2.7772680269131413,350.6652327975252,-1.75,0,5,5
2BMD2GNA4V,73.89,-8.439,63.19,0,3,0,0,0,0,0.0,6,24,5.396,59.08437168413018,-4.4999999250000016e-08,31.774437510817343,0.4648051948051948,0,5,0
UZX80K71OE,388.81500000000005,1.568,91.76,0,7,2,2,2,4,0.35294117647058826,27,140,96.38050000000003,160.0746725436011,1.631264877657146,869.2273935019914,-2.78,1,10,0
XX73205DH5,1558.7310000000016,-22.230500000000024,864.3600000000007,19,54,37,0,2,2,1.0,84,488,237.16640000000015,513.6782249952615,1.3311107965917113e-05,2934.052715722135,2.83220779220779,2,72,21
1NMA9J598Y,221.25599999999997,1.7906399999999998,47.56,1,3,3,1,1,2,0.4166666666666667,16,86,59.68270000000003,94.55369939501296,1.9147662796967868,383.0003882453518,-1.71,1,4,1
976728SY6Z,681.7800000000002,7.358000000000007,42.68,0,4,11,3,0,3,0.4,32,174,150.66549999999975,223.69052487412648,3.6299944951505127e-06,1023.838209219812,-0.8399999999999996,0,7,0
5W7SIA7YZW,312.45300000000003,3.882600000000003,37.3,1,2,1,0,4,4,0.7619047619047619,23,124,90.49280000000005,139.28014691355958,1.6711962826978062,597.4530522903293,-1.07,3,2,1
Y882YXF34X,158.166,-2.8683999999999985,80.25999999999999,0,4,0,0,0,0,0.5,9,48,27.115999999999993,82.86718822425235,-7.199999951999999e-08,70.56842503028855,0.19974025974025977,0,5,0
6804DJ8Z9U,359.3540000000001,0.7602,122.91000000000001,3,7,6,1,1,2,0.6666666666666666,25,140,84.54830000000003,142.94320242284633,2.0737294799944523,667.1570459543574,-2.04,1,10,3
EQT531S367,1026.9670000000003,4.79410000000001,338.5,12,12,20,8,0,8,0.25,71,384,269.4699999999993,407.85930407919534,2.5618328603615313e-07,2728.52052787171,-6.26,0,23,14
O26FZP769L,321.163,3.1013000000000015,61.69,2,3,1,2,1,3,0.06666666666666667,21,106,83.17950000000002,130.58496549069287,2.26892535252096,759.0888790908208,-1.8799999999999994,0,6,2
9TN87S3A3C,252.24499999999998,-1.2941999999999987,49.36,0,3,3,2,0,2,0.21428571428571427,18,88,63.92200000000004,128.05553681327723,1.6199992655253488e-06,565.967701298815,-1.0299999999999998,0,4,0
0C50HW4FO1,435.2850000000001,4.717400000000002,120.64000000000001,2,7,4,3,0,3,0.1,28,138,109.2891,170.10066102981094,1.939699195106058,1106.1535757595157,-3.6199999999999997,0,8,3
JE42381TNV,253.28300000000002,1.3660199999999998,98.22,2,5,3,2,0,2,0.1,17,90,62.90290000000002,98.46930176378613,2.2767262836744524,616.5006093542686,-2.0199999999999996,0,7,3
L4D5UA6CB4,334.243,0.033399999999999486,52.16,1,3,4,2,0,2,0.07142857142857142,20,98,74.89770000000003,169.25309673932796,1.9999988342507e-06,599.6229405866206,-0.07363636363636328,0,6,1
7LKK855W8I,285.31,2.659160000000001,78.29,0,4,3,3,0,3,0.058823529411764705,22,104,79.57700000000003,127.25245867565965,2.0705579702617833,776.560109916363,-3.44,0,5,0
N7U69T4SZR,312.4420000000001,3.4392200000000024,30.870000000000005,1,5,0,2,2,4,0.35294117647058826,22,114,94.04770000000005,134.63664509956521,1.80940676635996,726.0102103648205,-1.8499999999999996,1,5,1
NO70W886KK,988.9869999999999,-4.502099999999982,465.1600000000001,8,16,8,2,8,10,0.5909090909090909,69,388,235.7553999999996,393.83810723694296,3.2934246529287017e-07,2051.9349825274917,-5.58,4,25,18
V47IF0PVH4,422.4930000000002,2.4445000000000014,100.9,2,6,3,0,4,4,0.782608695652174,30,166,105.03860000000006,175.4071643352102,1.709654638325483,837.5499642846634,-1.6,3,7,2
KHS0AZ4JVK,224.26,0.9609999999999999,75.27000000000001,2,3,4,0,1,1,0.5454545454545454,16,88,58.38340000000003,94.27752865342954,3.0548516358409223,327.1388378978494,-1.6500000000000001,1,5,2
E7199S1YWR,441.52500000000026,-0.41419999999999724,195.95999999999998,4,5,12,1,1,2,0.5714285714285714,31,176,115.61430000000006,181.58383089409307,4.499996627065122e-06,686.8107483602024,-2.5300000000000002,1,10,9
7662KG2R6K,390.467,4.309900000000004,83.83,2,4,11,0,2,2,0.9,27,156,95.47060000000006,159.01761663414558,1.8423205694918618,524.5014601434748,-1.0800000000000003,2,7,2
O3FX965V0I,222.251,-0.8561000000000003,115.04,2,6,2,1,0,1,0.25,13,72,45.5859,78.02145102207902,2.9386914588268507,422.35246826398924,-1.06,0,9,3
DE2O63YV8R,378.4320000000001,2.9857000000000005,110.26,2,6,5,2,1,3,0.2857142857142857,28,144,105.21210000000004,163.33307738590707,2.3687786234167425,1021.0412559759963,-3.5300000000000002,0,7,3
4EVE5946BQ,376.40900000000016,-0.04820000000000002,146.01,5,6,6,2,1,3,0.3684210526315789,27,146,97.47610000000005,156.0319781686244,2.7938594706867143e-07,774.4878303046804,-2.5200000000000005,0,8,6
M6Q1EO9TD0,187.714,2.3356999999999997,26.02,1,1,0,0,4,4,1.0,12,70,52.338400000000036,80.49922054637346,5.63333210050027e-07,154.9933883013439,0.24999999999999997,4,2,2
FD171B778Y,196.64100000000002,1.3371999999999995,63.83,2,4,1,2,0,2,0.0,13,68,54.596100000000014,81.53379933493508,8.449998240667046e-07,398.77108911131114,-1.39,0,5,3
57GNO57U7G,372.5530000000001,3.8145000000000024,58.2,2,2,1,0,4,4,0.8260869565217391,27,150,106.84240000000007,163.47781846555736,1.5803697249958204,678.3560579995735,-1.32,3,4,2
Q0MQD1073Q,338.772,0.9242000000000001,109.49000000000001,3,4,2,2,1,3,0.07142857142857142,22,114,79.73220000000002,131.12210125298228,2.2295565964620514,897.4658924470709,-1.9299999999999993,0,8,4
WS821Z52LQ,253.26899999999998,0.8333999999999997,129.62,3,7,1,3,0,3,0.0,19,94,73.8012,108.06842587212037,2.3078316699480332,754.8677985188037,-2.9600000000000004,0,7,6
6DPV8NK46S,368.499,2.4998000000000005,126.64,4,4,4,2,0,2,0.3333333333333333,25,140,101.76820000000008,150.00146735131923,3.679999956556668e-07,606.4901251321179,-1.7699999999999996,0,7,6
9242ECW6R0,433.50100000000043,2.524020000000001,94.53000000000002,1,8,9,1,2,3,0.5652173913043478,31,170,113.42830000000006,182.26544626551106,1.5309832573877629,856.2163393799154,-2.58,1,8,1
Z9O08YRN8O,317.4290000000001,3.238100000000002,38.77,0,4,4,1,2,3,0.631578947368421,23,126,90.13300000000007,138.31243452885533,1.8850854790019058,596.5226759855801,-1.55,1,4,0
576PU70Y8E,548.6550000000003,2.3858,220.03999999999996,10,10,6,2,0,2,0.5,37,212,139.15160000000006,217.3764655240656,5.935714157079787e-07,959.912895629421,-2.6500000000000004,0,13,10
13AFD7670Q,218.25599999999994,0.5378999999999999,58.2,2,2,2,1,1,2,0.3333333333333333,16,84,59.56340000000003,94.03799321965101,2.524396870109536,398.28675391292165,-1.84,1,4,2
0E43V0BB57,382.54100000000005,3.9536000000000047,83.83000000000001,2,5,13,0,1,1,0.8181818181818182,27,156,106.23460000000007,163.73265817843128,2.418000827559309,483.09480891403854,-1.2000000000000002,1,5,2
9NDF7JZ4M3,435.8890000000002,2.5199,88.18,1,6,5,2,2,4,0.3157894736842105,29,152,108.89120000000001,175.48612982852507,1.3496120452397593,932.180757191145,-2.6199999999999997,2,10,1
HDP7W44CIO,481.8950000000001,5.574520000000007,37.980000000000004,0,2,5,3,1,4,0.28,31,168,135.87580000000005,202.7042286796737,1.6016659521169962e-06,898.1553748750258,-1.589999999999999,1,6,2
MVR3JL3B2V,396.51600000000013,2.7722,100.27,4,6,9,3,0,3,0.23809523809523808,28,146,113.27760000000004,167.99062638583126,1.3844210166167137,880.9359450299481,-2.7399999999999998,0,7,5
3XC8GUZ6CB,398.40000000000015,3.701600000000002,141.31,3,7,6,3,0,3,0.0,28,142,100.72960000000003,159.63758715191614,1.7658464964858718,1130.397370484095,-3.7899999999999996,0,10,3
EM5OCB9YJ6,391.5550000000002,5.9694000000000065,39.19,0,3,2,1,4,5,0.6153846153846154,29,154,114.85400000000007,174.1873721538375,1.4089371329614317,871.9543379319291,-1.9,2,3,0
FXC9231JVH,416.6460000000003,5.704700000000008,60.69,3,3,6,0,3,3,0.7777777777777778,30,170,124.03840000000007,183.52414470158894,1.7009505519736976,682.7119726280486,-0.9000000000000001,3,3,3
LW0TIW155Z,228.291,3.370000000000002,26.3,0,2,4,2,0,2,0.26666666666666666,17,88,69.50200000000004,101.21284555276587,2.2794935782808614,543.6131589013072,-1.8299999999999998,0,2,0
E7WED276I5,170.19699999999997,0.19078999999999968,88.86,2,3,0,2,0,2,0.0,11,58,42.6872,66.82070569070527,6.049999197916776e-07,405.7746642473436,-1.2700000000000002,0,6,4
R3UK8X3U3D,273.35699999999997,2.0099999999999993,66.15,1,2,5,2,0,2,0.13333333333333333,19,98,76.93080000000003,115.1791274813901,2.3650690421732667,490.8565422827171,-1.7799999999999994,0,4,2
GLH0314RVC,522.5780000000003,2.013699999999999,138.44,4,10,10,3,2,5,0.5652173913043478,36,194,127.75310000000003,209.63766750651945,1.4251181415430774,1232.7772284886767,-2.4499999999999993,2,13,4
A0Z3NAU9DP,430.3790000000001,2.879580000000002,107.26,2,5,5,2,0,2,0.2222222222222222,29,154,93.86530000000002,162.86388772274873,2.2537563722286165,1072.520449591737,-2.9699999999999993,0,11,2
QFP0P1DV7Z,407.31800000000004,2.0164999999999997,77.04,1,4,4,2,1,3,0.4375,28,152,83.05340000000002,154.4835434099293,1.6262839581617268,896.3804853871782,-2.6299999999999994,0,12,2
D7NLD2JX7U,185.22600000000003,2.1459200000000003,22.0,0,1,1,2,0,2,0.08333333333333333,14,70,56.776000000000025,82.4445810075432,2.6265243874423194,485.17495788858764,-1.8299999999999992,0,2,0
459384H98V,212.22999999999996,0.6163,86.19,1,4,2,2,0,2,0.125,14,74,50.82020000000001,80.54400990584924,2.539001213297287,558.7250089212612,-1.4,0,6,2
HW6NV07QEC,378.4280000000001,3.515640000000003,81.54,1,5,7,3,0,3,0.22727272727272727,28,144,104.23080000000003,163.35738649115126,2.1934632288677594,885.5152815355896,-3.2499999999999987,0,6,1
SD6QCT3TSU,278.31200000000007,0.19300000000000006,78.89,0,4,5,2,0,2,0.5384615384615384,20,108,74.74700000000003,115.01518969017611,2.3816217976898786,766.2398536300292,-2.18,0,7,0
O0P4I5851I,529.1500000000004,4.677600000000005,56.75000000000001,0,6,5,2,5,7,0.6785714285714286,36,194,145.49999999999986,223.50443598946524,2.401423312507071e-06,1103.7025239424188,-1.6999999999999993,5,8,0
OLH94387TE,450.9880000000002,3.7903000000000024,59.080000000000005,0,6,6,2,1,3,0.36363636363636365,30,162,121.74300000000007,187.4780925934206,3.203329436638286e-06,875.6961840095589,-2.2199999999999998,0,8,0
NY22HMQ4BX,296.41,4.029500000000003,34.14,0,2,0,0,4,4,0.6,22,116,86.14600000000004,131.90406169078295,1.775914314819425,652.618395327054,-1.44,3,2,0
75046A1XTN,425.9170000000001,1.7724999999999995,111.83000000000001,2,8,8,2,1,3,0.5263157894736842,29,160,114.17310000000005,175.86573330989663,2.9999956441733296e-06,844.9495700488727,-2.52,1,10,3
606D60IS38,215.724,2.45124,35.25,1,2,3,1,0,1,0.45454545454545453,14,80,62.308400000000034,91.86264287054901,1.6899994611501785e-06,266.3660623680346,-0.73,0,3,2
DOQ0J0TPF7,195.21799999999996,0.7366999999999997,83.55,3,3,3,1,0,1,0.3,14,76,52.03900000000002,81.98105187853191,2.78645821345238,329.7252768616324,-1.5499999999999998,0,4,4
57Y76R9ATQ,230.26299999999998,3.036500000000001,46.53,1,2,3,2,0,2,0.21428571428571427,17,88,66.55080000000004,99.64213719056528,2.4789644386388336,560.3959195741091,-2.03,0,3,1
C291HFX4DY,369.5050000000001,4.714500000000005,58.89,1,4,2,0,4,4,0.7391304347826086,27,146,104.25450000000005,161.9729373571978,1.6598128746257474,732.3957175505844,-1.7599999999999998,3,4,1
9S44LIC7OJ,340.4630000000001,4.0633000000000035,43.370000000000005,0,3,1,0,4,4,0.7272727272727273,25,134,95.42300000000006,150.12592260531085,1.642837115052668,683.8761264525542,-1.5599999999999998,3,3,0
82VFR53I78,448.3940000000001,4.859300000000005,44.81,1,4,7,2,2,4,0.43478260869565216,30,160,123.23670000000003,187.44232758419403,1.1543969516664405,898.0121087625581,-1.9499999999999993,1,7,1
CK833KGX7E,135.20999999999995,1.5763,26.02,1,1,2,1,0,1,0.3333333333333333,10,54,43.79540000000002,61.866120159699506,2.5872871851548136,179.17957141667623,-0.8200000000000001,0,1,2
77TI35393C,513.5090000000001,5.509800000000008,43.78,1,3,7,3,1,4,0.3448275862068966,35,186,145.24579999999983,219.48590630853604,3.422493851073916e-06,1041.1842244166335,-2.3699999999999988,1,6,1
Q3OKS62Q6X,430.5410000000002,2.716800000000002,93.06000000000002,2,6,4,0,5,5,0.76,31,170,112.86660000000006,183.22810210482677,1.5536140768455642,862.0735282455938,-1.34,4,6,2
2BTY8KH53L,139.154,0.39931999999999984,42.230000000000004,1,2,0,1,0,1,0.2857142857142857,10,54,38.08480000000001,58.54666266807179,3.492167040964919,300.96468344759177,-1.25,0,3,1
6W731X367Q,223.747,2.6044000000000014,3.24,0,1,4,1,0,1,0.38461538461538464,15,82,68.31900000000003,98.89815023488529,1.959999206666998e-06,302.06203354641235,-0.9699999999999998,0,2,0
4RA0KN46E0,380.3740000000001,2.9079000000000006,78.32,2,3,3,3,1,4,0.47058823529411764,27,144,92.39240000000004,152.126156468026,1.625675288561855,978.0198273275836,-2.7799999999999994,1,10,2
9WP59609J6,355.334,5.316200000000005,6.48,0,3,4,2,1,3,0.29411764705882354,22,118,99.44200000000004,147.4065135892179,1.7633320850731467e-06,646.3061062586762,-0.8699999999999997,0,5,0
RFO6IL3D3M,436.3460000000001,-1.3259999999999974,66.76,2,4,2,1,5,6,0.6666666666666666,27,146,94.14300000000006,169.2224211709888,1.6016652421318792e-06,854.8285165254836,-1.1099999999999999,3,6,2
I9ZF7L6G2L,346.3390000000001,2.1755999999999993,107.77000000000002,1,7,4,1,1,2,0.29411764705882354,25,132,88.40510000000002,143.8137017251711,2.803490087611988,771.1110283918144,-3.1600000000000006,0,8,1
J60AR2IKIC,326.831,3.7227000000000023,30.869999999999997,1,4,0,2,2,4,0.2777777777777778,23,118,96.44370000000004,140.9346059416388,1.8304332090303408,763.3669443617505,-2.0399999999999996,1,5,1
TK65WKS8HL,385.5120000000001,2.0881999999999996,69.64000000000001,0,6,6,1,3,4,0.7142857142857143,28,152,106.77400000000007,166.65976677624226,1.155469799617278,661.2961743702642,-2.02,3,7,0
30OMY4G3MK,246.09699999999998,1.5455699999999997,78.97,3,2,2,1,0,1,0.1111111111111111,15,80,60.22280000000001,96.86938789637944,2.803904914887212,386.09397217515266,-1.2599999999999998,0,6,4
FTA7XXY4EZ,403.97900000000004,3.942700000000003,29.950000000000003,1,5,6,2,2,4,0.42857142857142855,27,144,113.60580000000003,170.26142506312505,1.4100209962913943,779.7720785762971,-1.2399999999999993,1,6,1
80M03YXJ7I,435.5280000000002,4.1617000000000015,112.07000000000001,2,5,10,3,0,3,0.375,32,168,121.38650000000007,187.21053148154266,1.8705600872018624,1032.0529522380773,-3.5500000000000003,0,8,2
A0JWA85V8F,558.6500000000003,6.313600000000008,111.79000000000002,4,4,12,4,0,4,0.2727272727272727,41,214,157.24659999999977,238.45732394687116,1.891136858699184,1467.2614722780868,-4.27,0,8,4
J6292F8L3D,375.8709999999999,4.4256000000000055,40.540000000000006,1,3,6,2,1,3,0.38095238095238093,26,138,100.98730000000005,157.95153635385228,1.444579210133206,737.611323693879,-1.7499999999999996,1,5,1
125OD7737X,241.24299999999994,0.5301999999999998,91.01,2,5,6,1,0,1,0.36363636363636365,17,94,60.03120000000003,98.89239592925315,2.4107583404005677,368.6343524510428,-1.9500000000000002,0,6,3
1E6682427E,427.9720000000003,0.7737,46.53,1,3,4,2,3,5,0.48,30,160,111.03520000000007,184.407450843224,2.1779970826390338e-06,810.9771790161549,-1.8799999999999994,3,5,1
MFM6K1XWDK,336.2219999999999,3.372500000000002,50.459999999999994,1,3,1,2,1,3,0.125,22,114,93.00210000000001,139.6975450026469,1.7633322718839947e-06,742.3110677566153,-2.039999999999999,0,6,1
47M74X9YT5,285.691,-0.29739999999999994,119.31,3,7,2,2,1,3,0.5,19,102,66.36500000000001,112.35519257792842,2.0234673553110345,618.4760858872266,-1.48,1,9,4
C1ENJ2TE6C,351.83,1.4699999999999998,59.0,1,5,1,1,4,5,0.6111111111111112,24,130,90.26580000000004,146.8831571121457,1.4579990202156778e-06,737.9740999373059,-1.2999999999999998,2,6,1
EY00JF42FV,464.9420000000003,2.0035,108.61000000000001,4,7,9,2,2,4,0.5,32,174,117.88920000000006,191.67697731544817,1.4085137987531706,884.4165064162293,-1.7099999999999997,2,8,4
6702D36OG5,416.6460000000003,5.560600000000008,60.69,3,3,5,0,3,3,0.7777777777777778,30,170,123.96840000000007,183.52414470158894,1.7253537521568005,670.7119726280487,-0.9000000000000001,3,3,3
59JV96YTXV,290.7469999999999,0.23390000000000027,93.81,3,5,6,1,0,1,0.4166666666666667,19,108,73.81790000000002,117.84674825030035,3.2399980542012248e-06,414.71589850294333,-1.5,0,7,4
1GEV3BAW9J,364.873,2.5572000000000012,95.58000000000001,4,4,8,2,0,2,0.3157894736842105,25,136,101.06020000000004,153.83592786394323,3.1249963700043464e-06,679.6243520195803,-2.0799999999999996,0,6,5
AGG2FN16EV,418.57400000000024,4.585600000000005,72.83000000000001,1,5,6,0,3,3,0.76,30,168,115.45480000000009,180.4455306596892,1.7612771112578929,706.3275441224729,-1.62,1,5,1
MRK240IY2L,277.26900000000006,1.1457999999999995,115.42000000000002,1,7,3,3,0,3,0.1111111111111111,19,96,65.6691,109.81807397196779,2.083457965754208,764.8623146411958,-2.49,0,10,1
W36ZG6FT64,914.1870000000001,6.180600000000009,195.42999999999995,3,13,6,0,4,4,0.7450980392156863,65,366,245.13739999999908,386.7224915793505,1.7019978625273082,1755.5005702359908,-3.37,3,14,3
T18F433X4S,298.426,3.492500000000003,37.3,1,2,0,0,4,4,0.75,22,118,85.87580000000004,132.91520479916298,1.6520192857313454,583.0048893946201,-1.07,3,2,1
2T8Q726O95,229.261,-0.5941000000000001,90.36999999999999,2,6,2,1,1,2,0.5,15,82,56.36320000000001,90.06690967616713,2.2042997522549412,408.36352218380665,-1.05,1,7,3
SOD6A38AGA,461.8170000000002,3.9918000000000036,53.010000000000005,1,4,8,2,1,3,0.38095238095238093,29,160,120.70080000000006,188.96556635573515,2.1024985798166353e-06,723.7109943974056,-1.3399999999999994,1,8,1
33XCH0HOCD,377.912,3.6632000000000033,58.56,2,4,11,2,0,2,0.38095238095238093,26,142,107.44600000000004,161.5452328730346,3.379995769480579e-06,648.7142663510762,-1.8799999999999994,0,5,2
901AS54I69,259.34899999999993,2.5676000000000005,38.33,1,2,4,1,2,3,0.5625,19,102,74.62070000000004,113.89409146956329,1.7117046375333898,495.7674548036702,-1.5100000000000002,0,3,1
80061L1WGD,252.34700000000004,0.5973999999999997,88.88999999999999,3,4,5,1,0,1,0.5,17,92,69.59710000000003,104.92554288214419,2.1516938174131393,405.1737761568005,-1.68,0,7,3
9LHU78OQFD,404.54700000000025,4.1955000000000044,72.83000000000001,1,5,6,0,3,3,0.75,29,162,110.83780000000007,174.08058854529264,1.7401695799133003,666.182169981736,-1.62,1,5,1
CI0FAO63WC,395.4220000000001,-0.17179999999999962,158.21000000000004,4,9,5,1,2,3,0.21428571428571427,26,136,94.73140000000001,154.61000062384147,1.7805932854020337,876.8334656726947,-2.8600000000000003,1,12,5
K0N0Z40J3W,255.2259999999999,-0.592200000000001,89.98000000000002,0,6,5,0,1,1,0.45454545454545453,18,98,58.069000000000024,103.32625051547434,2.2721445988368183,384.337618238337,-2.18,1,7,0
32HRV3E3D5,352.7700000000001,2.8103000000000007,71.06000000000002,0,6,3,1,2,3,0.4117647058823529,24,128,86.12550000000005,143.82499238361365,2.2581731710520927,768.8345393102228,-2.21,0,7,0
8L7891MRB6,540.0210000000002,3.908400000000002,140.13,3,8,9,3,0,3,0.36363636363636365,36,194,136.00089999999994,213.0308313826462,2.0273149265395833,1364.4216286332567,-3.4499999999999997,0,14,3
P6R62377KV,480.9010000000001,0.20740000000000036,181.61999999999998,6,9,2,1,3,4,0.4090909090909091,33,178,116.78890000000006,194.58233010576336,3.0624962367026704e-06,1155.0499807474612,-2.920000000000001,0,11,7
2M36281008,287.3589999999999,3.383000000000001,62.32,2,2,4,2,1,3,0.47058823529411764,21,112,81.55450000000005,123.67017703003339,2.2365005465300696,688.6452033715747,-1.81,0,4,2
362O9ITL9D,151.165,1.3505999999999998,49.33,2,2,1,1,0,1,0.125,11,58,42.41050000000002,64.66690538413799,2.7362980721056545,253.29949758389105,-1.51,0,3,2
BKE5Q1J60U,316.87600000000003,4.296800000000005,6.48,0,2,4,2,1,3,0.3684210526315789,22,118,97.71700000000006,139.7100215657642,1.7633320877564743e-06,562.389107954436,-1.5099999999999993,0,3,0
H1250JIK0A,747.9640000000003,2.4397000000000064,182.91,4,14,8,0,3,3,0.9473684210526315,52,304,191.04819999999935,310.27924528553945,2.221952094654376,1187.5764542086656,-1.3000000000000005,3,14,4
2DS058H2CF,231.26099999999997,3.2459000000000024,12.03,1,1,4,1,0,1,0.5,16,90,58.286700000000025,93.66752419826337,2.7505823470987134,333.280912135366,-1.0300000000000002,0,4,1
0J48LPH2TH,297.745,-0.3512999999999999,118.36,3,5,1,1,1,2,0.14285714285714285,17,94,61.63640000000001,103.05494715630498,2.790493724042408,683.315512378044,-0.8700000000000001,0,10,4
2MRO291B4U,300.745,3.3712000000000018,40.620000000000005,0,2,1,2,1,3,0.125,21,106,83.06700000000004,127.08841239699416,2.2371936988129644,715.4718451602732,-2.3299999999999996,0,5,0
27O7W4T232,416.58300000000025,4.852300000000005,60.44,0,5,1,0,5,5,0.7916666666666666,29,158,112.21000000000006,177.13538241412454,1.5572210087099811,817.6983003627337,-1.1,4,5,0
081L192FO9,450.9300000000001,4.111320000000003,80.29,0,6,3,4,1,5,0.30434782608695654,32,164,122.44350000000001,189.93472974367145,1.4063213989776044,1268.9812708768113,-3.39,1,9,0
R9400W927I,531.4400000000003,4.205800000000003,69.06,0,6,7,3,2,5,0.38461538461538464,36,190,137.5959999999999,219.8154299542199,1.217537201434065,1183.1646774789097,-2.779999999999999,2,10,0
101V0R1N2E,316.382,3.723200000000002,83.21,1,5,5,2,0,2,0.3125,22,114,84.29430000000004,132.36498414091062,2.3540148782117365,744.3345726791586,-2.39,0,6,1
V3888OEY5R,491.0720000000003,5.514880000000007,63.95,0,6,13,2,0,2,0.5185185185185185,34,188,138.90399999999994,210.7223165637592,5.779988679156161e-06,944.7127076665782,-2.6199999999999997,0,7,0
6E17K3343P,515.868,2.9534000000000047,183.68,7,5,8,2,0,2,0.5,32,184,125.38550000000006,192.10644291162598,8.048517849348077e-07,868.3944876526948,-1.1,0,14,7
LL60K9J05T,451.61500000000035,3.193900000000001,71.68,2,4,8,2,2,4,0.5384615384615384,33,178,132.36540000000002,196.3423281864484,1.614500739821188,1013.2759425858137,-2.64,1,7,2
495W7451VQ,198.21799999999996,0.4272000000000001,58.92,2,4,5,1,0,1,0.4,14,78,51.58160000000003,82.70672954048919,2.569521757324299,274.5794377388137,-1.2600000000000002,0,4,2
Q8X02027X3,250.33799999999994,3.573240000000002,46.53,1,2,6,1,0,1,0.5333333333333333,18,100,72.06180000000005,108.7851832308131,2.4287441586455745,421.746932506919,-1.5099999999999998,0,3,1
50VV3VW0TI,266.34099999999995,0.4521,84.58,3,4,8,1,0,1,0.5,19,106,73.98090000000002,113.30999399703728,2.346203475304779,390.18247960279086,-1.5899999999999999,0,5,4
EOS72165S7,527.6580000000002,5.092900000000005,124.37000000000002,3,6,12,2,0,2,0.43333333333333335,38,208,147.12939999999995,225.11432996247441,7.805832091408448e-07,1037.5259669328443,-3.4899999999999998,0,8,3
8883YP2R6D,875.1060000000002,5.601400000000008,170.06,3,14,8,0,7,7,0.8125,62,350,227.39939999999913,367.77197585272904,1.1769497801111775,1675.4327452466098,-2.05,5,14,3
64O047KTOA,461.8170000000002,3.9918000000000036,53.010000000000005,1,4,8,2,1,3,0.38095238095238093,29,160,120.70080000000006,188.96556635573515,2.1024985798166353e-06,723.7109943974056,-1.3399999999999994,1,8,1
V8G4MOF2V9,373.3680000000001,3.710700000000003,108.47000000000001,3,5,4,4,0,4,0.0,28,138,102.51990000000005,159.33873264662483,1.9207884215026836,1166.5015843476542,-4.13,0,7,3
WFW942PR79,238.19699999999997,0.7034999999999999,73.8,1,3,3,2,0,2,0.1,17,88,53.9999,94.84620016357528,2.2822461406412,546.9335828894835,-2.309999999999999,0,7,2
030Y90569U,405.4410000000001,2.363600000000001,70.95,3,5,6,2,2,4,0.45454545454545453,29,156,103.15730000000005,167.82274711533492,1.2365254939318966,793.2010626317405,-2.2199999999999993,0,7,3
MD6P741W8A,513.6770000000002,5.950920000000006,63.050000000000004,1,4,8,2,3,5,0.6896551724137931,37,202,139.48269999999997,218.76395846491707,1.2397988201377264,1047.5042240658524,-2.3499999999999996,3,8,1
VJT6J7R4TR,822.9530000000007,4.335420000000008,220.14999999999998,6,15,4,2,4,6,0.5348837209302325,59,322,220.4791999999995,343.91475887842864,1.7035908752452265,2072.6280698397927,-5.16,1,16,6
YU55MQ3IZY,308.77200000000005,3.5801200000000026,43.07,0,3,1,3,1,4,0.11764705882352941,22,108,86.89100000000003,132.66005687193478,2.0133815691934758,880.9295253951269,-2.459999999999999,0,5,0
81K9V7M3A3,310.481,4.869700000000005,20.23,1,1,1,0,4,4,0.7272727272727273,23,124,94.62580000000005,140.79396389572815,1.7448074795351851,593.5842225586628,-1.0,3,1,1
3O2T2PJ89D,415.96100000000007,4.782900000000006,38.769999999999996,0,4,6,2,2,4,0.4583333333333333,29,156,117.37850000000006,179.15767987307223,2.4024964267388434e-06,831.5194582244534,-2.0399999999999996,1,5,0
2LXW0L6GWJ,351.32099999999997,4.950200000000005,6.48,0,2,4,2,1,3,0.3684210526315789,23,124,102.72700000000005,150.01328779264588,1.91999855066781e-06,655.5679142894812,-1.2199999999999993,0,4,0
ISQ9I6J12J,337.35100000000017,1.1235999999999997,71.11,1,5,4,1,2,3,0.5,24,130,85.73070000000004,138.8543615424469,1.692165277075504,633.7485798888887,-2.35,2,8,1
G9ZF61LE7G,447.5430000000003,2.965820000000001,105.03999999999999,2,8,5,3,2,5,0.4583333333333333,33,172,128.64690000000007,191.80897057088544,1.5077585467519465,1240.3878111114068,-3.33,2,9,2
O3J8G9O825,720.9619999999999,5.905200000000007,145.78000000000003,4,9,17,4,0,4,0.43243243243243246,50,268,196.89689999999945,302.05837391680234,1.463767068594598,1617.4968237573792,-4.33,0,13,4
TZ7V40X7VX,365.8420000000001,2.7141200000000003,92.5,2,4,2,2,1,3,0.1875,24,126,93.89840000000002,144.81758539978287,2.167413797290446,943.5789765253189,-2.09,0,8,3
19V2PL39NG,241.76200000000003,3.021400000000002,20.310000000000002,0,2,5,1,0,1,0.46153846153846156,16,90,70.40350000000004,104.0604469430698,2.2499990538754123e-06,308.9684496166115,-0.8599999999999999,0,3,0
63CZ7GJN5I,136.11399999999998,-0.3538000000000003,74.43,2,3,0,2,0,2,0.0,10,50,34.50939999999999,55.11114768353449,3.0929120500200677,400.94019739120694,-1.6500000000000001,0,5,2
F41401512X,529.5260000000002,6.355840000000003,97.62000000000002,2,6,6,5,0,5,0.10714285714285714,39,196,140.98089999999988,221.17512490877374,1.4060685117390255,1649.0608196010153,-5.0600000000000005,0,11,2
724L30Y2QR,392.58000000000015,4.477900000000006,77.76,3,3,4,0,4,4,0.9583333333333334,28,160,108.64740000000009,169.65381840146637,1.5548220176091474,605.412568486979,-0.6100000000000001,4,4,3
21925K482H,260.334,2.0227,90.65,2,4,7,0,0,0,0.8333333333333334,18,106,68.17010000000005,108.1935018259143,4.239056776558339,281.25097565253355,-1.46,0,6,3
X4HES1O11F,225.20799999999997,-1.3317999999999997,119.05,3,6,4,2,0,2,0.375,16,86,55.5989,89.69516162363054,2.360787751450609,546.0876253223264,-1.93,0,8,4
0YPR65R21J,322.19300000000004,-15.576999999999996,395.26,0,4,0,0,0,0,0.0,17,112,46.61260000000003,140.64051608129526,-1.2121212079545455e-09,97.39061726070489,1.4699999999999995,0,17,20
2FS66TH3YW,287.36299999999994,1.9229,57.36,2,3,5,2,1,3,0.4375,21,112,82.53240000000004,123.82069701725219,1.773954929663153,648.0095493167523,-2.01,1,5,2
EOR26LQQ24,409.43200000000013,4.888300000000005,60.769999999999996,2,3,6,3,1,4,0.20833333333333334,30,154,108.81760000000004,172.57030714496705,1.5460770899142342,1019.8265077961433,-3.2499999999999987,1,6,2
X7D10K905G,225.768,-1.9055999999999975,88.13,5,5,10,0,0,0,1.0,14,88,63.965900000000026,92.77630702600479,0.0,83.8008240443902,0.08999999999999997,0,6,7
6UH91I579U,457.6870000000001,3.525600000000001,88.41000000000001,3,5,6,3,0,3,0.17647058823529413,27,142,103.61070000000004,166.72812338732876,2.086710628422868,1011.497467706933,-2.1999999999999993,0,10,3
G70B4ETF4S,247.25099999999998,-0.45500000000000024,90.37,2,6,2,1,1,2,0.5,16,88,56.32120000000001,94.23244507909337,2.280674308888156,452.64494276034526,-1.12,1,8,3
MOR84MUD8E,897.7680000000008,-2.810919999999994,444.48000000000013,22,16,19,2,0,2,0.47058823529411764,60,338,219.2985999999999,353.02984492825544,1.09550727447834e-06,1500.6590754182525,-4.96,0,26,22
U5SYW473RQ,514.6290000000002,7.264420000000007,72.94,1,3,7,6,0,6,0.18181818181818182,39,194,156.1122999999997,226.75392523128772,1.4222648056159974,1844.1413674143123,-4.709999999999999,0,6,1
1678OK0E08,269.77199999999993,2.5071000000000008,38.33,1,3,3,1,1,2,0.5,18,100,74.08870000000005,114.32313164684872,1.6199991780754324e-06,363.3165578143707,-1.06,1,4,1
6RZ6XEZ3CR,299.76099999999997,2.950700000000001,50.459999999999994,1,3,1,2,1,3,0.125,21,106,85.75410000000002,127.5444517500975,2.2718389699808075,738.4422380249487,-2.329999999999999,0,5,1
Y883P1Z2LT,366.84399999999994,5.505100000000004,54.370000000000005,1,3,2,2,2,4,0.2727272727272727,26,132,100.90880000000003,156.8571973094496,1.5571493631961493,903.2395331906184,-2.3899999999999992,1,4,1
4TI98Z838E,272.3879999999999,3.609200000000003,40.46,2,2,0,1,3,4,0.6666666666666666,20,108,78.73060000000004,120.38168253606061,1.7111998765070118,538.2198018097884,-1.02,2,2,2
BEA68ZVB2K,296.3260000000001,3.0637000000000008,72.63,1,3,1,2,1,3,0.17647058823529413,22,112,82.81740000000003,127.84369054082532,2.22666793590653,742.1888387258247,-2.82,0,5,2
JVR38ZM64B,393.4400000000003,1.2596,124.09,2,5,5,0,3,3,0.7368421052631579,28,154,96.96950000000005,162.96208940281048,1.8954194785651837,626.5801141704751,-2.4499999999999997,3,9,2
6TK1G07BHZ,700.7910000000004,4.5732000000000035,115.7,1,9,12,5,2,7,0.40540540540540543,51,268,187.31279999999947,294.01956817256655,0.9233492900705034,1957.7610476177251,-5.079999999999999,2,14,1
KKA5DLD701,480.5610000000003,3.8007000000000017,107.38000000000001,2,5,5,2,4,6,0.4444444444444444,35,186,129.07560000000012,204.6572131088886,3.142036607885636e-07,1020.9768160748217,-3.3900000000000006,3,8,2
5965120SH1,209.25299999999996,-0.1302999999999993,95.11,2,5,1,1,1,2,0.5555555555555556,15,82,58.08580000000001,88.0874373023419,2.27402509492688,338.5154908716174,-1.72,1,6,4
04WQU6T9QI,443.4930000000002,-0.6916,201.53,5,6,3,1,3,4,0.6190476190476191,31,176,110.99460000000006,179.90942601648732,3.5059522508081834e-07,768.1139523334829,-2.2399999999999998,2,10,9
935E97BOY8,441.40400000000017,-0.044799999999998674,213.27999999999997,6,9,9,3,0,3,0.21052631578947367,32,166,111.89460000000004,179.27751955065443,1.6218348411934933,1225.0586856369828,-4.550000000000001,0,13,7
2Z07MYW1AZ,293.37399999999997,2.9287600000000014,78.29,0,4,4,2,0,2,0.4117647058823529,22,112,82.84400000000004,130.38501715597528,2.547796960808831,698.0918659440513,-2.66,0,5,0
1XL6BJI034,437.3160000000002,-7.600499999999996,217.31,2,8,7,2,0,2,0.11764705882352941,30,150,92.24010000000003,214.96542158461315,-1.8224994321564353e-06,875.807036313997,-1.83,0,13,6
WY6W63843K,764.8800000000003,4.375080000000003,190.27999999999997,4,8,9,6,0,6,0.2857142857142857,56,294,212.2851999999995,324.4717293767769,2.0187483117597477e-07,2178.3252878737735,-6.379999999999999,0,14,4
8G388563M7,574.9910000000002,4.988620000000003,131.17,2,8,9,4,0,4,0.25925925925925924,40,210,142.92779999999993,232.43701846045914,1.6388613189559178,1493.8648902234772,-4.159999999999999,0,13,4
SX6K58TVWC,494.01300000000026,3.641700000000002,113.6,3,5,8,2,1,3,0.391304347826087,33,178,126.20940000000004,198.64724753010978,1.513273099027308,1083.77575374057,-2.7800000000000002,1,10,3
C2QI4IOI2G,386.5320000000002,4.655200000000004,60.440000000000005,0,4,2,0,4,4,0.7916666666666666,28,154,106.43500000000007,168.01810354228854,1.734944964196878,766.5668378003053,-1.4500000000000002,3,4,0
5P4DHS6ENR,603.7500000000003,2.8346000000000027,121.40000000000003,1,12,32,1,0,1,0.7666666666666667,42,244,158.55019999999968,251.0368504437363,1.7386033479807952,709.000521486721,-1.8700000000000003,0,12,1
4Q81I59GXC,153.137,0.6725999999999999,83.55000000000001,3,3,1,1,0,1,0.0,11,58,39.478500000000004,62.88622553534208,3.2322088703054916,295.7372022742226,-1.7099999999999997,0,4,4
IU5QR144QX,372.41800000000006,-0.04519999999999946,83.5,0,5,2,1,3,4,0.6111111111111112,25,130,86.39120000000005,170.31932187002988,1.8224983323015802e-06,805.684493694835,-0.40000000000000013,2,7,0
614OI1Z5WI,144.214,2.2874,37.3,1,1,5,0,0,0,0.875,10,60,40.9418,62.24960168084558,3.6095780526829477,93.43071362054202,-0.53,0,2,1
02O55696WH,406.8660000000001,3.1144000000000007,99.96,2,5,8,2,0,2,0.25,28,150,106.4496000000001,168.3970092884934,4.16499967332753e-07,747.9253305684091,-2.7400000000000007,0,8,2
1B8447E7YI,598.0920000000004,5.314100000000005,144.60000000000002,4,6,14,3,0,3,0.28125,42,224,161.46919999999974,249.80915569002974,4.011051801940083e-07,1307.641217372985,-4.179999999999999,0,10,4
NW2RTH6T2N,585.654,1.7906000000000024,113.03999999999999,0,7,14,1,2,3,0.7,40,218,148.00449999999987,261.2337455204341,5.603319074937844e-06,999.0311927200745,-1.1799999999999997,2,10,0
13T4O6VMAM,331.353,1.5810000000000002,99.60000000000001,2,5,2,2,1,3,0.06666666666666667,23,118,83.80630000000004,132.49870717684675,2.0932817931934427,907.3290496863176,-2.8699999999999997,0,8,2
SOA12P041N,307.28700000000003,2.2289000000000003,111.43,1,7,4,2,0,2,0.08333333333333333,21,108,74.47260000000001,122.08276225581106,2.1948856079562464,712.4233906667993,-2.81,0,9,1
554Z48XN5E,114.173,1.08269,20.72,1,1,0,1,0,1,0.25,7,38,30.597699999999996,46.79390536965459,3.391829211284276,197.4547535417141,-0.5700000000000001,0,3,1
NNU2O4609D,277.284,-0.8278000000000001,130.04999999999998,4,6,2,2,1,3,0.4166666666666667,20,106,71.9377,113.14018441819259,2.121483180423448,734.2582885949367,-2.19,1,8,5
IA7306519N,236.13599999999997,-1.0621999999999998,123.20000000000002,0,8,4,0,2,2,1.0,16,90,43.214800000000025,88.22050865473719,1.9481182350126691,278.90366073218416,-1.68,2,10,0
KVI301NA53,261.11899999999997,-2.4244999999999974,33.42,0,2,1,1,0,1,0.3333333333333333,14,78,47.32900000000003,93.86839415682672,1.689999454975181e-06,315.4351933554375,-1.1,0,5,0
4975G9NM6T,305.2900000000001,1.7813799999999995,127.70000000000002,2,6,5,1,0,1,0.2857142857142857,22,116,77.94400000000002,126.21671568109325,3.330991051120794,671.7912617869265,-3.0800000000000005,0,8,2
3L36P16U4R,381.4330000000003,-0.3774799999999989,81.4,0,5,8,3,0,3,0.3333333333333333,26,132,96.13740000000004,177.7431520238917,2.429997293853168e-06,810.4143118169119,-1.0899999999999999,0,8,0
BGF9MN2HU1,318.756,3.8130000000000024,63.6,1,3,5,2,0,2,0.17647058823529413,22,114,83.66930000000005,132.84729730621618,2.1649159842212513,687.6038065906843,-2.329999999999999,0,5,1
CHB1QD2QSS,300.745,2.472200000000001,52.900000000000006,1,3,1,2,1,3,0.125,21,106,82.94980000000002,126.85661286480315,2.2716729569381777,728.3117647975776,-2.1699999999999995,0,5,1
4B93MGE4AL,418.45700000000016,1.7848999999999995,108.39,1,7,4,3,1,4,0.2727272727272727,31,158,115.69240000000002,179.02318266693217,1.7487941834724563,1200.9397826086542,-4.06,1,9,2
FO2303MNI2,144.12599999999998,-0.11140000000000017,52.60000000000001,0,4,2,0,0,0,0.3333333333333333,10,56,33.172,58.42449322672962,3.7526030864834103,141.13075145540293,-1.32,0,4,0
VVJ6673MHY,305.16400000000004,0.28820000000000046,120.31999999999998,2,4,2,1,0,1,0.0,16,90,59.208400000000005,102.23926875211589,3.7245203625070777,638.7375361244801,-0.3800000000000001,0,10,4
QTG126297Q,318.135,0.033399999999999486,52.16,1,3,4,2,0,2,0.07142857142857142,20,98,74.89770000000003,148.7439316666773,1.9999988342507e-06,599.6229405866206,-0.7099999999999995,0,6,1
XXE1CET956,357.79300000000006,3.9273200000000026,68.53,1,3,4,3,0,3,0.15789473684210525,25,128,95.74730000000002,148.948093745561,2.232371733378279,973.2479304430422,-2.7899999999999996,0,6,1
QE4VW5FO07,277.236,0.5509999999999997,64.52,4,4,9,0,0,0,1.0,16,102,72.83100000000003,111.01810843410597,-8.449997806250585e-07,109.3866568687393,0.41999999999999993,0,6,4
6985IP0T80,341.36,-0.04439999999999955,127.53,4,6,4,1,1,2,0.5,24,134,84.51220000000004,139.45418237204487,2.5714284964432684e-07,518.4872805052343,-2.0,1,8,4
P341G6W9NB,323.46561066800007,3.238100000000002,38.77,0,4,4,1,2,3,0.631578947368421,23,126,90.13300000000007,146.74225752986217,1.9463611858330883,774.4335836887883,-1.55,1,4,0
2J3YBM1K8C,433.57700000000017,4.724000000000005,48.57000000000001,1,5,7,4,1,5,0.32,31,160,129.77570000000003,185.42027807199042,1.0540919285111465,1224.1329495444852,-2.829999999999999,1,6,1
BJ4HF6IU1D,248.32600000000002,1.9055999999999997,57.28,3,3,6,2,0,2,0.42857142857142855,18,98,72.93920000000003,106.96952192393705,1.9143095421480516,493.2545779023451,-1.5199999999999998,0,4,3
W31X2H97FB,348.42800000000005,2.5299200000000006,100.19000000000001,3,5,5,2,0,2,0.25,24,128,92.68790000000003,141.1047404217735,2.2883466603467544,834.721096902533,-2.6099999999999994,0,8,3
5688UTC01R,300.44200000000006,5.602600000000005,37.3,1,1,5,0,1,1,0.45,22,120,93.76180000000005,134.17506073915436,2.7915849583616437,566.514664398947,-1.8299999999999996,0,2,1
G162GK9U4W,270.21,3.2541200000000012,55.13,1,3,2,2,0,2,0.16666666666666666,19,100,60.63720000000001,105.75664771197401,2.124666471103936,587.7671184973083,-2.309999999999999,0,7,1
3Z9Y7UWC1J,459.5060000000003,2.6996,110.75999999999999,1,5,5,3,2,5,0.28,34,174,126.66040000000008,196.24825339255116,1.4903937191885357,1263.7081799817347,-4.14,1,9,2
2GZ0LIK7T4,384.43600000000015,2.1240999999999994,80.28,0,5,6,3,0,3,0.35,28,148,109.05600000000004,161.81319133742252,2.137393155616101,1167.6331269432403,-3.2899999999999996,0,8,0
2679MF687A,123.11099999999996,0.7797999999999998,50.19,1,2,1,1,0,1,0.0,9,46,31.196299999999994,51.971749067079855,2.98145461404113,207.5576620543373,-1.38,0,3,1
6158TKW0C5,252.273,1.7695999999999994,58.2,2,2,2,2,1,3,0.06666666666666667,19,94,70.33840000000002,110.00026108252523,2.2308361050041703,583.608538383389,-2.6199999999999997,1,4,2
7318FJ13YJ,443.63800000000026,3.4707000000000026,43.86000000000001,0,5,5,2,2,4,0.391304347826087,30,160,123.51280000000004,183.96498217307143,1.6676985497860848,1055.8679416192647,-1.6399999999999992,1,7,0
36KCS0R750,142.04299999999998,-7.329999999999999,80.26,0,4,0,0,0,0,0.0,7,32,10.4746,85.83298179715148,-7.999999835000002e-08,92.8582023226588,1.8699999999999999,0,7,0
63FN7G03XY,408.9230000000001,-4.920799999999999,111.59,1,5,2,2,1,3,0.0625,25,118,82.89350000000003,234.1340462973911,1.919999578488984e-06,799.976654045389,0.5727272727272728,0,9,2
207ZZ9QZ49,233.31099999999995,2.0852999999999997,38.33,1,3,3,1,1,2,0.5,17,92,66.84070000000004,102.1700383942993,2.2116443428545427,357.7447760896648,-1.35,1,3,1
X4W7ZR7023,374.4770000000001,1.8036000000000003,94.83,3,5,2,0,4,4,0.7272727272727273,27,148,99.59540000000005,159.70625020834842,1.781065864389522,753.8020968349459,-1.2999999999999998,3,5,3
EGP8L81APK,452.41300000000024,4.747020000000003,97.75,2,5,5,3,2,5,0.20833333333333334,33,168,113.55600000000001,186.53347340704718,1.404564000307364,1303.7621204957063,-4.009999999999999,1,9,2
7RN5DR86CK,437.5290000000002,3.1390400000000014,119.02999999999999,2,7,5,4,0,4,0.19047619047619047,31,160,121.38090000000004,180.14391638303974,1.627309736469276,1396.378075971583,-3.4999999999999996,0,10,3
6794O900AX,561.7010000000002,5.250500000000006,146.13000000000002,3,8,26,1,0,1,0.8518518518518519,38,222,151.26049999999992,228.3677956054243,1.9442974826803656,809.121054933066,-1.2900000000000003,0,11,4
1T0N3G9CRC,430.54500000000036,2.7733,95.94000000000001,2,5,9,1,2,3,0.625,31,170,116.41450000000009,183.69074000722307,1.6957215363829772,768.4929777374001,-2.41,2,7,2
WI4X0X7BPJ,362.46600000000007,1.7816,94.83000000000001,3,5,2,0,4,4,0.8095238095238095,26,144,95.14240000000004,154.0309111261361,1.7350832012021693,683.8889217536757,-1.0400000000000003,3,5,3
RBZ1571X5H,506.03200000000044,2.488840000000001,138.01,3,9,7,3,1,4,0.36363636363636365,34,182,135.66050000000004,206.48271383607496,3.2399938910370393e-06,1115.1860138770548,-2.83,1,12,5
CJQ26KO7HP,237.219,-1.1999999999999993,133.45999999999998,4,7,2,1,1,2,0.3333333333333333,17,90,61.5426,95.59193181860822,2.483508752359959,560.240020249059,-2.22,0,8,5
GR120KRT6K,129.159,0.3645000000000001,63.31999999999999,2,2,4,0,0,0,0.5,9,52,35.04219999999999,54.17000511688082,3.2647705192470307,111.6254878262668,-0.8300000000000001,0,3,3
KR5YZ6AE4B,441.52400000000017,2.5632000000000006,102.26,1,7,3,0,5,5,0.68,32,172,115.74180000000005,187.49071293853467,1.556268881101802,996.3911784632876,-2.2800000000000002,3,7,1
D2UX06XLB5,273.248,-0.33000000000000024,109.57,2,5,1,1,2,3,0.23076923076923078,20,102,67.5261,113.27001056421399,1.999964759030486,667.5801566907198,-2.6999999999999997,1,7,3
IXA7C9ZN03,435.3180000000001,3.639500000000001,90.73,2,4,7,2,0,2,0.25,27,144,107.8046000000001,166.84774543774623,3.8723681588532514e-07,730.3368450633944,-2.5100000000000002,0,7,2
6GC8A4PAYH,330.5120000000001,6.471200000000007,26.3,0,2,14,0,0,0,0.5,24,134,104.94300000000005,148.23008759878772,3.4815582170753774,425.25086878597017,-1.8299999999999996,0,2,0
98WI44OHIQ,332.5280000000001,4.985300000000006,37.3,1,2,1,0,4,4,0.9545454545454546,24,136,96.52180000000007,147.33546666828116,1.6095966318045525,538.0880044765184,-0.37,4,2,1
413KH5ZJ73,481.5460000000001,2.4017,140.92,3,7,10,2,0,2,0.4090909090909091,33,180,122.67920000000005,191.84786395020555,2.6114124073994325,1119.6962406474513,-2.89,0,11,3
X72RBB02N8,238.24299999999994,0.9608000000000003,104.64,2,4,5,1,0,1,0.2727272727272727,17,92,60.25380000000003,98.48602974460672,2.643963962615988,362.31763766703165,-2.24,0,6,4
VS041H42XC,396.6590000000003,7.641000000000009,20.23,1,1,5,0,3,3,0.7142857142857143,29,162,125.64180000000009,179.61101627940926,1.7486149113663454,678.4273908657839,-1.08,3,1,1
F0P408N6V4,259.265,0.029799999999999938,92.5,2,4,1,1,2,3,0.3076923076923077,19,98,66.8996,109.10848846417022,1.8979320736819345,596.7962801712908,-2.37,1,6,3
304NUG5GF4,705.6470000000003,5.5773000000000055,104.7,0,9,11,5,2,7,0.37142857142857144,49,256,188.17599999999948,293.88445706899506,0.9252982702044731,1907.319691394515,-4.3599999999999985,2,14,0
Y5929UIJ5N,413.1730000000002,3.2800400000000023,149.45999999999998,2,8,3,3,0,3,0.13333333333333333,27,140,93.60800000000002,160.48632469202838,2.1657378682803885,1069.3916860220036,-3.1100000000000003,0,12,2
RG277LF5B3,314.17300000000006,-0.8565999999999996,136.29000000000002,6,7,2,1,1,2,0.5555555555555556,19,110,77.35409999999997,121.18536967360723,1.6199996042625997e-06,481.41315139426456,-1.22,0,10,7
3C06JJ0Z2O,499.6190000000002,4.509800000000003,87.55,2,7,10,4,0,4,0.25,37,192,150.87239999999977,216.9399610818181,1.7065918885507303,1427.5756477173186,-4.369999999999999,0,9,2
H16A5VCT9C,456.7110000000004,7.960900000000009,43.370000000000005,0,3,10,0,4,4,0.8666666666666667,33,186,133.81700000000004,202.04623412862443,1.270831473730543,738.8237430563822,-1.12,3,3,0
6T84R30KC1,157.21300000000002,0.8361000000000001,63.32000000000001,2,2,2,0,1,1,0.875,11,64,42.1382,66.58366122432905,2.297820229194632,139.02748440752183,-0.5700000000000001,1,3,3
ZS9KD92H6V,226.279,2.637100000000001,42.85,0,3,3,2,0,2,0.21428571428571427,17,86,65.83050000000003,100.54908384508421,2.3719369599397124,506.26012348381613,-2.03,0,3,0
181R97MR71,441.23200000000014,3.0113000000000008,88.41000000000001,3,5,6,3,0,3,0.17647058823529413,27,142,98.55870000000003,160.59039256337334,2.086710628422868,1009.497467706933,-2.5599999999999996,0,10,3
R4Z9X1N2ND,441.5750000000001,1.9828999999999997,104.81,2,6,11,2,0,2,0.3684210526315789,29,160,116.51300000000005,172.53774717809372,1.709981800598181,989.1450586689966,-2.3,0,10,2
9U7D5QH5AE,342.297,-5.552999999999993,197.36999999999998,8,11,8,0,1,1,0.9166666666666666,23,136,69.83240000000002,130.49026570928862,2.906574168444082,376.01843836179484,-0.7300000000000001,1,11,8
4F86W47BR6,510.0550000000001,6.497000000000007,70.0,2,6,7,4,1,5,0.25,35,182,143.4990999999999,214.5577868521108,2.8879947061036868e-06,1295.2939536968536,-3.0599999999999987,1,7,2
D83282DT06,129.094,-0.5088000000000001,71.77,2,3,0,1,0,1,0.0,9,48,29.2281,49.537647281372706,3.3360928870055955,268.7604122853712,-1.3900000000000001,0,5,3
EE90ONI6FF,324.4080000000001,-15.065300000000002,172.11999999999998,1,7,5,0,0,0,0.5,17,82,32.81859999999999,224.47391042323005,-1.199999903062508e-07,239.6450711381022,3.239090909090909,0,11,3
LCH760E9T7,326.4360000000001,5.1670600000000055,46.53,1,2,6,1,0,1,0.2857142857142857,24,128,100.52880000000005,144.21642378845573,2.971612486533635,731.9410191793835,-2.5499999999999994,0,3,1
YA84KI1VEW,329.3090000000001,-1.7152999999999983,146.37,4,8,4,1,1,2,0.6153846153846154,23,128,74.12280000000001,130.141515345053,2.134478840864784,680.6359872613865,-2.1700000000000004,1,10,4
HEC37C70XX,308.83099999999996,1.5112999999999999,78.42999999999999,3,4,6,1,0,1,0.5,19,110,80.25500000000002,120.42888307025322,3.2399979264013913e-06,474.2527922971799,-0.8200000000000001,0,7,3
L35JN3I7SJ,416.5180000000003,2.3831999999999995,95.94000000000001,2,5,9,1,2,3,0.6086956521739131,30,164,111.79750000000008,177.32579789282644,1.6824837055129525,753.2201749557545,-2.41,2,7,2
9ZOQ3TZI87,464.831,5.549700000000002,92.35,3,4,5,3,0,3,0.09523809523809523,32,166,113.23860000000002,185.11105638623692,1.6244376001208216,1137.8789445127009,-3.789999999999999,0,11,3
057Y626693,712.7290000000004,-9.548100000000018,427.71,15,21,9,0,4,4,1.0,47,278,152.53340000000009,268.66260954675147,1.1141660497945646e-06,1076.6656364913201,-0.8900000000000001,4,24,21
9G64RSX1XD,217.28999999999996,0.6279000000000001,57.61,2,3,3,0,1,1,0.7777777777777778,14,80,55.38780000000003,88.68513507536183,2.6669696816932777,244.21156588239836,-0.71,1,5,1
NR7O1405Q9,164.183,-3.534599999999999,57.2,1,4,2,0,0,0,1.0,8,44,28.417199999999994,76.30129543838045,0.0,128.21884910034808,1.2599999999999998,0,6,0
V9BI9B5YI2,388.46400000000017,2.8590999999999998,99.96,2,5,9,2,0,2,0.38095238095238093,28,152,106.1446000000001,165.14828820819258,4.164999687712528e-07,666.5905053883725,-2.7700000000000005,0,7,2
EH28UP18IF,300.44200000000006,5.602600000000005,37.3,1,1,5,0,1,1,0.45,22,120,93.76180000000005,134.17506073915436,2.7915849583616437,566.514664398947,-1.8299999999999996,0,2,1
YO603Y8113,547.6740000000003,2.3752999999999997,140.42000000000002,3,8,11,2,2,4,0.5185185185185185,38,208,141.59569999999994,223.65772071845134,1.5050423995020028,1160.9535123927155,-2.6999999999999993,2,11,4
J7A92W69L7,213.189,-0.4569000000000003,124.01,5,5,3,1,0,1,0.2222222222222222,15,82,50.34260000000001,85.20457726852732,2.9611219781906053,378.7654951395987,-1.79,0,6,6
287M0347EV,798.5830000000001,-6.71569999999999,460.74,0,12,8,4,2,6,0.07142857142857142,55,288,183.01739999999992,351.59947183679856,-2.604166590771486e-07,1781.0334440166903,-5.260000000000002,2,27,14
A6IEZ5M406,427.5450000000002,2.3080400000000005,74.27000000000001,2,6,9,2,1,3,0.4583333333333333,31,168,121.92150000000004,184.1143473800594,1.3840486993991412,845.4029554588263,-2.6099999999999994,1,7,2
9PHQ9Y1OLM,360.45000000000005,1.5575999999999999,94.83000000000001,3,5,2,0,4,4,0.7142857142857143,26,142,95.04840000000004,153.34130809395182,1.7472814479871788,723.9130815015496,-1.3000000000000003,3,5,3
JE6H2O27P8,315.67799999999994,4.073100000000001,38.33,1,2,0,1,2,3,0.35714285714285715,21,110,69.7887,122.9633050682897,2.218109084297208,673.0222975253698,-1.8700000000000003,1,7,1
5SEH9X1D1D,141.17,0.4491999999999999,46.17,1,2,1,0,1,1,0.7142857142857143,10,56,36.164699999999996,59.79597894437554,2.8000015092487516,188.04512825117834,-0.8600000000000001,1,3,1
L36O5T016N,785.8910000000003,6.157840000000009,198.37999999999997,5,12,2,4,2,6,0.4418604651162791,57,304,213.1433999999996,329.935992769171,1.5777662839216344,2378.8100422585158,-5.44,0,14,5
O0J6XJN02I,528.5370000000001,6.576100000000006,58.2,2,2,2,1,4,5,0.6296296296296297,37,202,124.02240000000005,210.79824086038562,1.3996383556433798,1144.6860218588804,-2.5199999999999987,3,10,2
M8U465Q1WQ,474.3980000000001,3.531600000000002,96.89,3,5,7,1,1,2,0.5789473684210527,32,182,100.82670000000007,179.6129558027237,1.1771424495226001e-06,744.704312125392,-2.7,1,13,3
PO572Z7917,285.365,2.1955,74.68,1,3,7,1,0,1,0.46153846153846156,19,106,72.74210000000005,113.46236333513149,3.0653305378819273,516.0791280132663,-1.4,0,6,1
184SNS8VUH,356.418,4.3655000000000035,60.36,1,2,4,2,1,3,0.15,25,128,97.89220000000005,148.23867929358497,2.0864588896211838,895.6573271795393,-2.3699999999999988,0,5,1
08W5N2C97Q,441.4790000000002,3.835020000000001,101.21,2,5,4,2,1,3,0.47368421052631576,30,162,107.10410000000003,175.04592562238932,1.842963182390812,973.3197515033991,-2.6900000000000004,1,11,3
9HW64Q8G6G,958.24,6.197200000000009,204.65999999999994,3,14,9,0,4,4,0.7547169811320755,68,384,255.95639999999904,404.56592103765064,1.6967953133822875,1809.0647202043674,-3.41,3,15,3
WMJ8TL7510,403.5440000000001,3.921800000000003,66.84,1,4,4,2,2,4,0.45454545454545453,28,152,110.87960000000008,167.63410222574882,4.0304340913248905e-07,779.8551789632434,-1.7299999999999995,2,6,1
4I8HAB65SZ,388.4200000000002,3.201800000000002,107.77,1,7,6,1,1,2,0.4,28,150,102.18610000000004,162.9085280683609,2.6914047670835477,869.2018167430791,-3.16,0,8,1
RNZ43O5WW5,282.815,2.1932000000000005,46.33,1,2,5,1,1,2,0.5333333333333333,19,106,80.45740000000004,121.12439071534651,1.804999028625544e-06,419.41356774287595,-1.06,1,4,2
NWN58M4F5T,665.7739999999997,4.4153800000000025,138.66,1,10,8,4,3,7,0.4166666666666667,49,254,182.0243999999995,284.066708514053,1.110430054151791,1910.0476403086516,-4.8999999999999995,3,13,2
7K28NB895L,383.3470000000001,3.2888800000000016,87.39000000000001,1,5,3,2,1,3,0.23529411764705882,26,136,84.44560000000003,146.72973999775172,2.168971196144331,1033.0339998997567,-2.57,0,9,1
TR3MLJ1UAI,296.5520000000001,3.6212000000000026,6.48,0,4,4,0,0,0,0.8,16,94,86.22000000000004,117.90714002929566,4.041784405967148,200.8589190857419,0.4799999999999999,0,6,0
Q2WXR1I0PK,512.3340000000002,-6.546899999999998,179.36999999999998,1,11,8,4,0,4,0.13043478260869565,36,174,110.62580000000005,245.36884997023327,2.2816645261159423e-06,1425.9040171624079,-2.6399999999999997,0,13,1
1W306TDA6S,847.0190000000002,4.615720000000006,205.54999999999995,5,14,4,1,5,6,0.5869565217391305,61,332,226.76479999999944,357.4793708970483,1.4908639254314904,2112.170633261089,-4.83,1,15,5
62H10A1236,384.51600000000013,4.425900000000004,52.6,0,4,2,0,4,4,0.75,28,152,105.97000000000007,167.96935206361093,1.5653724474568742,746.194333156968,-1.76,3,4,0
NJ82J0F8QC,701.7790000000002,7.7653,100.98,0,2,0,4,4,8,0.23809523809523808,49,260,214.4673999999996,303.66385233825196,3.086419677625364e-07,1572.113978344407,-3.7799999999999976,2,7,6
V83O1VOZ8L,137.14199999999997,-0.3149000000000001,68.01,2,3,1,1,0,1,0.0,10,52,35.89059999999999,58.037404215739585,2.8526279288191443,221.69435494406167,-1.4200000000000002,0,4,3
P76B05O5V6,623.6420000000003,3.7505000000000015,132.60999999999999,2,9,9,5,0,5,0.20689655172413793,44,228,161.2743999999997,252.60262090788837,1.7858629143589346,1935.0797674280984,-4.989999999999999,0,15,2
N29QWW3BUO,337.463,4.2210000000000045,46.260000000000005,1,3,0,1,4,5,0.6818181818181818,25,132,96.35280000000006,149.4111683415793,1.5319846700877742,801.194381990157,-1.53,3,3,1
TJ2M0FR8ES,384.5160000000002,4.575300000000004,60.440000000000005,0,4,2,0,4,4,0.7083333333333334,28,152,106.41100000000007,167.32850051010428,1.7900315303594405,820.4617842103514,-1.71,2,4,0
Z3614QOX8W,248.71699999999996,2.5238,77.82,2,4,2,2,0,2,0.16666666666666666,17,88,70.6808,104.6407251371543,2.613511657499358,536.9470467453648,-1.81,0,5,4
YC42NRJ1ZD,260.253,1.1077,90.06,1,4,5,2,0,2,0.16666666666666666,19,98,67.1701,108.58646356345852,1.9102319013435465,579.670248604383,-2.7,0,7,1
A034SE7857,450.70700000000033,9.1576,34.14,0,2,14,1,1,2,0.6129032258064516,33,182,140.89599999999993,202.49296296160202,1.7057611810772864,855.4291361443762,-1.96,0,2,0
U4VJ29L7BQ,216.19199999999995,2.5478000000000005,52.58,0,4,1,3,0,3,0.08333333333333333,16,80,58.80800000000002,90.03388771500052,2.596039059902241,720.5360957899311,-2.2299999999999995,0,4,0
U6F3787206,131.17499999999998,0.5901000000000001,63.31999999999999,2,2,5,0,0,0,0.8333333333333334,9,54,35.15819999999999,54.85960814906508,2.8288681349096856,83.12704561867443,-0.5700000000000001,0,3,3
59375N1D0U,400.48800000000017,-2.2651999999999957,172.6,2,8,8,0,0,0,0.8,23,132,81.48380000000004,165.8253697935373,-3.333333249097224e-07,497.2082630179101,0.019740259740259614,0,13,2
R85M2X0D68,610.6709999999999,6.319100000000007,143.34,1,10,10,5,1,6,0.3333333333333333,45,232,164.37019999999956,259.21223667879013,1.222997079290457,1762.6183384983417,-5.260000000000001,1,12,1
6995V82D0B,414.4980000000002,3.124500000000002,82.2,0,6,1,0,6,6,0.7916666666666666,30,162,105.15300000000006,176.23353169424388,1.4890873051174243,907.3722284431035,-1.69,5,6,0
41X3PWK4O2,317.4290000000001,3.2609000000000012,66.4,2,2,6,1,1,2,0.5789473684210527,23,126,89.99850000000006,137.83695958901527,1.8993992396172452,518.6760796740494,-1.8399999999999999,1,4,2
513P80B4YJ,498.5700000000003,2.6076999999999995,106.29,1,8,5,5,1,6,0.2692307692307692,37,188,138.68839999999992,212.74898216964579,1.1651740026261348,1530.1987551926516,-4.38,1,11,2
CUZ39LUY82,495.5420000000002,3.0711000000000013,97.05000000000001,3,6,13,2,1,3,0.48,35,192,127.23540000000003,202.55595273004408,1.53328758348849,1000.4077094250956,-2.979999999999999,0,10,4
883WKN7W8X,402.48700000000025,2.5606000000000013,97.74000000000001,1,6,3,0,4,4,0.7391304347826086,29,158,103.68980000000006,170.60891728013172,1.6645960183635236,827.2246952751074,-1.82,3,6,1
U6Q8Z01514,501.47700000000026,2.7025000000000006,166.97999999999996,1,12,11,2,0,2,0.65,34,190,121.15890000000006,197.35887667861297,1.9374771157954733,1007.7388391510439,-2.6,0,14,2
27X63J94GR,506.47800000000024,3.973700000000003,55.53,0,5,10,3,1,4,0.44,34,184,139.7719999999999,211.84207071034967,3.2399929808407995e-06,1078.4100987944048,-2.479999999999999,1,9,0
9D2RTI9KYH,370.3310000000001,3.1366000000000027,43.97,0,2,1,1,3,4,0.6666666666666666,22,124,95.30480000000006,143.6600494722407,8.816664104084104e-07,535.8184830088887,-0.5800000000000001,2,4,2
H4QBZ2LO84,196.67799999999997,-2.8195999999999968,52.32,1,2,3,0,0,0,0.8571428571428571,12,74,43.0298,79.66676015012067,0.0,144.83202715243527,-0.48000000000000004,0,5,2
FEN504330V,309.406,0.6348,81.95,4,5,5,1,1,2,0.6470588235294118,22,124,85.12110000000003,131.4860438940334,1.9518277980661054,497.9225718548434,-1.1400000000000001,0,5,4
4784C8E03O,359.66499999999996,6.037300000000001,37.91,1,3,3,3,0,3,0.07142857142857142,21,108,89.42070000000001,140.11036630917076,2.0330867386050975,819.3294892950706,-1.0699999999999994,0,7,1
73SM5SF3OR,323.42199999999997,1.2544999999999997,90.98,2,5,6,2,1,3,0.5714285714285714,22,120,86.31520000000005,129.7457015420096,1.6430070806046742,751.433898748421,-1.6700000000000002,1,8,2
AO61G82577,337.935,4.752300000000006,23.47,1,2,5,1,2,3,0.7,23,130,99.06980000000006,147.23609108893982,1.919998326401523e-06,440.2147124660511,-0.5700000000000001,2,3,1
SJT761GEGS,455.5990000000001,0.19810000000000472,189.87999999999997,5,7,8,1,0,1,0.5882352941176471,29,170,113.57670000000007,173.10586638267668,0.0,723.4760748329081,-1.5699999999999998,0,12,7
BH3B64OKL9,94.117,0.6638000000000001,38.91,1,2,0,1,0,1,0.0,7,36,28.6494,41.990941797456195,3.0214653097240864,136.00750422530467,-1.05,0,2,2
78E4J5IB5J,320.04599999999994,5.929000000000001,0.0,0,0,3,2,0,2,0.14285714285714285,18,94,80.24100000000003,126.43144646188087,2.4676187369448983,519.5721302041951,-0.3999999999999995,0,4,0
030PYR8953,260.3809999999999,2.845700000000001,32.34,1,2,7,1,1,2,0.5625,19,104,79.50170000000004,115.54621106378902,1.9977504598943623,436.3751155244273,-1.35,0,3,1
VPO7KJ050N,426.4880000000001,4.826600000000004,64.80000000000001,0,6,8,3,1,4,0.4166666666666667,31,164,115.49250000000005,180.4580091451094,1.2403139967278165,1056.913957279493,-2.9299999999999997,1,7,0
6UKA5VEJ6X,412.94600000000014,3.809000000000002,48.470000000000006,1,5,4,3,2,5,0.3333333333333333,28,144,115.76270000000002,172.6134555566543,1.2037543273576896,1042.061660907766,-2.1499999999999995,1,7,1
B8956S8609,455.9140000000002,1.9676000000000005,115.3,2,5,4,2,3,5,0.5238095238095238,31,170,117.53780000000005,184.24440015043749,1.3612492490441868e-06,1057.3868563810554,-2.3600000000000008,3,10,4
K5BC5011K3,515.9940000000004,4.099600000000003,111.01,1,8,9,2,1,3,0.3076923076923077,36,192,137.37209999999993,215.8785491971777,4.563324435776564e-06,1179.211806270604,-3.69,0,10,1
F089I0511L,365.842,2.0834,92.5,2,4,3,2,1,3,0.1875,24,126,92.37840000000003,144.78772142001785,1.8885490887958856,914.5336968480627,-2.09,0,8,3
V63XWA605I,273.35699999999997,2.0099999999999993,66.15,1,2,5,2,0,2,0.13333333333333333,19,98,76.93080000000003,115.1791274813901,2.3650690421732667,490.8565422827171,-1.7799999999999994,0,4,2
X0A40N8I4S,461.51100000000025,2.41412,144.60000000000002,4,6,11,2,0,2,0.375,33,180,121.06120000000011,192.40851406047508,3.6553844586029537e-07,897.6900527609298,-3.27,0,9,4
86K0J5AK6M,482.1960000000002,2.4667000000000012,90.82000000000001,4,5,7,2,0,2,0.1875,26,140,95.2685,159.6240078136065,2.268140013120252,807.3045902838311,-1.8900000000000001,0,10,4
M801H13NRU,244.207,-3.167999999999999,143.72000000000003,4,8,2,1,1,2,0.625,17,94,53.713800000000006,95.11685725053707,2.3196952658217853,463.4739146948155,-1.55,1,9,5
V47G1SDI1B,295.59700000000004,3.184200000000002,33.620000000000005,1,3,3,1,1,2,0.36363636363636365,17,94,74.10470000000002,116.56863814323859,1.4449993290669882e-06,402.927612286604,-0.6399999999999997,0,6,1
N295J34A25,366.5010000000002,4.305900000000004,43.370000000000005,0,3,0,0,7,7,0.8333333333333334,27,144,99.49300000000007,160.83908798165706,1.3334926927509607,827.4829214489885,-1.12,6,3,0
4QW3X4AMLB,461.4710000000002,2.3574,138.59,3,6,7,3,0,3,0.09523809523809523,32,168,113.82210000000008,183.07793741133463,3.8958329773229537e-07,1207.341809063386,-3.8299999999999996,0,11,3
7LJ087RS6F,234.20199999999997,2.7771,48.14,1,4,1,2,0,2,0.125,15,80,50.7154,86.28806315228509,2.380107930050765,494.0827057106637,-1.5,0,7,2
C5W04GO61S,163.198,-0.49449999999999994,66.4,3,3,3,0,0,0,0.6,10,58,39.0935,64.02122628470927,3.4997934287483505,145.82848957478487,-0.7100000000000001,0,5,2
KCU0C7RS7Z,883.019,7.731500000000009,193.09999999999997,4,10,11,6,3,9,0.3877551020408163,65,338,242.55979999999943,375.91946780144065,0.9743455219215287,2768.7710448524786,-6.9399999999999995,2,16,4
7CRV8RR151,603.5230000000004,3.9479000000000024,104.28999999999999,2,5,4,3,3,6,0.3448275862068966,43,224,138.34789999999992,240.04897827519437,1.280722191949971,1680.7267757863056,-4.49,1,14,2
R3O80H60KX,834.6969999999999,-29.604099999999995,381.4,0,14,10,0,0,0,0.5,35,174,70.56739999999999,429.385789410199,-2.909090866363637e-08,536.254577495401,5.684935064935064,0,23,6
ADN3S497AZ,219.28099999999998,-1.4542999999999995,84.16000000000001,4,5,4,0,1,1,1.0,15,90,55.37520000000005,89.95466758285723,2.600455952398113,190.26120178074865,-0.2,1,5,4
U26EO4675Q,386.3170000000001,-2.277799999999997,193.94999999999996,4,7,5,2,0,2,0.42857142857142855,27,148,88.28720000000004,149.88594216697356,2.7148351096101443e-07,997.9900692089559,-3.480000000000001,0,13,4
1Y740ILL1Z,392.4990000000002,5.081000000000004,82.19,3,3,2,3,0,3,0.3333333333333333,29,152,118.02870000000007,170.34142900370378,2.08153423104292,1145.47023268693,-3.0799999999999996,0,5,3
1C058IKG3B,270.21,2.999480000000001,73.12,2,3,2,1,0,1,0.16666666666666666,19,100,61.01550000000001,106.32625669978762,2.887543159977445,549.8226071867164,-2.4899999999999993,0,7,2
COM1POP492,617.776,4.5507000000000035,131.34,2,9,5,3,5,8,0.5625,44,232,164.4396999999996,257.39226661575344,1.074978478261317,1726.220092264787,-3.6700000000000004,4,12,2
9XW757O13D,510.3670000000001,5.670700000000003,88.05000000000001,3,4,5,4,0,4,0.125,33,168,133.40109999999996,197.34200572891422,1.7682829869900272,1405.886781018188,-3.719999999999999,0,9,3
K5BN214699,329.23,2.7346000000000013,94.35,0,5,3,1,1,2,0.35714285714285715,23,122,69.7839,126.97925711255039,2.4975066250656877,694.8545566350957,-2.579999999999999,1,9,0
3X29ZEJ4R2,472.5530000000002,1.1474199999999997,116.85999999999999,1,7,4,4,1,5,0.4,35,180,135.48339999999993,201.5846093529572,1.6887731387089382,1618.5069405202873,-3.9699999999999993,1,10,2
804826J2HU,419.45600000000024,-2.4503999999999975,227.46,4,6,4,1,2,3,0.4375,28,158,101.53510000000003,164.35715262236042,2.429999109975335e-06,741.9098381858506,-2.38,2,12,11
S65743JHBS,446.91,4.275600000000003,68.74000000000001,1,7,8,3,1,4,0.36363636363636365,31,164,118.15370000000003,184.6422967529728,1.5078739571774322,1046.6849035998566,-2.6799999999999993,1,9,1
28K6I5M16G,414.54900000000015,6.149000000000007,55.120000000000005,1,2,5,3,1,4,0.3333333333333333,31,160,125.38630000000006,183.79245202787146,1.781326859336297,1120.7980586766903,-3.1399999999999992,0,4,1
9U35A31JAI,386.49900000000014,3.168820000000002,39.150000000000006,0,4,4,2,3,5,0.3333333333333333,29,148,114.09900000000005,171.49705180206237,1.4200252982452852,994.95006918238,-2.9199999999999995,0,5,0
8W5C518302,248.307,1.6838,86.18,2,4,2,2,0,2,0.0,17,88,67.16060000000002,99.79367710137302,2.4961289671937283,565.0601341830188,-2.01,0,5,4
5GRO578KLP,244.265,3.6808000000000023,37.3,1,1,3,2,0,2,0.13333333333333333,18,92,67.88680000000002,104.70461492391685,2.4013638717125736,563.9612141459354,-2.1599999999999997,0,3,1
6GOW6DWN2A,286.718,2.447900000000001,61.69,2,3,1,2,1,3,0.06666666666666667,20,100,78.16950000000003,120.2816992638112,2.2315864554820153,698.2746308195048,-2.1699999999999995,0,5,2
A61RXM4375,348.4860000000002,6.103720000000006,37.3,1,1,3,2,1,3,0.375,26,136,108.00230000000006,156.1281243648466,2.0860908096690327,883.1718169872788,-2.3499999999999996,0,2,1
21G72T1950,448.9500000000002,5.683140000000005,69.64,2,3,3,3,1,4,0.23076923076923078,32,164,127.63350000000003,192.1895373262453,1.5950983887942936,1191.4395548481807,-3.149999999999999,0,6,2
N7Z035406B,369.46900000000005,3.4647000000000014,81.92999999999999,1,5,7,2,2,4,0.6,27,144,101.76470000000005,159.02944857448045,1.2218802755815945,782.4293018024434,-2.4400000000000004,1,7,1
FVF865388R,310.828,4.018900000000003,24.92,1,2,0,2,2,4,0.3157894736842105,22,112,91.22270000000003,135.7795452929274,1.9778513675729847,740.850445001187,-1.6399999999999997,1,3,1
RR6P8L282I,516.6040000000003,6.7727000000000075,62.13000000000001,1,4,9,2,2,4,0.5172413793103449,37,200,136.49279999999993,215.85595290931175,1.4020576153144753,1133.702168486051,-2.8699999999999988,2,8,1
1NF15YR6UY,534.4320000000002,4.952100000000004,83.24000000000001,2,5,6,3,1,4,0.391304347826087,37,200,114.44540000000003,204.7483434087218,1.6632945216777593,1238.5746842143203,-3.2300000000000004,1,14,2
505CXM6OHG,571.5580000000004,3.391200000000002,99.54,0,9,4,3,3,6,0.2962962962962963,40,208,137.75149999999988,230.48987009256348,1.5759340768138355,1565.562155087397,-4.1,1,13,0
YL5FZ2Y5U1,454.44700000000023,0.2684000000000003,210.53999999999996,5,10,9,3,0,3,0.25,33,172,118.26160000000006,187.03080174861526,1.674622124193935,1201.0294275064248,-4.55,0,13,7
306ERL82IR,279.321,2.629200000000001,70.19,0,5,5,2,0,2,0.25,19,100,72.41740000000001,114.11173453467886,2.0348825351730544,580.4055860978926,-2.02,0,7,0
ID912S5VON,570.6490000000003,5.906800000000006,77.73,1,4,3,6,3,9,0.2571428571428571,43,214,165.12369999999964,246.91011957840874,1.42520113813761,2180.8233225458644,-4.659999999999999,1,8,1
99DK7FVK1H,266.30400000000003,2.6512200000000004,58.120000000000005,1,4,1,2,2,4,0.26666666666666666,20,100,76.32520000000002,116.21205950623377,2.0018389097081015,708.7697433173414,-2.43,1,5,1
LW2E03M5PG,776.0420000000001,6.000700000000006,138.02,3,10,19,4,1,5,0.475,54,290,212.54509999999934,326.22651425397703,1.2772059869826065,1701.679280015422,-4.369999999999999,1,14,3
LR57574HN8,499.43000000000023,-4.876899999999996,177.25,0,9,7,3,0,3,0.05555555555555555,32,160,102.33020000000002,229.34010453201748,3.2033319812172637e-06,1111.9624521117732,-1.0299999999999998,0,14,2
7AJO3BO7QN,382.8910000000001,4.887800000000005,42.43,0,3,1,2,2,4,0.36363636363636365,27,140,106.94800000000005,164.35941045226318,1.7553254108779224,896.9358326942499,-2.329999999999999,1,5,0
Z9K9Y9WMVL,588.2820000000002,3.572700000000002,128.22000000000003,2,8,11,3,0,3,0.2631578947368421,32,170,126.72620000000003,202.20695746795025,1.8069041471940068,1131.559789599366,-2.35,0,13,2
QIC03ANI02,321.33700000000016,0.5409999999999998,122.22,1,8,7,2,0,2,0.5,23,124,81.10840000000002,132.36564788736482,2.010437250578153,681.5324964048717,-2.71,0,9,2
033KF7V46H,247.27599999999998,0.5344199999999997,95.1,0,5,5,1,0,1,0.625,16,90,57.94620000000002,93.17326768432252,2.891985103589127,491.3817428453395,-1.44,0,8,0
5Y2EI94NBC,337.80299999999994,1.1669999999999996,70.0,2,5,0,1,4,5,0.5882352941176471,23,124,85.37860000000003,140.19890352043822,1.3519991697338554e-06,722.79007272141,-1.2999999999999998,2,6,2
WYQ7N0BPYC,163.198,-0.4945,66.4,3,3,3,0,0,0,0.6,10,58,39.093500000000006,64.02122628470927,3.833483296499401,147.8284895747849,-0.71,0,5,2
R16CO5Y76E,180.15899999999996,1.3101,63.60000000000001,1,3,2,1,0,1,0.1111111111111111,13,68,44.71030000000002,74.75705264447721,3.0435273546341013,343.2228677267164,-1.8399999999999999,0,4,1
H821664NPK,349.39300000000003,4.4381800000000045,58.68,0,3,3,4,0,4,0.0,27,128,105.42100000000002,156.17099708208647,2.0435252738321026,1189.7238663430683,-3.969999999999999,0,4,0
BF4C9Z1J53,151.253,1.9139000000000002,26.02,1,1,0,0,4,4,1.0,11,62,45.09040000000002,68.34612729382404,1.940003547175709,150.02758609770032,-0.04,4,1,2
XZ629S5L50,575.6870000000002,5.6959200000000045,115.73000000000002,2,6,8,4,1,5,0.2903225806451613,41,214,156.9096999999997,239.06555499453577,1.3506887919896555,1721.201688480479,-4.31,1,10,2
MRU5XH3B48,1313.432,1.8590000000000106,351.48,10,16,11,6,10,16,0.42857142857142855,96,502,343.2556000000008,550.2294453162193,1.44711562729925e-07,3986.2262137786097,-9.119999999999996,6,26,10
AD0O8X2QJR,549.5530000000003,3.5306000000000024,104.28999999999999,2,5,4,3,3,6,0.3448275862068966,40,206,138.4738999999999,227.55237206641564,1.2457746167228845,1512.2493798729142,-4.279999999999999,1,11,2
G83415V073,480.5580000000001,-0.24819999999999753,207.55999999999997,8,8,9,2,0,2,0.4166666666666667,34,190,126.8896000000001,198.64769311266772,4.894999935287918e-07,748.7373643972567,-2.86,0,10,10
M5TSE03W5U,444.5350000000002,2.7660000000000005,96.25,3,5,6,3,2,5,0.34615384615384615,33,170,125.97820000000006,192.04962013652064,1.1661341049798502,1176.1463182627142,-3.29,1,7,3
0WW6D218XJ,244.72199999999998,1.5836,44.120000000000005,0,3,3,1,1,2,0.6363636363636364,16,90,62.390000000000036,101.41204935179681,1.2799994588669007e-06,364.62146523110465,-1.03,1,5,0
3D867NP06J,302.271,1.6010999999999997,82.44,2,4,3,1,1,2,0.7,17,102,78.7429,118.51687083223597,0.0,322.49969665988806,-0.07000000000000015,0,7,5
4WCI67NK8M,407.04800000000006,6.307400000000006,6.48,0,4,4,2,2,4,0.42857142857142855,26,140,117.92800000000005,171.6802946917587,1.959998042802033e-06,752.5409782103746,-0.8099999999999996,1,5,0
DX1U2629QE,182.222,-0.24759999999999993,74.6,4,4,3,0,0,0,0.5,10,58,40.81960000000001,68.05572240230237,4.069511908932011,139.33658100079685,-0.36,0,6,2
O880NM097T,581.6540000000005,8.048040000000006,61.440000000000005,2,3,6,3,2,5,0.3939393939393939,42,222,154.76989999999972,242.85280478972763,1.4775647898416433,1428.3900873012326,-3.879999999999999,2,9,2
RWM8CCW8GP,1019.2609999999997,-0.8053999999999961,332.2199999999999,13,14,17,4,1,5,0.4489795918367347,71,384,272.0537999999995,419.702261421603,1.5644146079692673,2395.2533183157634,-6.01,1,22,15
Y5L2157C4J,804.0310000000004,4.639000000000005,178.35999999999996,3,12,7,0,4,4,0.7727272727272727,57,322,212.5923999999993,338.6959777107149,1.7776314240439024,1478.2958900460044,-2.7800000000000002,3,13,3
KF7Z0E0Q2B,782.9569999999999,4.0442000000000045,228.77999999999997,4,10,8,4,6,10,0.45,55,300,211.45859999999948,321.85758629515874,2.1134451030407497e-07,1896.8229500132409,-4.0299999999999985,6,15,8
O1ZPV620O4,286.328,-0.37539999999999846,158.14,4,4,5,1,0,1,0.38461538461538464,20,114,75.27320000000003,117.06387560072184,0.0,395.00780584797235,-1.96,0,7,8
5G7AKV2MKP,460.9830000000002,4.267320000000006,82.36000000000001,2,6,8,2,1,3,0.30434782608695654,31,164,126.86560000000003,190.75249364046326,1.876126033021235,1008.8210342061304,-2.3199999999999994,1,8,2
0I55128JYK,180.167,-1.0397000000000005,72.68,1,3,0,2,0,2,0.2857142857142857,13,68,46.575700000000005,72.4540434171574,3.2118538130352214,574.1705593822572,-1.8499999999999999,0,6,1
0K5743G68X,410.42400000000004,3.742040000000002,77.0,1,5,6,3,1,4,0.2727272727272727,30,154,106.01070000000001,171.90929944072272,1.5613198462872016,1090.7505732783936,-3.4199999999999986,1,8,1
Q1UMG3UH45,535.0370000000005,3.0061000000000013,114.40000000000002,2,7,11,2,1,3,0.4444444444444444,37,202,140.25349999999997,223.03902273518975,4.8133232572329655e-06,1079.924363757938,-3.3,0,10,2
UYE4T5I70X,369.3680000000001,3.515220000000002,73.86,1,4,5,3,0,3,0.25,25,132,86.73010000000005,143.98292915165834,1.7731962752944586,849.4325983042299,-2.2599999999999993,0,9,1
R5H8897N95,328.41200000000003,2.1353999999999997,95.58000000000001,4,4,8,2,0,2,0.3157894736842105,24,128,93.81220000000005,141.6828346113938,1.8473022986610148,673.56704729252,-2.3699999999999997,0,5,5
997F43Z9CV,185.69799999999998,2.2588000000000004,12.03,1,1,3,1,0,1,0.4,12,68,55.91570000000004,80.59412701324086,1.2099996991500772e-06,198.253369807243,-0.53,0,2,1
G07GZ97H65,344.845,5.376700000000004,17.82,0,1,4,4,0,4,0.045454545454545456,25,122,101.84300000000003,151.90967396752347,2.153583648156872,908.2706613028778,-2.839999999999999,0,3,0
6KLL51GNBG,551.6190000000004,5.150500000000003,152.07,4,7,12,4,0,4,0.3103448275862069,40,212,149.74469999999988,231.17204108656045,3.7799994928734105e-07,1391.724309674595,-4.510000000000001,0,11,5
N8E7F7Q170,283.799,2.6349000000000014,29.54,0,3,3,1,1,2,0.5333333333333333,19,106,78.73200000000004,120.89804524784067,1.8049990200755546e-06,399.8664181181494,-1.06,1,4,0
G22N65IL3O,472.5890000000002,4.4668000000000045,67.68,1,7,4,2,3,5,0.35714285714285715,35,182,139.20469999999995,206.37184814500282,1.3617267995407019,1132.7723606005943,-3.2599999999999993,1,7,1
75OCL1SPBQ,329.3930000000001,2.6830000000000007,101.92999999999999,2,5,7,0,1,1,0.8125,23,132,82.64650000000005,136.2633042851986,2.4550803339024307,428.2863975759734,-1.79,1,7,2
53AH36668S,450.3450000000002,5.0377000000000045,77.99000000000001,2,5,5,3,1,4,0.3333333333333333,30,158,116.47410000000002,183.69660258359661,1.5835351944627225,1051.8711432560124,-2.35,1,9,3
YF1K15M17Y,194.154,-2.0781,108.17,1,5,1,2,0,2,0.16666666666666666,14,72,44.54089999999999,76.96785318779362,2.906324847582418,567.1956839082804,-2.25,0,8,2
WOH1JD9AR8,434.4710000000002,2.3474000000000004,86.37,1,4,4,3,2,5,0.3333333333333333,32,164,116.77720000000006,183.38543926796584,1.3423975184006576,1259.5791771291442,-3.5500000000000003,2,8,1
7360URE56Q,292.08200000000005,-0.22980000000000117,76.1,4,4,7,0,0,0,1.0,14,94,72.84020000000001,110.95584037125178,-6.749999465625044e-08,61.79319390447952,1.0,0,8,6
721M9407IY,170.237,1.38499,48.65,2,2,2,1,0,1,0.42857142857142855,11,60,46.2424,69.48582777182845,3.088124235677758,310.53407724797967,-0.9000000000000001,0,4,2
1X70OSD4VX,440.5070000000001,4.2173000000000025,99.16,1,6,5,4,1,5,0.2,33,166,126.7354,190.87267990844018,1.5007676073343366,1299.9886996136904,-4.199999999999999,1,8,2
5T619TQR3R,475.5820000000002,3.218820000000002,138.53,5,6,10,2,0,2,0.46153846153846156,34,188,130.0090000000001,200.6575647119137,4.887499601189481e-07,888.6200788136853,-2.9400000000000004,0,8,5
913P6LK81M,425.754,2.65458,105.69999999999999,1,5,4,3,0,3,0.17647058823529413,29,150,94.87570000000004,164.89090244138416,2.1143058157682075,1236.821427505276,-3.5199999999999996,0,12,1
DQH6T6D8OY,412.02000000000004,5.466640000000005,40.540000000000006,1,4,6,2,1,3,0.45,26,142,113.85580000000004,169.32177782842237,2.42999735820296e-06,723.2091534265244,-1.14,1,6,1
S62U433RMH,305.341,2.6407800000000003,74.28999999999999,0,4,3,3,0,3,0.17647058823529413,23,114,86.83900000000004,133.15305327477,2.1492016913455965,922.123581148975,-3.2,0,6,0
O5CB12L4FN,230.67599999999996,1.6818000000000002,58.53,1,3,0,1,1,2,0.125,14,74,54.54250000000002,86.66468298352586,2.7671592529145994,522.1428588468092,-1.07,0,6,1
JQZ1L091Y2,556.7690000000002,7.0490000000000075,88.85,1,6,18,3,0,3,0.5161290322580645,39,214,159.53499999999963,233.51404614189258,1.712970761973185,1290.5105484105761,-2.8399999999999994,0,8,1
19GBJ60SN5,314.469,5.846500000000007,40.46,2,2,6,1,1,2,0.5238095238095238,23,126,97.03660000000005,140.10896512194037,2.337597235393336,574.8542872870768,-1.6999999999999997,0,2,2
0T4IMT8S5Z,354.79700000000014,2.9249800000000006,90.68,2,4,3,3,0,3,0.16666666666666666,25,126,98.01440000000004,147.847950055417,2.0060589177430006,1124.5949507165217,-3.04,0,7,2
WJ6CA3ZU8B,529.4580000000002,1.6564999999999994,158.17999999999995,3,9,10,2,1,3,0.5,36,198,125.20670000000003,205.4787673422743,1.7970343308995693,1216.9897787993725,-2.8299999999999996,1,14,3
44665V00O8,299.84499999999997,4.7237000000000045,12.03,1,1,4,2,1,3,0.2631578947368421,21,110,94.06370000000004,133.05061337678126,1.6133323339228726e-06,568.968347986946,-1.5699999999999994,0,2,1
QX45B99R3J,273.33600000000007,2.2906,66.89,2,3,4,2,0,2,0.3333333333333333,20,106,80.18740000000003,116.83538172972797,2.2760057623374745,655.0050808108507,-2.3,0,5,2
Y6BX7BL23K,487.5070000000002,3.657000000000002,83.16,1,6,6,3,2,5,0.4166666666666667,35,186,126.25070000000007,200.7144008155883,1.568852179435385,1246.5183441416232,-3.4399999999999995,1,11,1
2XOI31YC4N,359.26,2.667700000000001,88.65,0,6,5,2,1,3,0.35714285714285715,25,134,76.07840000000002,138.43637425237003,1.5436397745822197,760.0630907449166,-2.82,0,11,0
ZN90E4027M,506.29700000000014,3.9792000000000005,135.77999999999997,3,8,5,3,0,3,0.17647058823529413,32,168,111.6518,191.75505522466392,1.7039051113039534,1189.192032848798,-3.03,0,15,4
5Y9L3636O3,414.777,4.8697000000000035,45.150000000000006,2,3,2,2,1,3,0.47058823529411764,27,150,89.59650000000002,156.7368229997332,2.61333092595789e-06,802.3358158893558,-1.5799999999999998,1,10,2
SHS4PU80D9,245.32199999999995,2.2512,38.33,1,2,4,1,2,3,0.5333333333333333,18,96,69.78970000000004,107.52914935516667,1.644245333470559,469.56144772457833,-1.51,1,3,1
4B9XT59T7S,267.245,-0.19628000000000012,133.07999999999998,2,5,3,1,1,2,0.6,19,102,64.60650000000003,106.62903730140096,2.3418569370217903,629.5425620141572,-2.09,1,9,2
19259EGQ3D,459.9700000000003,4.816200000000003,87.07000000000001,2,4,8,2,1,3,0.36,32,172,124.98060000000012,193.6312986116041,3.895832890125057e-07,884.3081016206036,-2.6699999999999995,1,7,2
Y7JEW0XG7I,346.206,-5.751799999999998,145.44,2,8,4,2,0,2,0.0,24,112,69.0506,179.9919378531388,2.6449989721879106e-06,729.3292887206641,-1.4200000000000004,0,10,2
X05U0N2RCO,398.8540000000001,2.670080000000001,119.62000000000002,3,5,6,3,0,3,0.2631578947368421,28,144,103.53770000000002,166.30614570392586,1.631670835067454,1033.2210230857258,-3.15,0,9,3
82S8X8XX8H,306.37300000000005,3.466380000000002,83.17999999999999,1,4,4,3,1,4,0.4117647058823529,23,116,86.33470000000004,133.7321371402767,1.701320839413269,849.2211356700518,-2.68,1,6,1
OBN7UDS42Y,365.4110000000001,-0.3797999999999997,144.23000000000002,3,5,4,1,2,3,0.3125,25,134,92.34270000000002,147.91180898115138,2.253331048585718e-06,736.5455521403326,-2.36,1,9,6
J8BDZ68989,413.49600000000015,1.2569999999999997,139.8,4,5,9,2,0,2,0.4444444444444444,28,156,106.74580000000009,163.95946382044778,4.1649996877854435e-07,891.1817381853239,-2.43,0,10,4
4BA73M5E37,385.8230000000001,1.1804,106.07000000000001,2,4,3,2,2,4,0.4117647058823529,26,142,99.34080000000004,154.67691761687342,1.214999521575199e-06,891.687477053396,-2.16,2,9,4
6X97D2XT0O,343.89500000000004,2.8152000000000017,50.72,2,4,11,1,1,2,0.6666666666666666,23,132,95.57750000000004,145.52915698609428,2.6449969249037883e-06,420.7798038805983,-0.81,1,5,2
43DWT87QT7,275.8229999999999,4.171400000000005,3.24,0,1,5,2,0,2,0.29411764705882354,19,102,84.76500000000006,122.22613482029685,1.804998832450775e-06,409.70298541573914,-1.3099999999999996,0,2,0
03J5ZE7KA5,694.844,2.3843000000000023,205.64,4,10,8,2,4,6,0.5882352941176471,48,268,177.7027999999995,282.2764581058369,2.2459086336562398e-07,1270.813783438683,-2.9499999999999997,4,14,6
J2KLZ20U1M,748.9960000000004,1.9007000000000067,180.07999999999998,5,14,7,0,3,3,0.9736842105263158,52,306,194.17899999999935,311.5582453783882,2.174897674367485,1143.2996076325867,-1.0100000000000005,3,14,5
19XTS3T51U,1025.8860000000002,-0.6776999999999958,414.9700000000001,13,19,4,2,6,8,0.43478260869565216,70,384,250.4193999999997,411.8068850145561,3.3695207102815416e-07,2486.9392341347825,-5.920000000000001,0,24,17
3I3T11UD2S,365.83200000000005,3.7483000000000026,39.72,1,4,4,2,2,4,0.3684210526315789,25,134,95.42570000000005,152.24055634688315,1.8224981079770186e-06,710.3154348404983,-1.979999999999999,1,6,1
90Y4QC304K,254.285,3.1057000000000006,54.370000000000005,1,2,4,2,0,2,0.125,19,96,72.36730000000003,111.065543735431,2.3400417314396122,602.4009276194483,-2.42,0,3,1
4HZT2V9KX0,510.3310000000002,-1.9532799999999997,147.07,1,7,4,2,2,4,0.3684210526315789,32,166,112.66300000000001,219.30388114965493,1.8149987496675513e-06,1074.7604786044726,-1.2699999999999996,2,13,3
MHJ80W9LRB,293.32199999999995,4.025800000000003,63.33,1,3,5,3,0,3,0.1111111111111111,22,110,83.33180000000004,127.610150972078,2.0431259124342342,706.541070336389,-2.88,0,4,1
63937KV33D,733.9370000000004,1.7856000000000058,193.91,5,14,7,0,3,3,0.9459459459459459,51,298,186.25799999999947,303.594991693832,2.1830663351681414,1167.2981664566057,-1.3000000000000005,3,14,5
X1IEG24OHL,340.2939999999999,4.616700000000005,12.47,0,2,8,2,0,2,0.3333333333333333,22,120,96.21900000000005,144.00788839108202,2.4199978847019037e-06,507.01030997969576,-1.2199999999999998,0,4,0
P41PML4GHR,331.4670000000001,1.3224999999999998,83.33,2,8,10,1,0,1,0.5833333333333334,21,118,87.80680000000004,132.52193415352465,2.218277243493725,475.9677720170103,-1.32,0,9,2
57WVB6I2W0,291.82199999999995,4.146420000000004,21.259999999999998,1,2,6,2,0,2,0.29411764705882354,20,108,86.78170000000004,127.1297085632084,1.9999987283341697e-06,501.3530075892534,-1.5099999999999993,0,3,1
PML56A160O,282.55799999999994,1.9673699999999994,78.97,3,2,2,1,0,1,0.1111111111111111,16,88,67.47080000000001,109.02248114892886,2.2499990680003994e-06,388.7357257388614,-0.9699999999999998,0,7,4
V1L22WVE2S,236.29599999999996,2.7321999999999997,66.56,2,3,2,2,0,2,0.18181818181818182,16,84,63.448900000000016,96.85777598376734,2.362960926704292,490.4338490921654,-1.5899999999999999,0,5,3
9I7LNY769Q,218.25299999999996,0.9834000000000003,104.64,2,4,6,0,0,0,0.7777777777777778,15,88,54.08580000000003,88.88870399612915,4.16560476512675,212.1522339557625,-1.46,0,6,4
I9W7N6B1KJ,345.792,4.856800000000004,21.259999999999998,1,2,6,2,0,2,0.29411764705882354,23,126,87.04670000000003,139.62631477198707,2.6449977333520136e-06,572.64239292781,-1.7199999999999993,0,6,1
742SXX0ICT,389.41100000000023,2.2112999999999996,74.87,1,4,1,3,3,6,0.2727272727272727,29,146,104.68170000000005,166.35116773240372,1.5913979833793044,1184.014141782871,-3.4799999999999995,1,7,1
2S3PL1B6UJ,883.106,5.423800000000005,171.2,4,14,12,4,4,8,0.34782608695652173,62,328,242.65519999999935,370.7334162863212,1.764890341394691e-07,2021.4567977462034,-5.039999999999999,2,16,4
644VL95AO6,310.40999999999997,-0.9780999999999953,80.25999999999999,0,4,10,0,0,0,0.875,21,120,77.73800000000006,153.02892359399496,-1.3499999736875004e-07,224.53036095335736,-0.06000000000000005,0,5,0
UTI8907Y6X,342.69699999999995,5.601400000000004,12.03,1,1,2,2,1,3,0.29411764705882354,21,112,93.02970000000003,141.61686463393562,1.6133323516450603e-06,627.1823274367913,-0.73,0,4,1
BBX060AN9V,34.014,0.01739999999999997,40.46,2,2,0,0,0,0,0.0,2,14,5.2576,11.892071733563276,1.0,0.0,-0.08,0,2,2
3H04W2810V,678.4910000000001,2.1418999999999997,114.43,0,10,10,0,1,1,0.8,32,190,117.86400000000009,201.5249142058587,3.3305380621666227,2409.59377265203,-0.6397402597402597,1,12,0
WR978S7QHH,391.4750000000001,3.2966000000000015,87.04,2,4,6,4,0,4,0.22727272727272727,29,150,113.08200000000005,169.1743712846339,2.2431942986905772e-07,1039.7127930990332,-3.4499999999999997,0,7,2
7D7RX5A8MO,313.86899999999997,3.4574000000000034,32.7,1,3,5,1,1,2,0.6470588235294118,21,120,89.57180000000005,134.26064112878612,2.2049984995510646e-06,413.3032139965103,-0.77,1,4,1
1014KSJ86F,862.0640000000001,2.6798000000000077,226.27999999999997,4,17,12,0,3,3,0.9069767441860465,60,348,215.99819999999912,355.5405452871168,2.215056633356374,1441.075609994207,-2.3200000000000007,3,17,4
318F6L70J8,348.878,2.740200000000002,50.160000000000004,1,3,2,2,2,4,0.5555555555555556,24,130,97.64020000000005,148.3473132659019,1.6899984720139194e-06,729.6940296781169,-1.5899999999999999,2,6,1
2S068B75ZU,538.1280000000002,5.9323000000000095,81.0,3,4,10,3,1,4,0.40625,38,204,153.59239999999983,232.10610025903281,3.999989982775754e-06,1103.596670541523,-2.6999999999999993,1,6,3
9J765S329G,888.9289999999999,-3.8968999999999983,253.11,2,5,5,2,0,2,0.13333333333333333,30,168,140.24620000000013,248.65126844866458,-3.472221678549472e-07,767.6671915333097,1.1899999999999997,0,15,13
3U9A0FE9N5,315.844,4.384200000000005,12.47,0,2,3,2,1,3,0.2631578947368421,22,116,94.71400000000004,138.37413009288346,1.763332159631371e-06,614.4896887450093,-1.7699999999999996,0,3,0
81G40H8B0T,286.45900000000006,5.510300000000006,20.23,1,1,5,0,1,1,0.5,21,116,93.21180000000004,130.0135386391106,2.7758531600280003,495.9314560383046,-1.3399999999999999,0,1,1
9C05J6089W,427.9280000000003,4.832920000000006,59.75000000000001,0,5,5,3,1,4,0.3333333333333333,30,158,120.47850000000004,181.60314290969274,2.559996590404845e-06,1071.7512576103231,-2.63,1,6,0
4956DJR58O,203.75700000000003,2.842400000000001,12.03,1,1,1,0,2,2,1.0,13,78,59.32470000000005,88.07996530089464,8.449997916750528e-07,202.26695975086497,0.24999999999999997,2,2,1
83MVU38M7Q,1001.1539999999999,1.7532000000000025,287.49999999999994,4,16,20,4,0,4,0.4090909090909091,67,360,245.85479999999941,418.44301813573156,4.5333331264313845e-07,2425.890445177916,-4.520259740259741,0,23,4
F94OW58Y8V,748.9960000000002,1.9007000000000054,180.07999999999998,5,14,7,0,3,3,0.9736842105263158,52,306,194.1789999999994,311.5582453783882,2.174897674367485,1143.2996076325867,-1.0100000000000005,3,14,5
864V2Q084H,567.0600000000003,3.199600000000001,154.25,3,9,9,2,1,3,0.3076923076923077,38,206,141.83369999999988,226.70381586889627,4.2342852967976155e-07,1293.3362339674745,-3.2199999999999993,0,12,4
R63VQ857OT,313.7880000000001,3.4292000000000007,36.86,1,4,0,2,2,4,0.23529411764705882,22,112,88.60770000000005,133.92337538654567,1.8840897775171104,738.4339512236613,-2.039999999999999,1,5,1
6GNT3Y5LMF,740.761,2.263300000000001,181.51999999999998,2,10,4,4,4,8,0.4444444444444444,53,284,193.69639999999956,301.57533520132756,1.7798941218221982e-07,2086.4538903340513,-5.260000000000001,2,17,4
D28J6W18HY,379.4130000000002,0.4546000000000006,177.01,5,4,5,2,1,3,0.3888888888888889,27,148,99.80870000000006,155.415189329771,3.497368254661288e-07,815.8564468849667,-2.9100000000000006,0,9,8
7C546U4DEN,250.19999999999996,3.035600000000001,57.53,2,2,2,2,0,2,0.0,18,92,60.41810000000001,100.93449985024588,2.5756673637094636,623.6285760476572,-2.43,0,5,2
1HM943223R,343.2170000000001,4.233520000000002,43.07,0,3,1,3,1,4,0.11764705882352941,23,114,91.90100000000002,142.96332309881646,2.0274961737508215,943.5164678122118,-2.169999999999999,0,6,0
56W8MW3EN1,504.1110000000003,4.8356000000000074,62.16000000000001,2,5,4,1,7,8,0.7931034482758621,35,194,137.44760000000005,215.5185697156022,2.2857110655285424e-06,1063.4968738706098,-1.01,5,6,2
TFT5IM1KGB,542.6780000000003,0.6021700000000068,221.16000000000003,7,8,13,0,2,2,0.8,38,218,141.3215000000001,224.06482218460255,5.078845715887843e-07,811.071397001457,-2.93,2,13,9
146T0TU1JB,388.4860000000001,-3.633599999999996,98.77,1,6,5,1,2,3,0.4375,25,128,84.96670000000005,191.81687781277802,2.2533308538028205e-06,684.3624648430614,-0.5836363636363631,2,9,1
216X081ORU,467.42200000000014,3.4061000000000026,79.97,1,5,4,3,2,5,0.3333333333333333,30,160,126.62450000000001,190.2473022376181,1.2799990709006908e-06,1050.6624409584088,-1.8999999999999995,1,9,3
25BB7EKE2E,233.391,-1.7187999999999999,80.26,0,4,0,0,0,0,0.0,6,32,16.2286,75.5823231100505,0.0,90.7164928725825,1.441428571428571,0,6,0
X3P646A2J0,758.8400000000003,-2.3800999999999934,337.96000000000004,6,10,0,2,8,10,0.5294117647058824,52,292,187.39959999999977,300.06236444531356,2.292312931191251e-07,1700.3698286019412,-3.3699999999999997,2,18,16
BO9LE4QFZF,224.21599999999998,-0.7090799999999999,84.32,2,4,2,1,1,2,0.4,16,86,56.19550000000001,90.8057122504419,2.3618874941980867,528.3559464826387,-1.66,0,6,2
3G6A5W338E,194.194,-1.0293,61.82,0,3,0,2,0,2,0.375,14,74,51.19600000000001,79.02895701814933,3.221281081084588,616.5285919942219,-1.85,0,6,0
OFG5EXG60L,305.09499999999997,-4.002399999999999,151.01,4,5,4,1,0,1,0.2857142857142857,18,96,54.76020000000002,124.6913845456244,2.889998657000642e-06,461.8271756718878,0.4099999999999999,0,11,4
38M219L1OJ,565.7320000000002,5.537300000000007,115.41,1,5,9,4,0,4,0.28125,40,214,159.74339999999972,237.02679879906452,3.1573502721619775e-07,1458.7931355524229,-3.5599999999999987,0,8,3
3X9MR4N98U,809.1300000000002,-0.24290000000000017,208.67999999999998,9,9,9,1,0,1,0.5,33,188,145.1994,230.50160937304784,6.843076671502969e-07,814.179851393138,-0.4200000000000001,0,15,9
56LH93261Y,476.47900000000027,-1.5895000000000004,302.06,8,8,6,2,0,2,0.3,33,188,118.24900000000004,188.62435378679527,-4.999999889675928e-07,854.7221805689899,-3.62,0,13,16
EC2CNF7XFP,270.804,3.005540000000002,32.34,1,2,5,1,0,1,0.5,18,102,79.58170000000004,115.97525124107445,2.889998391942593e-06,369.13042328361445,-1.06,0,4,1
G59M7S0WS3,227.08499999999995,-1.0200999999999996,157.11,0,9,8,0,0,0,1.0,15,86,37.76020000000002,80.63081361107673,3.9922055468289943,234.98712426015686,-2.4,0,12,0
054I36CPMN,798.8539999999999,0.22660000000000158,95.61,2,5,5,2,0,2,0.13333333333333333,25,128,122.17720000000001,221.24750130659268,3.1249970641695375e-06,757.0862034224031,1.39,0,10,3
BK76465IHM,350.872,1.8808000000000002,83.58,2,7,10,1,0,1,0.5384615384615384,22,126,91.64880000000004,140.60934541879294,4.409995493404742e-06,479.6051883937699,-1.3799999999999997,0,9,2
2494G1JF75,628.8140000000001,4.328140000000003,120.0,4,5,15,3,1,4,0.43243243243243246,46,246,179.53589999999951,272.2754260544931,1.5215253926910401,1411.9399871126961,-4.369999999999999,1,9,4
5E8K9I0O4U,331.34700000000004,1.5833,74.57000000000001,2,4,3,2,2,4,0.4117647058823529,24,126,88.47900000000006,137.04307093590964,1.9485981247024458,882.760256896872,-2.41,2,7,2
3ASP8Q3768,272.3879999999999,3.6092000000000026,40.46,2,2,0,1,3,4,0.6666666666666666,20,108,78.73060000000005,120.38168253606061,1.7111998765070118,538.2198018097884,-1.02,2,2,2
W1792A2RVD,354.278,1.5994999999999995,99.09,2,4,7,1,0,1,0.5,22,128,93.39940000000003,142.21270682289006,0.0,468.89143856488374,-1.21,0,8,5
5SFF1W6677,347.3960000000001,0.4448999999999995,112.73,3,5,4,1,2,3,0.3125,24,126,88.72890000000002,142.431055552737,1.7144846348891027,734.097887887709,-2.32,1,8,4
9VU1KI44GP,384.6480000000002,7.6190000000000095,20.23,1,1,6,0,3,3,0.7777777777777778,28,158,121.1888000000001,173.93567719719692,1.695898531407001,609.7518254928541,-0.8200000000000001,3,1,1
B53E3NMY5C,290.179,2.1376000000000004,62.2,2,6,1,2,1,3,0.2222222222222222,17,90,73.6004,113.01530838359544,1.079999559600187e-06,567.5115970207116,-1.1099999999999999,0,8,2
L960UP2KRW,321.80400000000003,2.0521000000000003,49.77,1,4,0,1,4,5,0.5882352941176471,22,118,83.91880000000003,135.40466976824217,1.2499992729587665e-06,676.1130509354081,-1.26,2,5,1
M20215MUFR,763.2869999999996,7.447300000000012,151.0,5,8,12,6,1,7,0.22727272727272727,55,284,213.60499999999954,323.57601193178147,1.8825311848014633e-07,2156.1332726262763,-5.489999999999998,1,11,5
T20OQ1YN1W,461.45200000000017,0.8112999999999992,102.26,4,7,7,0,2,2,0.9444444444444444,28,166,114.12310000000005,182.47853861025982,3.9199949400567694e-06,502.59641622159506,0.19999999999999993,2,10,4
81G6I5V05I,295.298,2.972200000000001,84.07999999999998,2,4,3,3,0,3,0.0625,22,110,81.99590000000002,125.68024821564931,1.92608740987131,840.2231332611786,-3.149999999999999,0,6,2
6871619Q5X,864.7610000000001,-3.4392999999999954,275.76,0,12,14,6,0,6,0.25,57,300,189.1381999999997,371.989550186255,1.0116128674386417e-06,1980.162682897962,-3.3,0,25,6
T58MSI464G,645.6080000000003,-8.721900000000003,329.01000000000005,14,19,13,0,3,3,0.88,44,256,138.9261,250.28136926080353,1.7104000515539242,942.7743220461939,-1.31,2,19,14
4GDQ854U53,447.89000000000016,4.281000000000003,88.76,2,4,7,3,0,3,0.30434782608695654,31,164,116.89610000000006,183.01317680380527,2.322130446945391,1204.771594089371,-2.8999999999999995,0,8,2
L64SXO195N,490.4410000000001,-1.474999999999998,90.56,1,6,4,2,3,5,0.5263157894736842,28,154,102.71000000000005,181.91220067307307,1.124999379187851e-06,771.2622676710772,-0.8099999999999998,3,9,3
29O079NTYT,501.31900000000013,0.6867000000000003,181.62,6,9,2,1,3,4,0.38095238095238093,33,178,117.1879,198.52065421824847,3.0624961888694586e-06,1161.163922976965,-2.63,0,12,7
6P1Y2SNF5V,480.4270000000002,5.7892000000000055,9.72,0,4,4,2,2,4,0.42857142857142855,30,166,122.06500000000005,191.96671779792499,1.601665629372927e-06,842.4865672868102,-1.1199999999999999,1,9,0
F4216019LN,265.338,3.2433000000000005,67.01,2,4,4,2,0,2,0.3333333333333333,18,96,73.13640000000002,109.31462616369994,2.193990274175509,553.2461408183979,-1.69,0,6,2
I1E9D14F36,405.3110000000001,4.390880000000005,36.26,0,3,5,2,1,3,0.35,25,132,101.23600000000005,158.34639918375734,2.2533313596462586e-06,770.2558879609472,-1.7399999999999993,0,5,0
YF7V70N02B,475.62900000000025,5.543000000000006,63.68,0,5,4,1,4,5,0.5666666666666667,35,186,136.20999999999995,208.14542838637175,1.6830452018129882,1143.3926310206266,-2.69,2,5,0
TC2D6JAD40,291.822,3.776000000000004,12.47,0,2,6,2,0,2,0.29411764705882354,20,108,86.48100000000005,127.33968004980373,1.9999987060008734e-06,433.36338173302374,-1.3499999999999996,0,3,0
62F4443RWP,446.4630000000003,-1.6975999999999993,225.92,4,8,6,1,2,3,0.26666666666666666,29,158,104.72530000000003,171.2486107097725,2.102498719046638e-06,896.6325220872775,-2.9400000000000004,1,14,9
6YKS4Y3WQ7,299.37000000000006,1.9332999999999998,38.77,0,4,1,1,4,5,0.6111111111111112,22,116,81.55800000000005,129.93583010740025,1.8132163706052857,685.154996148535,-1.55,2,4,0
42RX8KPW29,659.8060000000005,1.6345000000000036,172.57999999999998,4,8,4,2,5,7,0.65625,46,252,168.69479999999962,268.90785868974103,6.919648357812848e-07,1667.1504291953113,-3.04,4,14,4
APG9819VLM,426.56000000000023,3.9575000000000014,55.56,1,3,7,3,2,5,0.32142857142857145,32,164,126.75040000000006,189.55814206529942,1.3818341956647633,1041.601217115651,-3.1099999999999994,1,4,2
HC3NX54582,219.16000000000003,-1.0733999999999995,76.1,4,4,7,0,0,0,1.0,12,78,58.34420000000002,86.64965386615293,-4.0499993587501057e-07,57.50977500432693,0.41999999999999993,0,6,6
OTT9J7900I,635.5200000000003,2.7474,260.03999999999996,3,16,15,2,0,2,0.5217391304347826,43,240,144.47549999999993,244.90853330664103,1.0104997216893404e-06,1250.4342888519975,-4.32,0,20,4
E70G3G5863,320.65799999999996,3.8772000000000033,29.1,1,2,3,1,0,1,0.46153846153846156,17,96,78.45520000000003,118.51335054325418,2.559998788000591e-06,387.2510066297173,-0.3800000000000001,0,4,1
MNX7R8C5VO,244.24699999999999,-0.8777999999999999,147.31,5,5,4,1,0,1,0.3,17,96,60.45330000000003,97.77603726298531,2.5599988589338563e-06,409.6827726341145,-1.83,0,7,8
JEI07OOS8Y,215.76799999999994,2.9718000000000013,26.02,1,1,1,0,4,4,1.0,14,82,61.502400000000044,93.2291047751667,7.499997757500683e-07,189.07740641962386,0.24999999999999997,4,2,2
6490C9U457,312.4130000000001,2.5349000000000013,40.620000000000005,0,2,1,1,3,4,0.5789473684210527,23,122,87.75500000000005,137.0008686865595,1.5676188764312613,621.550557109791,-1.84,2,4,0
W733B0S9SD,236.278,-1.4237999999999995,107.40999999999998,1,5,1,1,0,1,0.4,14,78,48.702200000000005,83.94182492532303,3.398483669272069,523.4168055653823,-1.06,0,9,2
4W0459ZA4V,389.4330000000001,0.7066999999999998,132.95999999999998,4,6,5,1,2,3,0.2777777777777778,27,142,99.53370000000004,159.265570501542,1.7379852245863512,849.0579977661423,-2.78,1,9,5
593YOG76RN,137.99099999999999,-5.381299999999999,112.09,2,2,0,0,0,0,0.0,7,40,15.6579,62.20077389562239,-7.999999807500005e-08,54.215743371223255,1.0699999999999998,0,7,4
49717AWG6K,244.207,-3.0114999999999985,143.72,4,7,3,1,1,2,0.625,17,94,51.54930000000001,95.43976537340617,2.1949092649276896,421.8029666398912,-1.55,1,9,5
6LL5JFU42F,591.5570000000002,8.523600000000004,97.75,2,6,13,3,0,3,0.3448275862068966,39,208,158.3129999999997,242.32595240102003,1.7671383168376718,1332.1910264531487,-2.9099999999999997,0,10,2
0V5436JAQW,207.22599999999997,-3.2620999999999976,104.39000000000001,5,6,3,0,1,1,1.0,14,84,47.553000000000026,82.01901710626001,2.659759423062189,179.11457394522589,-0.24000000000000002,1,6,5
33067B3N2M,474.9850000000003,2.9889000000000014,95.94000000000001,2,5,9,2,1,3,0.4,33,178,127.14950000000006,200.0820480473827,3.853326643845321e-06,952.8232747388527,-2.8999999999999995,0,8,2
71204KII53,257.805,3.5053000000000036,23.47,1,2,5,1,0,1,0.5714285714285714,17,98,76.10480000000004,111.05810070961864,2.5599987920005907e-06,327.75317784273153,-0.73,0,3,1
GSL05Y1MN6,812.7430000000004,0.32029999999999986,270.87999999999994,8,10,2,2,8,10,0.5555555555555556,55,304,197.06719999999962,317.7464392924317,1.4877921816743754e-07,1797.3695412486352,-2.8600000000000003,2,19,10
756RDM536M,460.80800000000005,4.848500000000006,35.91,0,3,6,2,1,3,0.3333333333333333,29,158,122.99500000000002,188.1186452628186,2.1024988705714695e-06,871.9998653323232,-1.6599999999999993,0,8,0
AN164J8Y0X,290.32300000000004,1.2575999999999998,105.51,2,7,5,2,0,2,0.2857142857142857,21,112,79.76080000000003,122.40797882758649,2.397562137428135,621.1065134129683,-2.7,0,7,4
7J8897W37S,314.469,5.7358000000000064,29.46,1,2,4,1,2,3,0.6190476190476191,23,126,95.26480000000006,140.11204847790626,1.9891758863693303,612.5127389825382,-1.4399999999999997,0,2,1
UHB9Z3841A,766.9620000000002,2.5964000000000036,221.11999999999995,6,9,12,3,2,5,0.5128205128205128,54,294,205.6863999999995,316.96085851068386,1.217705258382583e-06,1861.3594981611714,-4.440000000000001,2,15,7
64ALC7F90C,504.6360000000004,-0.017599999999998173,145.44,4,12,12,2,2,4,0.75,36,200,140.02519999999996,211.76522501669623,1.9379728019114322,879.5223205537839,-2.5400000000000005,2,12,4
D32S14F082,459.9310000000003,-0.17080000000000034,166.04000000000002,1,8,4,2,2,4,0.5263157894736842,31,174,119.29700000000003,186.0313804997915,1.601665962737362e-06,887.7076693502474,-2.600000000000001,2,12,6
TH25PD4CCB,652.8260000000004,3.1622000000000012,176.04,6,10,21,2,0,2,0.5882352941176471,46,262,177.83059999999958,273.58277064346004,7.162280504560984e-07,949.7295929695626,-3.2600000000000002,0,12,6
PYF7O1FV7F,433.45500000000015,0.2974000000000013,85.52000000000001,2,4,8,3,0,3,0.2916666666666667,31,158,113.00560000000006,202.6722702589576,3.4133289139615943e-06,1059.3765866765195,-1.96,0,7,2
021SEF3731,576.7090000000003,1.9592000000000005,220.03999999999996,10,10,8,2,0,2,0.5384615384615384,39,224,147.66759999999996,230.10634975285882,6.319785948922289e-07,1031.1969739659537,-2.33,0,13,10
73312P173G,452.59800000000007,5.483280000000006,53.33,0,4,8,3,1,4,0.3333333333333333,34,174,134.32099999999994,202.34654643207776,1.535542129512101,1059.306981097704,-3.419999999999998,1,4,0
M41W832TA3,463.4410000000001,4.398900000000005,53.17,1,3,6,3,1,4,0.36363636363636365,28,150,120.17550000000004,177.19096220439152,2.2499972267535586e-06,1031.1311888867267,-1.6299999999999994,1,6,1
CD35PMG570,315.369,1.0481999999999998,59.0,1,5,1,1,4,5,0.6111111111111112,23,122,83.01780000000005,134.73006385959627,1.8570488669453702,731.9769249093094,-1.5899999999999999,2,5,1
R6875N380F,520.5790000000003,-0.31989999999999874,184.04,7,10,9,2,3,5,0.5384615384615384,37,204,133.77560000000014,214.43583465633355,2.512499853850245e-07,1067.5191204856721,-2.64,3,11,7
2KNI5N06TI,123.115,-0.42450000000000004,68.87,1,3,1,1,0,1,0.0,9,46,30.549899999999997,51.73705399284307,2.9814546140411315,208.70290908206394,-1.4500000000000002,0,4,2
9IY2357JPE,400.4280000000001,0.6371,147.84,4,7,7,1,0,1,0.5,28,158,100.15720000000007,163.1112535246144,6.209999692166685e-07,646.7406129487495,-2.69,0,10,4
Z49QDT0J8Z,510.48100000000017,-0.16829999999999723,189.06,2,12,9,1,2,3,0.4,35,188,117.15810000000002,202.2473898544506,1.8038593704512904,1083.6634599982663,-4.01,1,15,3
69K7K19H4L,385.8290000000001,-0.20340000000000008,144.23000000000002,3,5,4,1,2,3,0.26666666666666666,25,134,92.52170000000004,151.85013309363646,2.253331048585718e-06,741.942193206205,-2.0699999999999994,1,10,6
02N1TZF99F,315.30100000000004,-3.788479999999997,125.13,0,3,4,2,0,2,0.2,22,114,75.96310000000001,150.2245242369779,0.0,633.8824057055057,-1.44,0,7,4
5M8S2CU0TS,579.1200000000003,0.018119999999999803,207.39999999999998,1,7,8,3,1,4,0.5217391304347826,38,216,147.90690000000004,227.75839355141272,3.422498646841189e-06,1354.275653923136,-2.5900000000000003,1,15,7
81BDR9Y8PS,351.47100000000006,4.431500000000004,39.19,0,4,2,2,1,3,0.3333333333333333,25,128,100.98250000000004,152.7491380437195,1.810321384029481,844.4351506086844,-2.2499999999999996,0,4,0
280111G160,381.41000000000014,-0.6741999999999997,164.46,4,6,4,1,2,3,0.3125,26,140,94.00750000000002,152.70604273334737,2.4299973337530085e-06,778.6946891066953,-2.56,1,10,7
144O8QL0L1,296.153,4.364100000000001,49.33,2,2,4,2,0,2,0.07142857142857142,19,98,77.52650000000003,120.33053204396538,2.3558879442321032,593.8950014443016,-1.7099999999999995,0,5,2
E1QI2CQQ1I,256.174,-0.7511999999999999,149.54999999999998,1,6,3,1,1,2,0.125,18,96,56.81490000000001,99.31159739853923,1.6199991310504794e-06,521.4117912878012,-2.75,1,10,3
YO1UK1S598,371.39300000000014,2.5822000000000003,103.55,1,8,4,2,1,3,0.3684210526315789,27,142,96.32470000000004,155.70861260070822,2.256030791996199,970.6353668663123,-3.16,0,8,1
2UY4M2U3RA,325.1230000000001,-7.375299999999995,258.64,5,5,5,0,0,0,1.0,18,110,55.949000000000034,124.92667756966294,-1.408333210916678e-07,265.60226679448715,1.0999999999999999,0,14,12
012C11ZU6G,327.89899999999994,5.2991000000000055,3.24,0,1,4,2,0,2,0.3333333333333333,23,122,103.90100000000005,146.34998019202266,2.6449975740772934e-06,708.4294811502012,-1.7499999999999991,0,2,0
RJ84Y44811,438.5240000000003,2.5671,95.94000000000001,2,5,9,2,1,3,0.4,32,170,119.90150000000007,187.92895479483326,1.7203033592790702,946.3582688000238,-3.1899999999999995,0,7,2
1964X464OJ,441.6130000000003,2.6842000000000015,121.96000000000001,3,6,8,0,2,2,0.8695652173913043,31,180,120.49990000000008,186.80407822368403,8.608459534427599e-07,598.5095883384283,-1.67,2,8,4
A36BXO4PPX,321.892,4.3044000000000056,23.47,1,2,2,1,2,3,0.5789473684210527,22,122,94.98380000000006,140.18154594235898,1.7633321027703361e-06,578.7979573031882,-0.99,1,3,1
K3GDH6OH08,236.231,-0.21050000000000002,93.03,2,5,2,2,1,3,0.5,17,90,58.37850000000002,96.07932400188183,2.0160134417522895,590.4936898575354,-1.7300000000000002,1,7,2
ID1GU2627N,623.6780000000002,0.8750000000000029,183.38000000000002,2,10,13,2,1,3,0.48,40,216,145.4593999999999,264.3932800650826,5.603320833828956e-06,1223.8557459300434,-1.2502597402597395,1,15,3
MHM278SD3E,586.1970000000003,8.948000000000002,70.42,2,4,12,4,1,5,0.3142857142857143,41,212,171.2495999999996,251.03702531682842,1.3712638757589357,1571.490110063069,-3.1199999999999988,1,6,2
FZJ37245UC,302.12200000000007,-2.30993,219.79,5,6,1,1,0,1,0.0,18,104,69.72269999999996,112.43485702039783,-7.49999905666679e-07,441.4341444801531,-1.88,0,12,12
CIF6334OLY,273.244,2.545420000000002,100.67,2,5,3,2,0,2,0.07142857142857142,20,102,71.03750000000001,113.6213468812898,2.4986509580630014,691.4556053660623,-2.8900000000000006,0,6,2
SVI38UY019,436.5740000000001,2.472599999999999,104.73,3,6,2,1,4,5,0.6818181818181818,30,166,113.98200000000008,178.4654150721204,3.1349995464257665e-07,887.2792349036449,-1.4800000000000002,3,8,3
VZ8RRZ51VK,467.52000000000027,-6.295800000000003,268.16999999999996,10,14,6,0,3,3,1.0,32,188,108.37100000000002,185.05057667605533,1.699170646876376,607.1880034640932,-0.5599999999999999,3,14,15
VN9A8JM7M7,699.8670000000002,6.8435000000000095,108.33000000000001,3,8,22,0,2,2,0.9411764705882353,45,266,188.3082999999994,288.7984460179603,1.0124958957927902e-05,810.6498777279971,-0.2900000000000002,2,11,3
W9WZN9A0GM,242.23,2.615400000000001,52.6,0,4,2,2,0,2,0.0,18,90,63.71500000000003,103.69781152919381,1.9296630435110773,482.7351541205121,-2.6199999999999997,0,4,0
68IQX3T69U,341.451,3.2414000000000027,58.56,2,4,11,2,0,2,0.38095238095238093,25,134,100.19800000000005,149.39213962048515,1.8899771393046096,642.5992384237759,-2.1699999999999995,0,4,2
610V23S0JI,416.87200000000007,4.483500000000002,88.49,2,5,4,5,0,5,0.09090909090909091,30,148,118.27640000000001,175.9511791658178,1.711509464995414,1426.5845783652696,-3.7099999999999995,0,8,2
P81Q6V85NP,489.5750000000003,3.139300000000003,56.440000000000005,0,6,0,0,8,8,1.0,29,172,127.90980000000006,196.42391321738316,1.8749999631250012e-07,489.8556994160341,1.0799999999999998,8,9,2
JQT35NPK6C,392.90799999999996,3.5814000000000017,68.28999999999999,1,5,7,2,1,3,0.3157894736842105,26,138,105.12570000000002,162.88450595926827,2.429996878354155e-06,750.3844793146413,-2.0499999999999994,1,7,1
8N3DW7272P,279.10400000000004,1.0592999999999997,73.07000000000001,1,2,5,0,1,1,1.0,15,92,62.805000000000035,99.92228843591266,1.959999221600323e-06,204.41197819760217,0.6499999999999999,1,8,3
62TEY51RR1,362.09299999999996,-1.4339000000000002,93.19,0,4,1,1,0,1,0.0,12,62,37.908300000000004,88.27534585733459,0.0,261.3382179862608,-0.6668831168831171,0,5,1
3J8Q1747Z2,312.45300000000003,3.882600000000003,37.3,1,2,1,0,4,4,0.7619047619047619,23,124,90.49280000000005,139.28014691355958,1.6711962826978062,597.4530522903293,-1.07,3,2,1
ZAD9OKH9JC,328.4960000000001,6.548900000000006,37.3,1,1,14,0,0,0,0.4090909090909091,24,132,105.08580000000008,147.22117308929253,3.5114198390603746,462.3615868473694,-2.0899999999999994,0,2,1
2N4O9L084N,372.54900000000015,6.264000000000007,46.53,1,3,6,1,2,3,0.7083333333333334,27,150,109.68780000000008,164.05799995332413,1.9235057965313795,701.8229910722969,-1.51,1,3,1
51G6I8B902,317.223,2.4484000000000004,92.55000000000001,1,4,2,1,1,2,0.3333333333333333,22,118,68.1951,121.39754663752483,2.5729027020200768,684.6843211615159,-2.6500000000000004,1,10,1
LH8C2JI290,267.34999999999997,1.4007,66.4,2,3,2,1,1,2,0.38461538461538464,18,98,71.81230000000004,108.16372150578114,2.7969229172843895e-07,523.4124927773094,-1.3499999999999999,0,5,2
23521W1S24,199.16199999999998,-1.0956000000000004,87.07000000000001,2,4,2,0,2,2,0.5,14,76,42.92860000000002,79.37747109355288,2.2603804178727867,323.6933284343696,-1.56,2,6,2
KX2339DP44,473.5070000000001,2.2027,146.13,3,8,9,2,1,3,0.22727272727272727,33,174,122.47730000000007,193.8138125459365,4.1423327143686776e-07,980.8088587132297,-3.86,1,11,3
MN3L5RMN02,230.09799999999998,2.3644999999999996,36.42,2,3,1,1,1,2,0.2222222222222222,14,74,60.38940000000001,92.12197761599711,2.2296355832661514,356.0698580865507,-0.9299999999999999,0,5,2
WDQ5P1SX7Q,424.9250000000001,3.004600000000002,69.26,1,6,10,2,0,2,0.38095238095238093,29,160,115.00720000000007,177.85146847956267,4.20499380512623e-06,756.1360751223986,-2.64,0,8,1
00FN6IH15D,299.84499999999997,4.248200000000004,12.03,1,1,3,2,1,3,0.2631578947368421,21,110,93.16270000000004,133.05061337678126,1.6133323727894866e-06,581.4684095750006,-1.5699999999999994,0,2,1
JM2621P2LS,370.40200000000016,-0.12509999999999888,83.5,0,5,2,1,3,4,0.5,25,128,86.36720000000005,169.62971883784556,1.8224983639702724e-06,860.2174425693468,-0.6599999999999999,2,7,0
J13S2394HE,782.957,4.044200000000005,228.77999999999997,4,10,8,4,6,10,0.45,55,300,211.45859999999948,321.85758629515874,2.1134451030407502e-07,1896.8229500132404,-4.0299999999999985,6,15,8
RPR1R4C0P4,511.50800000000015,-3.781299999999997,225.5,5,11,10,2,1,3,0.3,35,180,121.27870000000006,227.83254019576614,4.319991053619179e-06,1155.5009615412487,-3.360259740259741,0,15,6
J220T4J9Q2,670.7570000000002,1.5318000000000016,278.36000000000007,8,14,8,4,4,8,0.5,47,252,173.6771999999998,269.1859146815698,1.4421768337667276e-07,1772.4340475766746,-4.43,2,19,10
458VC51857,301.3940000000001,2.8145700000000007,85.29,4,3,7,2,0,2,0.375,22,118,90.83480000000004,130.0058440895022,1.9120823609145343,647.0236260761455,-2.4999999999999996,0,6,4
12WW9T2ITA,524.9540000000003,1.9780999999999997,174.48,4,9,10,1,1,2,0.3333333333333333,36,196,129.98870000000008,212.69976278267333,6.974999100280422e-07,1047.4218421665241,-3.67,0,12,5
JTE4MNN1MD,767.0110000000004,1.0760000000000067,211.57999999999998,5,14,7,0,3,3,0.9736842105263158,53,314,197.79279999999937,317.0389988068026,9.719966427419295e-06,1145.3703600539193,-1.0500000000000005,3,15,7
5968Y6H45M,295.29900000000004,-1.6524999999999996,161.54999999999998,4,6,2,2,1,3,0.4166666666666667,21,114,75.5515,118.62093784660698,1.6133323848894653e-06,736.813280077707,-2.23,1,9,7
5U85DBW7LO,414.4330000000002,2.96858,110.86000000000001,2,5,5,2,1,3,0.3181818181818182,30,158,106.18560000000008,173.48092415811186,4.6930549012308094e-07,940.990520552452,-3.28,0,8,2
GCA9VV7D2N,672.9580000000001,-0.3780000000000004,95.61,2,5,5,2,0,2,0.13333333333333333,24,122,109.46020000000001,201.98566318554904,2.8799974543023453e-06,734.4892899937496,0.6600000000000008,0,9,3
8MDF5V39QO,84.006,-4.1083,60.36,1,2,0,0,0,0,0.0,5,24,8.0248,50.902640254977285,0.0,29.87430298092722,0.27,0,4,1
48A5M73Z4Q,1209.4070000000004,7.102900000000012,323.74,6,10,24,8,0,8,0.2727272727272727,86,452,325.83100000000036,528.1041984143056,4.3022220151433846e-07,3177.726013694911,-7.4002597402597425,0,20,12
J12U072QL0,359.2280000000001,-3.9526999999999965,172.85999999999999,4,5,9,0,0,0,1.0,21,124,72.07200000000002,146.20982425800787,-1.619999408475227e-06,348.7591520515208,1.18,0,12,6
UCE6F4125H,488.6140000000003,2.07042,112.89999999999998,1,7,8,3,1,4,0.5217391304347826,34,184,129.81750000000005,199.16304001362016,1.8159231890244247,1339.4796294691944,-2.7600000000000002,1,11,1
1J444QC288,408.8820000000001,2.2663,99.88000000000001,2,7,8,1,1,2,0.4,28,152,105.57710000000004,169.01225449926238,2.6736251384965306,803.5407141752963,-2.3499999999999996,0,8,3
98D603VP8V,663.9030000000005,4.251620000000003,156.26999999999998,5,8,9,2,2,4,0.5757575757575758,45,250,178.06509999999955,271.6692663516654,1.0222494971194742e-06,1374.414308951487,-2.6399999999999997,2,12,5
OKG364O896,356.5060000000001,5.350300000000006,46.53,1,3,4,1,3,4,0.6956521739130435,26,142,102.12880000000008,156.6872266853983,1.5129824305223407,682.0305457489966,-1.51,2,3,1
C8A0P8G029,1219.61,6.298800000000016,366.86,10,16,40,2,0,2,0.6875,86,492,333.4982000000002,512.0741726904135,1.4869202663059243e-06,2201.6832279611444,-6.040000000000001,0,22,14
57WA9QZ5WH,418.44600000000025,2.9708000000000014,117.0,1,8,8,1,1,2,0.42857142857142855,30,162,108.43610000000004,174.38701541226442,2.602707345966916,902.3708831618353,-3.2,0,9,1
9044SC542W,333.88399999999996,5.052700000000004,21.259999999999998,1,3,6,3,0,3,0.2222222222222222,22,116,97.42770000000004,141.0867942509585,1.7633320674398291e-06,693.8883548644536,-1.5499999999999994,0,4,1
TLE294X33A,859.2390000000004,1.7171600000000005,428.2200000000001,0,18,0,0,0,0,0.0,43,218,89.42399999999996,329.27817275455106,-3.43584305380338e-09,374.32452506269107,-5.543636363636362,0,25,0
11QV9BS0CB,750.8640000000001,-0.12469999999999631,252.95999999999998,4,10,2,2,8,10,0.5555555555555556,52,288,189.9463999999996,302.4693647718998,1.6972103675837606e-07,1729.6503082504828,-3.2899999999999996,2,16,10
0020414E5U,493.94400000000013,0.6084,164.63,5,9,3,1,3,4,0.43478260869565216,34,184,125.24910000000007,201.91287213816736,3.239995629081079e-06,1173.3401079481146,-3.080000000000001,0,11,6
W7TTW573JJ,362.23499999999996,4.746020000000003,30.18,0,2,1,3,1,4,0.1111111111111111,24,122,96.30200000000002,149.7905839780592,1.6899988408883173e-06,947.1869736133389,-2.1699999999999995,0,6,0
MJ4PTD2VVW,368.27099999999996,2.4282000000000012,41.93000000000001,1,4,1,1,3,4,0.5294117647058824,22,120,90.12480000000005,141.03252987894834,1.4399991219005555e-06,618.1667679827204,-1.0399999999999998,0,5,1
2YHB6175DO,287.4060000000001,4.697900000000004,3.24,0,1,0,2,2,4,0.23809523809523808,22,110,94.56500000000005,132.14194165390688,1.9631480815500688,705.4815373524832,-2.119999999999999,1,1,0
884KT10YB7,314.411,1.4589999999999999,83.58,2,7,10,1,0,1,0.5384615384615384,21,118,84.40080000000003,128.4562521662435,2.218277243493725,473.7363586621033,-1.6699999999999997,0,8,2
C7D6T3H22J,298.379,2.8408000000000015,46.150000000000006,0,5,1,0,5,5,1.0,21,120,73.83700000000006,125.68707959293445,1.7945497348054762,428.8903984751722,-0.2,5,5,0
845NU6GJPS,713.7130000000005,-9.514500000000016,421.92,15,21,9,0,4,4,1.0,47,278,150.5648000000001,268.11695260193477,1.1141660497945646e-06,1074.9939892965044,-0.8900000000000001,4,24,20
NMH84OZK2B,365.86100000000016,1.9009200000000015,102.82,0,2,2,3,1,4,0.3333333333333333,25,136,100.50010000000003,152.05295951013096,1.0416664135417302e-06,884.953989694642,-2.15,0,7,4
J4T82NDH7E,393.4430000000003,3.405100000000002,74.73000000000002,1,7,10,3,0,3,0.2727272727272727,29,150,111.93970000000004,169.53226322785696,1.9569167353908146,1001.0042022970773,-3.3400000000000003,0,7,1
7H6TM3CT4L,306.446,3.543100000000003,46.53,1,3,0,0,4,4,0.9473684210526315,22,124,84.07580000000006,133.35418555459825,1.6491052314133703,498.90876402209955,-0.5700000000000001,4,3,1
98PI200987,234.343,2.5837400000000006,32.34,1,2,5,1,0,1,0.5,17,94,72.33370000000005,103.82215798852502,2.680267656047493,363.55864155890856,-1.35,0,3,1
BW9B0ZE037,666.7100000000005,0.3624000000000032,245.54999999999995,5,11,12,3,1,4,0.5,46,252,163.07669999999976,263.63771909218025,3.759440180369061e-07,1745.0215907015534,-4.390000000000001,1,18,5
6PLQ3CP4P3,588.5620000000005,1.3385999999999998,160.82999999999998,3,13,5,2,5,7,0.5517241379310345,42,226,138.34539999999998,240.22948792485096,1.318237005438901,1352.5325604550394,-3.3300000000000005,3,13,3
7M458Q65S3,266.092,-0.66053,156.79,5,6,1,1,0,1,0.0,16,88,62.49509999999998,101.47335016356907,2.2499991510003338e-06,435.13038195635494,-1.7999999999999998,0,10,8
ISP4442I3Y,371.42600000000004,1.09568,120.56,1,6,5,3,1,4,0.375,26,134,94.34750000000004,149.88780458849854,1.685278128274849,1103.0235450751004,-2.77,1,10,1
8LXS95BSA9,451.47200000000015,-0.3974999999999984,156.98999999999998,5,8,4,1,4,5,0.6363636363636364,32,176,109.84300000000009,184.5341205795397,2.106363516230821e-07,902.9077199990086,-2.4000000000000004,2,10,5
YAN7R5L890,332.875,3.5146200000000034,47.63,0,2,4,2,1,3,0.3157894736842105,23,124,99.03080000000004,144.32592838713404,1.3224995195158074e-06,605.0265561881214,-1.6799999999999995,1,4,2
0DHU5B8D6V,324.3990000000001,3.8129800000000023,36.26,0,3,5,2,1,3,0.35,24,124,90.91400000000004,141.83369707130987,2.0184030952118897,764.1985832338869,-2.2199999999999993,0,4,0
J9CMF6461M,744.8050000000002,-0.5236999999999963,297.41999999999996,8,12,8,2,4,6,0.3125,51,272,184.40119999999985,298.5628542783766,2.2430768284171637e-07,1686.7260075142435,-5.08,2,19,12
33O78XF0BW,593.7430000000003,2.3739000000000012,160.65,4,9,11,2,2,4,0.5517241379310345,41,228,154.35549999999984,242.1876698529698,1.4748234264993055e-06,1180.3075910287882,-2.7399999999999993,2,12,5
D7ZD41RZI9,296.8419999999999,3.2675000000000023,32.34,1,2,7,1,1,2,0.5625,20,112,86.74970000000005,127.69930431633844,1.9999986175843255e-06,442.10305466674646,-1.06,0,4,1
RPK779R03H,354.18899999999996,3.907300000000002,75.63000000000001,2,4,6,2,0,2,0.125,23,120,88.48550000000003,142.33548360230927,2.1753707068699124,713.5202167690672,-2.2399999999999993,0,7,2
N12000U13O,462.45500000000015,-1.1722999999999988,213.11999999999998,6,9,2,1,3,4,0.4090909090909091,33,178,113.38870000000003,187.90999028162832,3.0624962563172095e-06,1138.6757202178312,-3.250000000000001,0,11,9
KI8H7H19WL,812.0179999999998,4.929200000000005,171.85,1,13,11,2,3,5,0.7209302325581395,58,322,214.2507999999992,342.6301213786695,1.433018751220468,1740.3154469653925,-3.76,3,15,1
A4P49JAZ9H,361.37300000000005,1.5440000000000003,75.01,1,5,2,2,2,4,0.4444444444444444,26,138,95.04130000000006,148.7315297664084,2.0040889154009793,963.2881482992597,-2.6100000000000008,1,8,1
RP4A60D26L,285.43100000000004,3.8826000000000036,23.47,1,2,2,1,2,3,0.5789473684210527,21,114,87.73580000000005,128.02845268980954,1.956845653717473,572.9291275715217,-1.28,1,2,1
86P6PQK0MU,547.5900000000004,1.2218000000000007,166.64,2,11,4,3,2,5,0.375,38,204,139.6729999999999,219.35694487515752,6.167391710100547e-07,1418.823182712462,-4.040000000000001,1,14,3
426QFE7XLK,713.1370000000001,4.676880000000004,162.8,0,10,10,6,0,6,0.29411764705882354,49,252,189.73479999999952,306.8310386217588,2.1631999202722162e-07,1910.3194328788572,-3.7337662337662327,0,15,0
QF8SVZ843E,239.315,1.3059999999999996,72.72,4,4,4,1,0,1,0.5384615384615384,17,96,66.74510000000004,101.91856136046931,2.720205866139174,371.41759115181975,-1.1,0,4,4
6AI06C00GW,253.718,1.7158,62.2,2,6,1,2,1,3,0.2222222222222222,16,82,66.3524,100.86221513104601,2.0617148602417172,564.0247287194559,-1.4,0,7,2
L7T10EIP3A,156.26899999999998,2.4395000000000007,20.23,1,1,1,0,1,1,1.0,11,66,47.34980000000002,69.8121326560658,2.437159260034696,120.0411847243922,-0.04,1,1,1
1K860WSG25,393.87999999999994,6.563800000000004,12.03,1,1,6,3,0,3,0.2727272727272727,27,144,107.37870000000004,163.55937618861205,2.613329998537674e-06,871.310930642311,-2.0399999999999987,0,5,1
C53598599T,437.89900000000017,2.7923000000000013,83.8,2,5,4,2,3,5,0.5238095238095238,30,162,113.92400000000005,178.7636467220231,2.177997596942795e-06,1054.6231291017546,-2.3200000000000007,3,9,2
R6DXU4WAY9,767.182,2.2027800000000024,257.3,0,10,10,6,0,6,0.29411764705882354,52,276,200.5761999999996,323.27329890700196,4.828571269675174e-07,1918.601965851895,-3.853766233766233,0,18,6
F850569PQR,363.84100000000007,1.7232000000000007,70.0,2,5,2,1,4,5,0.5263157894736842,25,134,94.51860000000003,152.23918471704715,1.567998824747579e-06,780.9327520896012,-1.56,2,6,2
NT6K61736T,186.18599999999998,-2.236799999999998,40.129999999999995,0,2,4,1,0,1,0.3,13,64,44.38700000000003,100.26032705203514,1.4399995350001545e-06,246.3614753211342,-0.31000000000000005,0,3,0
A1L4914FMF,300.25399999999996,4.381600000000003,3.24,0,2,2,2,1,3,0.2857142857142857,18,96,80.83700000000003,122.79899104966414,1.2033326971503425e-06,524.0174727266439,-0.5399999999999998,0,4,0
2WP61F175M,370.31400000000014,-1.1394999999999986,142.99,1,9,5,1,1,2,0.5333333333333333,26,142,82.97370000000002,146.35099409106513,2.414670244549747,811.8253531710981,-2.95,1,11,1
2PN063X6B1,1214.645999999999,3.4351000000000034,278.8,5,12,16,0,1,1,0.7619047619047619,86,490,332.9676000000004,514.0698861810548,4.337043183060131,2376.0338262741784,-6.3900000000000015,1,23,5
7ZW49N180B,409.5740000000001,4.343680000000004,78.91,1,4,3,1,4,5,0.8,30,162,113.17280000000007,179.3923740127748,1.304298556129731,867.9899334761035,-1.6700000000000002,4,5,1
760I9WM792,377.3660000000001,3.2757000000000014,62.300000000000004,1,4,4,2,1,3,0.3157894736842105,27,142,93.05770000000004,153.7511973308288,1.7614135139021636,857.2487515456555,-2.739999999999999,1,8,1
890E37NHMV,446.55500000000023,4.183600000000003,77.33,1,7,9,4,0,4,0.32,33,172,131.4307,193.73010871021216,1.7566456121514504,1214.5345999056497,-3.65,0,8,1
L4C1UY2NYH,407.37700000000007,1.8184999999999991,111.71000000000001,2,6,5,2,2,4,0.3888888888888889,29,154,99.05610000000003,163.93088595240602,1.684459960965282,963.7232690289882,-3.3699999999999997,1,11,3
P6YZ13C99Q,418.6620000000002,5.90920000000001,71.96000000000001,2,2,6,0,3,3,0.7777777777777778,30,172,126.26240000000007,184.21066437780732,3.2033285595991206e-06,653.5095544181323,-0.9000000000000001,3,3,4
5TJD82A1ET,152.237,2.401700000000001,17.07,0,1,0,0,2,2,0.9,11,62,44.23600000000002,68.17358985038433,2.4741517243797513,216.91266689075218,-0.33,2,1,0
3DIZ9LF5Y9,412.65800000000024,6.6118000000000094,40.46,2,2,5,0,3,3,0.7142857142857143,30,168,127.0316000000001,184.40525003160528,1.7630776324188422,712.1507352333145,-1.12,3,2,2
25X868M3DS,421.30500000000006,4.711200000000003,76.13,1,4,4,3,0,3,0.05263157894736842,27,138,107.198,166.4384388605665,1.8890331450820033,1117.0536127005307,-2.4099999999999993,0,8,1
B0P231ILBK,378.8990000000002,5.645700000000006,29.46,1,2,8,3,0,3,0.16666666666666666,27,138,113.15980000000005,165.25668639440502,2.1308539825208004,855.9026144465059,-2.549999999999999,0,3,1
G1LN9045DK,246.30599999999998,-0.2809999999999997,86.74000000000001,0,6,7,0,0,0,1.0,14,86,50.82560000000003,84.45985657451557,3.4084654000021937,304.51801900399903,-0.1800000000000001,0,8,0
2B2VM6UC8G,560.6050000000002,4.4814200000000035,104.45,1,7,5,4,1,5,0.3,41,212,152.35779999999974,234.96770675933018,1.8333924235317414,1732.7545374486958,-4.67,1,11,1
SQ8A3S5101,580.4660000000002,3.094500000000001,186.71999999999994,4,12,10,3,1,4,0.30434782608695654,40,214,139.07949999999988,227.01066110289923,1.6241969047531408,1460.1787477743924,-4.24,0,17,4
RTN51LK7WL,398.29699999999997,-1.9332999999999958,59.06,1,4,4,1,3,4,0.6111111111111112,24,132,83.72820000000006,152.45856861216828,1.689998373539103e-06,588.2961406739558,-0.9499999999999997,3,6,1
1HIZ4DL86F,461.5560000000001,5.8570000000000055,41.03,1,2,7,4,1,5,0.32142857142857145,34,176,131.1467,197.39711040405618,1.2056634380401918,1240.4878972041279,-3.2499999999999982,1,6,1
95M8R751W8,495.7450000000003,6.881900000000007,81.69999999999999,1,5,23,0,1,1,0.896551724137931,35,204,140.91269999999997,214.2133180201585,2.5779952741401506,579.4194352374097,-1.59,1,6,1
ZU7CF08A1A,503.3350000000001,1.1415000000000002,176.51,7,9,8,3,0,3,0.3333333333333333,33,180,121.46400000000003,198.1928264216128,2.597948619326927e-07,1057.3493117352825,-2.28,0,12,7
NGU5H31YO9,639.8300000000004,5.728900000000007,116.04000000000002,2,9,3,0,5,5,0.6756756756756757,46,254,175.73259999999954,273.56707295484824,1.550940647651383,1342.292794966214,-2.56,3,9,2
36H71644EQ,749.167,3.0274800000000033,225.8,0,10,10,6,0,6,0.29411764705882354,51,268,196.96239999999958,317.7925454785876,3.338271491015397e-07,1916.0021179620853,-3.813766233766233,0,17,4
5EXC0E384L,496.6330000000002,3.8980000000000032,101.49000000000001,1,7,12,3,0,3,0.34615384615384615,35,186,138.42549999999986,206.97984771326117,1.6864247636931373,1202.5361433218923,-3.299999999999999,0,9,1
RUM6K67ESG,390.52000000000015,3.583200000000002,86.99000000000001,3,4,10,1,2,3,0.6956521739130435,28,156,107.45740000000009,167.28152534331952,1.6231389319130176,658.3928100087993,-1.5899999999999999,1,5,3
262P8GS9L9,463.5000000000002,5.910820000000006,78.63000000000001,2,6,9,3,0,3,0.375,33,178,122.47510000000007,190.40128364573232,2.16194018969415,1119.5303569386197,-3.1999999999999997,0,9,3
N0TXR0XR5X,1526.767000000001,-5.939200000000026,573.91,19,26,13,2,4,6,0.5254237288135594,101,552,370.9992000000007,600.149482128531,1.5552703293847279,3404.0309056981323,-8.42,4,42,21
K673DMO5H9,374.4480000000001,3.391580000000001,96.84,3,4,3,3,1,4,0.2857142857142857,28,142,107.79810000000002,162.9263358398326,1.407364523624855,986.3018859034389,-3.369999999999999,1,7,3
C9LVQ0YUXG,386.48,4.639100000000004,70.67,2,4,5,4,0,4,0.045454545454545456,28,138,113.21390000000001,166.4488257490915,1.6025368729960088,1151.6453529302132,-3.3799999999999994,0,6,2
0462Z4S4OZ,420.6340000000001,5.114000000000006,77.76,3,3,5,0,4,4,0.9615384615384616,30,172,117.8114000000001,182.38370263025962,1.614380520822363,648.9448536842998,-0.6100000000000001,4,4,3
632L571YDK,882.0349999999997,8.116000000000009,188.79999999999998,4,9,11,6,3,9,0.3877551020408163,65,338,243.45579999999936,376.6004841538723,1.0011425016932451,2739.524045421876,-7.1,2,16,4
N3PA6559FT,345.42400000000015,2.8997400000000013,83.09,1,5,5,3,0,3,0.29411764705882354,24,126,93.02110000000005,142.96481028678312,1.8844828594834786,878.8884252759138,-2.25,0,7,1
M5681Q5F9P,421.4680000000002,4.518100000000005,90.65,3,4,8,3,1,4,0.28,31,160,117.02940000000005,179.0535555560533,1.789369935045194,1122.3202018887212,-3.09,1,6,3
58IFB293JI,264.325,2.4711000000000007,78.43,3,3,8,1,0,1,0.42857142857142855,19,104,72.70290000000003,112.52198085364748,2.0326612681537655,392.93736710495426,-1.8799999999999994,0,5,3
367589PJ2C,241.29000000000002,3.7452400000000017,49.33,2,2,3,2,0,2,0.13333333333333333,18,92,72.60000000000002,106.08894170459867,2.4024843007490344,590.7975148337515,-2.2899999999999996,0,3,2
Z5N076G8YQ,1058.0520000000004,6.2344000000000115,266.65999999999997,7,18,13,1,3,4,0.6346153846153846,72,404,265.0970999999992,431.31232861555367,1.6062679272830522,2216.0248346550966,-3.89,2,20,7
QZ62892OFJ,489.65500000000026,4.786400000000004,70.98,3,4,10,2,1,3,0.6296296296296297,35,194,136.50609999999998,207.8325835764472,1.6061032532401645,1011.4859310890317,-2.3199999999999994,0,8,3
R02XOT8V8I,234.29499999999996,2.835500000000002,38.69,1,3,2,1,1,2,0.42857142857142855,17,92,67.06080000000004,101.67683006016614,2.115546402761142,429.5837296549581,-1.48,0,3,1
0G76K8X6C0,203.241,1.3329999999999997,37.38,0,2,1,1,1,2,0.3333333333333333,15,78,56.18800000000004,88.6981025226383,2.451466570284267,412.8901128470495,-1.6399999999999997,1,3,0
2J3H5C81A5,384.4970000000002,5.163440000000005,63.60000000000001,1,4,7,2,0,2,0.2727272727272727,27,142,109.84630000000007,163.8022486444985,2.204554579737556,856.6809451920865,-2.5299999999999994,0,5,1
R3459K699K,185.18299999999996,0.4805199999999999,81.19,1,4,3,1,0,1,0.5714285714285714,13,72,45.29920000000003,74.97716094033537,3.013268332720571,318.78271070124214,-1.43,0,6,1
18D0SL7309,304.21700000000004,3.3779000000000012,40.540000000000006,1,2,9,1,0,1,0.5,19,106,80.66880000000005,123.67306201087632,2.554182686048515,375.53728351524427,-0.9299999999999999,0,5,1
10X0709Y6I,361.3970000000001,4.112400000000003,65.49000000000001,0,5,5,3,0,3,0.13636363636363635,27,136,100.68400000000003,157.14008474365585,1.9671554961425297,859.2913062763904,-3.4699999999999993,0,5,0
0G9LGB5O2W,349.482,3.5764000000000022,70.83,2,4,7,3,1,4,0.42857142857142855,26,136,104.70810000000004,154.19699048345987,1.596792205512102,823.2385389743627,-2.2399999999999998,0,5,3
LV66ADM269,426.3870000000001,2.5575,146.86,3,8,4,4,0,4,0.10526315789473684,31,158,108.8665,173.424041519387,1.8359128702040473,1284.5526433119792,-4.349999999999999,0,12,5
0N7609K889,250.283,0.8595999999999999,97.97,2,5,3,2,0,2,0.0,17,88,63.69490000000002,98.57832206048987,2.2855090743996467,595.9628413066204,-2.15,0,7,3
234248D0HH,480.53200000000027,5.093520000000004,110.85000000000001,2,9,5,5,1,6,0.19230769230769232,36,180,138.1493999999999,206.59842079570373,1.2338805756704312,1625.4746127758897,-4.7299999999999995,0,10,2
RRN67GMB0V,597.664,4.020020000000002,124.24,1,8,8,3,1,4,0.5384615384615384,41,224,144.49299999999988,236.290152273469,1.677564326687062,1560.9174683528179,-3.6199999999999997,1,15,1
5QZO15J2Z8,337.4560000000001,-0.1578599999999989,170.83,6,7,7,1,0,1,0.375,20,112,82.39939999999999,124.28559613101794,2.2575091367419695,582.6459015133817,-1.37,0,12,8
YG57I8T5M0,415.432,3.7543000000000015,101.38,2,6,5,5,0,5,0.13636363636363635,31,154,115.63640000000001,175.39803843720549,1.7378436920324158,1445.28719755954,-4.14,0,9,2
O7DRJ6R4DW,450.3230000000001,1.5126999999999997,152.79000000000002,2,8,6,3,1,4,0.23529411764705882,31,162,103.03410000000002,174.01961529774297,1.492142645426138,1166.1736029251942,-3.2500000000000004,1,14,2
08O3FQ4UNP,355.3730000000001,2.5522,80.55000000000001,2,5,0,3,1,4,0.2777777777777778,26,134,93.84790000000004,148.7385558836145,1.816371756849053,986.8719477399637,-3.1599999999999993,0,8,2
MFT24BX55I,483.0520000000002,7.517460000000006,25.360000000000003,0,4,8,3,1,4,0.37037037037037035,33,172,135.98399999999992,204.12048292359057,1.7647145245998537,1211.560917086988,-2.55,1,6,0
JF8V0828ZI,386.8010000000001,5.026200000000002,15.6,0,2,2,2,1,3,0.17647058823529413,25,130,94.35700000000001,151.28672098586983,2.1928932100785112,863.9666187950897,-1.99,0,8,0
53AXN4NNHX,4113.640999999981,-11.627860000000188,1646.1799999999994,57,56,149,6,0,6,0.6096256684491979,291,1618,1040.2750000000046,1679.7287186680119,1.1942649434467691,10800.247151013824,-28.689999999999927,0,104,61
DR5S136IVO,483.9600000000003,2.4318,125.39000000000001,3,9,9,3,1,4,0.34782608695652173,34,178,128.01870000000002,201.93495667749906,1.5619429858508376,1132.801544832402,-3.5,1,11,3
3QN8BYN5QF,307.47800000000007,3.2043000000000013,66.48,3,3,12,1,0,1,0.6842105263157895,22,126,92.93300000000005,135.10400880805764,2.277627630851439,384.92658611292507,-0.9000000000000001,0,3,4
FTK8U1GZNX,352.4090000000001,0.37067999999999973,198.26,6,8,0,4,0,4,0.0,23,120,90.58539999999996,137.47196158711785,1.5999999784351857e-07,974.5637445475601,-2.9000000000000004,0,13,10
BGL0JSY5SI,383.5170000000003,2.856000000000001,48.3,1,6,5,2,2,4,0.38095238095238093,27,142,109.12180000000005,164.20719288140702,1.503401767723711,803.5186584789171,-1.8599999999999997,1,6,1
7BRF0Z81KG,233.69899999999998,2.2509000000000006,61.77,1,3,4,0,1,1,0.8888888888888888,15,86,58.62570000000002,94.0923089746755,2.3418136870644135,219.4029963976061,-0.8400000000000001,1,6,1
5T62Q3B36J,637.0360000000002,6.791420000000005,146.71999999999997,4,6,6,4,0,4,0.10714285714285714,43,226,154.23219999999978,249.16755987026744,3.863990895108359e-07,1701.3403194600442,-4.659999999999999,0,15,4
GCU97FKN3R,354.3670000000001,-1.4366999999999983,171.37,4,9,8,2,0,2,0.5714285714285714,25,138,88.29230000000001,142.49977233657353,1.9705446797766404,785.6005784335678,-2.5,0,11,6
3M7OB98Y7H,474.5870000000003,1.6109,113.42,1,7,7,3,1,4,0.5,33,178,125.98550000000006,192.78073394335604,1.8517024716417807,1322.639953437774,-2.76,1,11,1
95IK5KI84Z,102.093,-1.6248999999999993,64.35,2,3,0,0,1,1,0.6666666666666666,7,40,22.0701,40.582162812742915,2.478438739390956,92.93569696954752,-0.6100000000000001,1,4,3
B10YD955QW,390.86700000000013,3.5304,90.73,2,4,7,2,0,2,0.25,27,144,105.1146000000001,163.28346405898654,3.8723681588532514e-07,730.3368450633944,-2.7,0,7,2
5L0HB4V1EW,190.155,-1.0272999999999997,129.72,4,3,5,0,0,0,0.5,13,74,41.01269999999999,73.52674828495667,4.023176700858032,227.06450089168598,-1.79,0,7,5
X4OV71U42S,356.447,3.159600000000001,68.28999999999999,1,5,7,2,1,3,0.3157894736842105,25,130,97.87770000000003,150.73141270671886,1.4692122407891937,744.269451387341,-2.3399999999999994,1,6,1
DR40J4WA67,404.55100000000016,3.432300000000003,71.03000000000002,2,5,11,1,2,3,0.6956521739130435,29,162,113.37250000000009,174.11629892224585,1.6131441095838812,645.7650470579182,-1.79,1,6,2
3ZO554A4Q8,337.3790000000001,3.623100000000003,77.24,1,5,6,3,0,3,0.21052631578947367,25,128,93.66930000000006,145.2664846232621,1.9139998032144407,887.1257602812381,-3.1499999999999995,0,6,1
4RZ82L2GY5,75.067,-0.4882999999999999,49.33,2,2,0,0,0,0,0.5,5,30,15.603200000000001,29.563849677551957,2.8473789230876716,42.91260938324327,-0.5700000000000001,0,3,2
NG99554ANW,263.3809999999999,2.732600000000002,43.7,2,3,4,1,1,2,0.625,19,106,77.43660000000004,115.42329428452923,2.2617899841737428,393.7148895501137,-1.06,1,3,2
A74586SNO7,321.829,3.6739000000000024,29.54,0,4,3,2,1,3,0.3125,21,110,84.64200000000004,132.6508493554586,1.9432242287829182,655.2314628845675,-1.3599999999999997,0,5,0
4Z8R6ORS6L,258.23299999999995,0.08779999999999993,83.55000000000001,1,4,1,1,2,3,0.23076923076923078,19,96,63.113700000000016,107.93011986720127,1.960977799386862,587.8241612955018,-2.5,1,6,1
34237V843T,231.25500000000002,1.4176199999999997,67.16,2,4,4,2,0,2,0.16666666666666666,17,88,61.987900000000025,98.78003970703834,1.8118451746108213,493.461665312455,-2.1399999999999992,0,5,2
U3C8E5BWKR,438.5020000000002,1.1982999999999997,148.26999999999998,2,6,2,2,4,6,0.5,30,164,109.83560000000006,173.99568367620014,3.8613327047518705e-07,1024.3571953708808,-2.27,4,10,4
7IK8Z952OK,1681.9150000000004,-8.148299999999962,718.13,23,27,28,0,3,3,0.676923076923077,113,634,405.03870000000074,664.0069860233721,3.2796287887201663,3485.3129643137518,-9.809999999999999,3,48,26
45IUB1PX8R,130.099,-0.19980000000000003,63.60000000000001,1,3,2,0,0,0,0.2,9,50,28.79179999999999,51.74023963502214,3.7058084663384934,147.03698459046726,-1.32,0,4,1
IOW153004F,638.8320000000002,5.909900000000007,79.53,1,3,3,2,3,5,0.5185185185185185,36,192,148.14139999999983,233.75068935193696,1.3056051807173341,1160.7029242482379,-1.6399999999999992,2,9,2
XJM390A33U,877.0450000000008,5.648220000000011,220.14999999999998,6,15,5,2,5,7,0.574468085106383,63,344,236.8111999999994,368.36869618248585,1.4724672499900213,2189.6656460571803,-5.16,2,16,6
77W477J15H,295.72900000000004,-0.06089999999999979,118.68999999999998,2,5,1,1,1,2,0.0,17,92,61.29870000000001,102.40040745855705,2.8465966642778904,723.7308563894459,-1.1599999999999997,0,10,3
G69Z98951Q,554.7220000000004,6.729780000000008,87.03,1,4,2,0,5,5,0.7575757575757576,40,218,147.95969999999986,236.7671158275669,1.6667242166333414,1299.2502911216104,-2.36,3,7,1
U863JGG2IA,212.29299999999998,0.8989,63.400000000000006,1,2,5,0,1,1,0.8181818181818182,15,86,58.00140000000003,90.80560958557001,2.625637243021199,252.97247647245436,-1.06,1,4,2
1C6V77QF41,384.6480000000003,7.6190000000000095,20.23,1,1,6,0,3,3,0.7777777777777778,28,158,121.18880000000009,173.93567719719692,1.6958985314070012,609.7518254928542,-0.8200000000000001,3,1,1
M84I3K7C2O,287.297,0.6406000000000001,106.02,0,7,3,1,1,2,0.5,19,104,67.77820000000001,109.31322019700909,2.0399443030418256,606.4362408647171,-1.9,1,9,0
8680B21W73,474.56500000000017,1.8447999999999996,144.9,6,4,10,4,0,4,0.2692307692307692,35,182,135.33290000000002,202.39361192299418,1.5600396432977952,1349.8928904398242,-4.109999999999999,0,9,7
8RW88Y506K,520.5040000000002,3.3953000000000024,113.18,4,6,8,3,2,5,0.4230769230769231,37,198,127.28710000000001,209.774719038639,1.4640493494846805,1382.3793458789967,-3.28,1,11,4
MUW8FP7HNZ,1898.2019999999998,-2.1505799999999997,658.5699999999999,20,25,40,6,2,8,0.4777777777777778,134,724,493.746000000001,780.2813726206872,1.2221939117837732,5267.813305659276,-13.329999999999998,2,44,24
25CG88L0BB,420.4690000000002,1.727879999999999,109.29,2,6,5,3,1,4,0.34782608695652173,31,160,115.36540000000004,178.96659405763094,1.434362799675952,1164.9900140587465,-3.41,1,8,2
834YJF89WO,452.51800000000014,4.820100000000003,104.82000000000001,3,6,7,5,0,5,0.15384615384615385,34,170,133.12410000000003,195.9449807961037,1.4634048079970994,1476.975264153177,-4.459999999999999,0,8,3
PF9462I9HX,428.44300000000015,2.947500000000001,86.0,2,5,3,3,2,5,0.38095238095238093,31,162,109.88150000000005,176.64358015568916,1.4316460060500016,1136.2554889670969,-3.2700000000000005,2,10,2
C2FR6VT1BQ,634.3670000000003,5.563000000000005,122.47000000000001,3,7,6,3,1,4,0.3076923076923077,40,216,158.76179999999977,253.31122357817466,2.801663290434781e-06,1355.0111627576982,-2.8899999999999997,1,14,4
8XP29XMB43,356.4620000000001,2.752900000000002,74.60000000000001,2,4,2,0,4,4,0.6363636363636364,26,140,98.18160000000005,154.22241342396816,1.7927675690838436,775.011752755347,-1.5200000000000002,2,4,2
NZW2BOW35N,668.6539999999999,6.056020000000007,69.14,1,6,6,3,2,5,0.45454545454545453,47,254,161.64979999999963,267.10020094869924,1.5867283305215478,1611.129587813742,-3.7499999999999987,2,14,1
I7MVZ8HDNU,507.5410000000003,4.465320000000002,110.44,2,6,9,3,1,4,0.25925925925925924,37,192,136.2326,212.72106335243822,1.6017696781692912,1374.3878445965536,-4.339999999999999,1,10,3
HDC1R2M35U,450.91500000000025,1.6133999999999997,108.61000000000001,4,7,6,2,2,4,0.4782608695652174,31,168,113.27220000000005,185.31203520105157,1.485778295891345,866.7287504274391,-1.7099999999999997,2,8,4
7G33012534,126.08699999999999,-4.487199999999998,60.36,1,3,3,0,0,0,0.75,8,42,21.326799999999995,69.99746659816711,0.0,64.30376252379817,0.42999999999999994,0,4,1
Q85FFY6179,505.9080000000003,-0.16469999999999746,204.12999999999997,5,9,11,1,1,2,0.55,34,190,117.1330000000001,199.56516772770325,3.848351422924604e-07,844.756001103478,-3.0000000000000004,1,14,5
9CXQ3PF69U,524.5140000000002,6.388100000000008,54.82,1,5,6,4,2,6,0.27586206896551724,38,196,134.15879999999996,215.79807814553925,1.3244340453599774,1484.1764833961038,-3.8499999999999988,1,9,1
2158753C7E,586.5710000000003,4.062100000000004,102.98000000000002,0,6,5,4,2,6,0.25925925925925924,41,212,137.78929999999988,231.32922971164783,1.4685183768192638,1810.6788338867975,-4.169999999999999,1,14,0
OSP71S83EU,406.42100000000005,2.8006800000000007,110.06000000000002,1,6,0,3,1,4,0.23809523809523808,30,152,106.80690000000004,171.85414339794113,1.980103839000285,1212.9361506921473,-3.93,0,9,2
N54AIC43PW,868.457,8.659900000000006,172.03,3,11,13,5,3,8,0.37777777777777777,61,320,237.04779999999937,360.02992657502193,1.003209207192654,2563.5382809314588,-5.48,2,16,3
2W150K0UUC,740.9450000000003,5.879000000000005,174.37,5,9,17,3,1,4,0.43243243243243246,51,276,198.11649999999955,303.9535457244694,1.6841314621117447,1762.9781019324012,-4.2700000000000005,0,14,5
LOG73M21H5,473.39800000000014,3.5455000000000014,103.53999999999999,2,5,5,2,1,3,0.38095238095238093,33,178,105.53260000000003,184.61929985129757,2.074884898439271,1094.0551858198678,-3.2799999999999994,1,12,3
JNA39I7ZVB,479.4340000000003,3.432200000000001,125.25999999999999,3,5,7,3,0,3,0.22727272727272727,34,180,115.48150000000003,191.03579440829498,1.828745932273369,1222.5133563070046,-4.09,0,12,5
83VNE45KXX,358.40200000000004,2.46112,76.80000000000001,0,6,2,3,1,4,0.3125,25,128,89.51350000000002,146.86393489680611,1.6345776159157097,934.5104694356615,-2.6799999999999993,0,9,0
4T36H88UA7,477.44300000000027,3.5315800000000017,89.33000000000001,1,5,3,2,2,4,0.2857142857142857,33,170,112.88920000000003,190.15197940789596,1.8020405849882757,1236.1364244270435,-3.5899999999999994,2,12,1
N0A21N6RAU,425.4673053340002,1.7324,135.95,3,8,7,3,1,4,0.3,31,160,113.04960000000001,181.9950157423958,1.7219412419854436,1240.041930493715,-4.02,1,11,3
8EOO6HQF8Y,604.1300000000003,4.732980000000004,88.83000000000001,0,8,7,3,3,6,0.4375,43,224,165.08299999999952,255.64710270719695,1.337127152051613,1588.664910335202,-3.939999999999999,2,11,0
RU3FE2Y4XI,422.4240000000002,2.4427000000000003,138.07,2,8,4,4,0,4,0.15,31,158,113.68880000000001,175.83341971745276,1.8207621700819177,1266.4065012330454,-4.279999999999999,0,11,4
2A7VPM5RWH,484.9400000000003,3.562400000000002,106.73000000000002,3,7,7,3,2,5,0.3333333333333333,34,178,127.40159999999999,201.26591026826594,1.5518822293254952,1192.1015742536858,-3.27,1,10,3
76RS4S2ET1,401.4740000000002,1.9632399999999997,79.83000000000001,1,6,2,4,2,6,0.36363636363636365,30,152,115.09770000000003,172.7417957491318,1.412537799657176,1365.4270927174543,-3.2600000000000002,2,8,1
7R9A5P7H32,499.5340000000003,1.0971800000000016,131.4,3,5,6,0,3,3,0.782608695652174,35,194,116.98010000000008,201.69517859541725,1.8075863695374195,952.2741096576063,-2.84,3,12,3
I42748ELQW,465.51700000000017,3.3126000000000007,118.50999999999999,2,6,4,4,1,5,0.19230769230769232,35,174,132.1636,201.57319988848803,1.506582317952874,1466.860285600489,-4.709999999999999,1,9,3
49DXG3M5ZW,393.3990000000001,3.8535200000000023,95.71000000000001,1,7,5,4,0,4,0.19047619047619047,29,148,107.05720000000007,165.96218215915675,1.7654718511875431,1232.172636168442,-3.81,0,8,1
LMQ24G57E9,450.93000000000006,4.265420000000002,88.93,1,5,4,4,1,5,0.30434782608695654,32,164,121.37420000000002,189.7032724599125,1.594503247279555,1315.7777684780356,-3.39,1,9,1
L5ORF0AN1I,560.6490000000005,5.026900000000004,85.52,3,6,7,4,2,6,0.3548387096774194,41,214,156.82659999999976,237.21769094245252,1.2534051433918518,1522.9004781507429,-4.019999999999999,2,10,3
HU9DX48N0T,320.3410000000001,2.73322,93.06000000000002,2,5,6,1,1,2,0.4117647058823529,23,124,82.84610000000004,133.88893435563946,2.3678904247555956,687.0593870783534,-2.5,0,6,2
6B4ZBS263Y,424.946,3.172600000000003,79.15,3,6,6,2,1,3,0.42857142857142855,28,152,111.01840000000004,173.8033131694499,1.8229182228378966,782.8654515834752,-1.2799999999999998,1,7,3
5P60F84FBH,421.49700000000007,4.549300000000002,90.9,3,5,8,3,0,3,0.25,31,162,120.07540000000004,181.13411849115693,1.5724201600733012,1046.3786940223997,-3.4199999999999995,0,7,3
0GEI24LG0J,392.58000000000015,4.477900000000006,77.76,3,3,4,0,4,4,0.9583333333333334,28,160,108.64740000000009,169.65381840146637,1.5548220176091474,605.412568486979,-0.6100000000000001,4,4,3
G1JO7801AE,408.5790000000002,3.448700000000003,97.99000000000001,4,4,4,0,4,4,0.9583333333333334,29,166,110.03720000000008,174.44805215366242,1.6063269488351186,636.7605586006101,-0.6500000000000001,4,5,4
Z2ME8F52QL,315.326,-1.2395999999999971,150.03,4,5,7,0,1,1,0.6923076923076923,22,124,74.84270000000004,126.99686770245087,2.8113579109810316,480.3958856720765,-2.1599999999999997,1,9,5
9ORI6L73CJ,281.42499999999995,3.2161000000000017,38.25,0,5,7,1,1,2,0.7142857142857143,19,106,79.63700000000004,119.35049241644838,1.8845231983499733,416.57850515753046,-0.9400000000000002,0,5,0
9242RO5URM,592.7620000000002,6.539440000000007,114.10000000000001,1,7,12,3,2,5,0.46875,42,224,162.70249999999962,247.94414028173887,1.4854810392988185,1587.8150237409563,-3.4999999999999996,1,10,1
PTB4X93HE1,376.24,1.7749000000000001,99.77000000000001,4,6,4,2,1,3,0.5333333333333333,24,132,91.5211,148.31819442489828,2.152064831833686,751.8846582634604,-1.09,1,9,4
AG9MHG098Z,471.56100000000015,4.222600000000002,102.48,2,5,6,3,2,5,0.2962962962962963,35,180,134.3416,203.91704100252102,1.4124635526512315,1227.7075839178713,-4.069999999999999,1,8,3
4MOD1F4ENC,717.8879999999996,5.014800000000004,122.41999999999999,2,10,10,4,2,6,0.5454545454545454,49,264,187.48419999999953,288.30204255591127,1.099958430369874,1970.768151983419,-3.4900000000000007,2,16,2
1K573LC5TV,174.259,-7.329999999999999,80.26,0,4,0,0,0,0,0.0,7,32,10.4746,126.85131194245274,-7.999999835000002e-08,92.8582023226588,3.142727272727272,0,7,0
1DWS68PNE6,312.84099999999995,2.3846200000000013,45.33,1,3,3,1,2,3,0.6875,21,118,85.55620000000005,132.19620085851557,1.6133321884786263e-06,506.62040872369346,-0.8400000000000003,1,5,1
WFR23M21IE,428.9240000000001,2.1488999999999994,120.16,4,6,6,3,1,4,0.38095238095238093,30,158,116.29260000000001,179.00587474618936,1.441368386441013,1013.768311489693,-2.6799999999999997,1,9,5
1EJ6Z6Q368,344.492,4.4699000000000035,94.83,3,3,14,0,0,0,0.8947368421052632,24,142,95.01040000000008,146.01395454364408,3.6257754031564553,351.2183858439851,-1.1,0,5,3
39IS23Q1EW,268.21599999999995,-1.5665000000000002,102.26,4,5,2,0,2,2,0.8888888888888888,18,104,52.56210000000002,100.94566088174652,2.154668354691957,342.919684538544,-1.03,2,9,4
RMW9V5RW38,296.20099999999996,-0.8039000000000005,104.55,3,5,2,1,1,2,0.6,20,112,57.944300000000005,108.78615524360087,2.434771465578547,608.1362311397388,-1.6500000000000004,1,10,3
PX9FTM69BF,431.50000000000017,3.5588200000000016,99.75,1,7,6,4,0,4,0.2608695652173913,32,164,122.71770000000005,185.31306480456968,1.5971786062947688,1324.172116762961,-4.01,0,9,1
YO460OQ37K,475.362,5.004200000000004,59.510000000000005,1,6,6,3,1,4,0.36363636363636365,30,158,119.18870000000004,183.0930329022256,1.584797088896538,1041.0664233482823,-2.4499999999999993,1,8,1
2WTV10SIKH,450.56400000000036,3.203400000000001,82.60999999999999,1,5,6,3,2,5,0.3333333333333333,32,166,124.06100000000006,187.65445407722737,1.2560445234762891,1226.3438396356346,-2.9699999999999993,2,8,1
31TZ62FO8F,443.31100000000004,3.3867000000000003,97.62,2,6,5,3,0,3,0.11764705882352941,31,162,94.58939999999997,169.17147137627637,1.7660416513573294,1060.0899942034687,-3.97,0,14,2
1H09Y5WO1F,572.5590000000003,5.707400000000005,77.84,1,7,6,3,2,5,0.3103448275862069,41,216,145.74379999999985,233.56810390235802,1.6028380261147845,1471.4108323161586,-4.48,1,12,1
PY79D6C8RX,1347.6570000000004,-3.50133000000001,516.6299999999999,16,17,42,2,2,4,0.5873015873015873,95,524,354.8234000000006,557.5049023528835,1.5619679486060583,2948.898635580522,-8.91,2,32,22
HYW8DB273J,584.105,5.090000000000003,85.86,2,9,8,3,2,5,0.4482758620689655,40,214,166.43689999999958,241.80310940792356,1.2704602012504989,1368.2385260900148,-2.8399999999999994,2,11,2
45TPJ4MBQ1,569.662,4.159040000000001,164.63,4,6,11,4,0,4,0.25,42,218,159.0552999999998,243.87781774407551,1.6804105525329995,1591.7878764661527,-4.96,0,10,6
F6RJL8B278,427.4200000000001,4.335500000000003,38.82000000000001,1,3,5,1,2,3,0.6666666666666666,28,156,117.69670000000005,178.4912902764129,1.3606357652528753,653.8057095941937,-1.1699999999999995,2,7,1
2WU922TK3L,1113.1989999999996,9.447500000000002,199.58,4,12,15,6,4,10,0.47368421052631576,80,426,285.2197999999999,458.18051791812206,0.9926307063421076,3104.3775239896604,-7.53,4,23,4
492M3I304T,477.6260000000002,1.8019000000000003,116.2,1,9,9,0,3,3,0.7368421052631579,30,168,115.41720000000004,187.20744784205425,1.6824965260542182,724.916594629283,-0.8799999999999999,2,11,1
CEGM9YBNGD,525.6130000000003,3.284380000000002,112.03999999999999,1,9,8,4,3,7,0.3793103448275862,39,200,145.66879999999983,226.59236373686772,1.1908901872740305,1508.2602529389314,-4.2,3,10,1
37JK4STR6Z,390.40899999999993,3.170600000000001,44.27,1,3,4,3,1,4,0.35,28,148,102.65570000000004,159.53550104232863,1.370501761403687,1015.9529729131667,-2.739999999999999,1,8,1
207SMY3FQT,489.9310000000001,5.544200000000003,91.92,2,4,7,4,0,4,0.13043478260869565,33,170,124.03069999999998,193.22233013170847,1.7779404633614702,1468.5907519896366,-3.299999999999999,0,10,2
Q2PCN8MAM6,582.97,4.324580000000003,119.28999999999999,1,6,7,3,2,5,0.2857142857142857,41,210,141.44569999999987,237.09907850049402,1.6055894134907036,1556.772172676448,-4.5,2,13,1
53EY29W7EC,407.57600000000014,5.675500000000006,58.59,0,4,20,0,0,0,1.0,27,164,112.7219000000001,168.5788333582453,3.311005116749057,371.68333286188033,0.06999999999999998,0,6,0
0A09IUW5TP,367.8770000000002,2.0878,76.82,2,5,6,1,2,3,0.6111111111111112,25,138,98.48460000000004,153.14051152196117,1.5747034287887254,630.4825720834971,-1.4999999999999998,1,7,3
01K63SUP8D,309.33099999999996,4.435000000000003,21.259999999999998,1,2,6,2,0,2,0.29411764705882354,22,118,79.79870000000004,127.47322151943766,2.1304560500911554,566.7079635485192,-2.0099999999999993,0,5,1
UP7QBP99PN,460.5080000000002,2.4342000000000006,119.07999999999998,1,7,8,2,1,3,0.3181818181818182,32,170,117.86050000000004,185.7788383107409,2.1316849521197563,1190.7606526293957,-3.4,0,10,1
1WPE73O1WV,533.6120000000001,4.200140000000003,135.53000000000003,3,8,8,4,1,5,0.4074074074074074,39,204,142.20009999999985,225.179926426778,1.219673622106282,1441.7261131754292,-4.1899999999999995,1,12,3
939U7C91AI,194.23399999999995,0.6517000000000002,78.34,2,3,4,1,0,1,0.3,14,76,53.65680000000002,82.84602030065949,2.3382579269626023,287.4332893900388,-1.5499999999999998,0,4,4
VHH774W97N,527.4000000000001,4.6342000000000025,85.95,1,6,8,4,0,4,0.21739130434782608,37,194,113.18880000000006,203.69700764846849,1.6433541862266827,1347.6701232086689,-4.0699999999999985,0,14,1
K418KG2GET,558.148,6.361920000000005,105.24,3,8,9,3,1,4,0.42857142857142855,38,204,154.15889999999976,230.0501581017474,1.6602249164640772,1389.2316268517166,-2.88,1,10,3
7732P08TIR,578.6009999999999,6.787020000000007,39.68000000000001,0,4,5,3,1,4,0.4,41,220,147.0019999999998,234.93789137440956,1.7932519810899148,1392.9593558408517,-3.5999999999999988,1,11,0
MZI81HV01P,546.201,2.5317999999999996,142.21,2,8,8,3,0,3,0.125,29,152,112.61990000000003,182.9021596381651,1.800136588722319,1081.56905378331,-2.3500000000000005,0,13,3
70BSQ12069,393.5060000000001,3.9165000000000028,26.79,0,4,5,2,3,5,0.4583333333333333,29,152,114.60850000000005,171.45686775131276,1.2195937728159478,912.8418331743101,-2.3999999999999995,1,5,0
XZ7BG04GJX,453.4580000000002,-0.5447999999999993,184.51,4,10,8,1,2,3,0.25,30,158,106.53270000000002,176.61495218218533,1.7938504712447687,1001.8616193320456,-3.3900000000000006,1,14,5
Z0CG3115FG,352.31600000000003,3.961300000000003,12.47,0,2,1,1,3,4,0.6666666666666666,21,116,91.69100000000006,138.1792960438263,1.322499231225462e-06,531.9496532772222,-0.54,2,3,0
7355X3ROTS,271.40400000000005,3.3834000000000026,12.47,0,2,1,1,3,4,0.6666666666666666,20,108,81.36900000000006,121.66659393137884,1.8780647132723418,526.1495492966155,-1.02,2,2,0
