drug_name,smiles,molecularweight,logp,tpsa,molarrefractivity,hbonddonors,hbondacceptors,nhohcount,nocount,rotatablebonds,numheteroatoms,qed,amidebonds,labuteasa,bertzct,lipinskiviolations,solubilityflag,permeabilityflag,predictedbcsclass,functional_group
(c10-c30)alkyl methacrylate ester,CC(=C)C(=O)OC1CCCCC1,168.23599999999996,2.438400000000001,26.3,47.779000000000025,0,2,0,2,2,2,0.4673236869216076,0,73.60336320123619,178.27760081648816,0,True,True,I,"{""Alkene"": 1, ""Ester"": 1, ""Ether"": 1}"
(n-(3-cholamidopropyl)-n-(3-lactobionamidopropyl))cholamide,C[C@H](CCC(=O)NCCCN(CCCNC(=O)[C@@H]([C@H]([C@@H]([C@@H](CO)O)O[C@H]1[C@@H]([C@H]([C@H]([C@H](O1)CO)O)O)O)O)O)C(=O)CC[C@@H](C)[C@H]2CC[C@@H]3[C@@]2([C@H](C[C@H]4[C@H]3[C@@H](C[C@H]5[C@@]4(CC[C@H](C5)O)C)O)O)C)[C@H]6CC[C@@H]7[C@@]6([C@H](C[C@H]8[C@H]7[C@@H](C[C@H]9[C@@]8(CC[C@H](C9)O)C)O)O)C,1252.6319999999996,0.8431000000000184,380.19000000000005,320.38260000000014,16,19,16,22,24,22,0.0595578847128124,3,520.0984954091547,2343.079952589857,3,False,False,IV,"{""Alcohol"": 1, ""Amide"": 1, ""Ether"": 1}"
.alpha.-(.alpha.-aminopropyl)benzyl alcohol,CCC(C(C1=CC=CC=C1)O)N,165.236,1.4573,46.25,49.66820000000003,2,2,3,2,3,2,0.7118510032686617,0,73.02529602629212,222.5400055614587,0,True,True,I,"{""Alcohol"": 1, ""Benzene_Ring"": 1, ""Primary_Amine"": 1}"
".alpha.-bisabolol, (+)-",CC1=CC[C@@H](CC1)[C@@](C)(CCC=C(C)C)O,222.372,4.230200000000004,20.23,70.38680000000004,1,1,1,1,4,1,0.7056993465961422,0,100.25763716368034,279.8100768023833,0,True,True,I,"{""Alcohol"": 1, ""Alkene"": 1}"
".alpha.-bisabolol, (+/-)-",CC1=CC[C@@H](CC1)[C@@](C)(CCC=C(C)C)O,222.372,4.230200000000004,20.23,70.38680000000004,1,1,1,1,4,1,0.7056993465961422,0,100.25763716368034,279.8100768023833,0,True,True,I,"{""Alcohol"": 1, ""Alkene"": 1}"
.alpha.-hexylcinnamaldehyde,CCCCCC/C(=C\C1=CC=CC=C1)/C=O,216.324,4.239300000000004,17.07,69.24200000000005,0,1,0,1,7,1,0.3783149204846917,0,98.18780121692596,324.5480049718988,0,True,True,I,"{""Aldehyde"": 1, ""Alkene"": 1, ""Benzene_Ring"": 1}"
.alpha.-isobutylphenethyl alcohol,CC(C)CC(CC1=CC=CC=C1)O,178.275,2.636100000000001,20.23,55.60780000000004,1,1,1,1,4,1,0.7511238143646544,0,80.41528955807263,228.1396094513844,0,True,True,I,"{""Alcohol"": 1, ""Benzene_Ring"": 1}"
.alpha.-tocopherol,CC1=C(C2=C(CC[C@@](O2)(C)CCC[C@H](C)CCC[C@H](C)CCCC(C)C)C(=C1O)C)C,430.7170000000002,8.840260000000002,29.46,134.3908,1,2,1,2,12,2,0.3586439444789778,0,192.72701957879264,705.4238777923209,1,False,False,IV,"{""Benzene_Ring"": 1, ""Ether"": 1, ""Phenol"": 1}"
.alpha.-tocopherol acetate,CC1=C(C(=C(C2=C1O[C@](CC2)(C)CCC[C@H](C)CCC[C@H](C)CCCC(C)C)C)OC(=O)C)C,472.7540000000003,9.059960000000002,35.53,144.03499999999988,0,3,0,3,13,3,0.2120436659581116,0,209.93773738494056,809.6304804227296,1,False,False,IV,"{""Benzene_Ring"": 1, ""Ester"": 1, ""Ether"": 1}"
".alpha.-tocopherol acetate, dl-",CC1=C(C(=C(C2=C1OC(CC2)(C)CCCC(C)CCCC(C)CCCC(C)C)C)OC(=O)C)C,472.7540000000003,9.059960000000002,35.53,144.03499999999988,0,3,0,3,13,3,0.2120436659581116,0,209.93773738494056,809.6304804227296,1,False,False,IV,"{""Benzene_Ring"": 1, ""Ester"": 1, ""Ether"": 1}"
".alpha.-tocopherol succinate, d-",CC1=C(C(=C(C2=C1O[C@](CC2)(C)CCC[C@H](C)CCC[C@H](C)CCCC(C)C)C)OC(=O)CCC(=O)O)C,530.7900000000004,8.904860000000006,72.83,155.2307999999998,1,4,1,5,16,5,0.1705634604813742,0,231.6233774659736,934.0479794346676,2,False,False,IV,"{""Benzene_Ring"": 1, ""Carboxylic_Acid"": 1, ""Ester"": 1, ""Ether"": 1}"
".alpha.-tocopherol, d-",CC1=C(C2=C(CC[C@@](O2)(C)CCC[C@H](C)CCC[C@H](C)CCCC(C)C)C(=C1O)C)C,430.7170000000002,8.840260000000002,29.46,134.3908,1,2,1,2,12,2,0.3586439444789778,0,192.72701957879264,705.4238777923209,1,False,False,IV,"{""Benzene_Ring"": 1, ""Ether"": 1, ""Phenol"": 1}"
".alpha.-tocopherol, dl-",CC1=C(C2=C(CCC(O2)(C)CCCC(C)CCCC(C)CCCC(C)C)C(=C1O)C)C,430.7170000000002,8.840260000000002,29.46,134.3908,1,2,1,2,12,2,0.3586439444789778,0,192.72701957879264,705.4238777923209,1,False,False,IV,"{""Benzene_Ring"": 1, ""Ether"": 1, ""Phenol"": 1}"
.beta.-bisabolol,CC1=CC[C@@](CC1)([C@@H](C)CCC=C(C)C)O,222.372,4.230200000000005,20.23,70.38680000000004,1,1,1,1,4,1,0.7056993465961421,0,100.25763716368031,283.8100768023833,0,True,True,I,"{""Alcohol"": 1, ""Alkene"": 1}"
".beta.-citronellol, (r)-",C[C@H](CCC=C(C)C)CCO,156.26899999999998,2.751300000000001,20.23,49.53180000000003,1,1,1,1,5,1,0.6067463726043822,0,70.12836077741079,112.0411847243922,0,True,True,I,"{""Alcohol"": 1, ""Alkene"": 1}"
.gamma.-decalactone,CCCCCCC1CCC(=O)O1,170.25199999999998,2.6624000000000008,26.3,47.87300000000003,0,2,0,2,5,2,0.4680999699904182,0,74.29296623342044,142.77400566229178,0,True,True,I,"{""Ester"": 1, ""Ether"": 1}"
"1,1,1,2,2,3,3,4,4-nonafluorononane",CCCCCC(C(C(C(F)(F)F)(F)F)(F)F)(F)F,290.1689999999999,5.034900000000002,0.0,45.038000000000025,0,0,0,0,6,9,0.4749074389236081,0,97.14860656933853,265.7021006308988,1,False,False,IV,"{""Fluorine"": 1}"
"1,1,1,2-tetrachloro-2-fluoroethane",C(C(Cl)(Cl)Cl)(F)Cl,185.84,2.891,0.0,31.039,0,0,0,0,0,5,0.5096856354695175,0,60.48279345267909,55.20035947603792,0,True,True,I,"{""Chlorine"": 1, ""Fluorine"": 1}"
"1,1,1,2-tetrafluorochloroethane",C(C(F)(F)F)(F)Cl,136.47500000000002,2.0831,0.0,16.804000000000002,0,0,0,0,0,5,0.3533487606459926,0,42.06960098081277,55.20035947603792,0,True,True,I,"{""Chlorine"": 1, ""Fluorine"": 1}"
"1,2,6-hexanetriol",C(CCO)CC(CO)O,134.175,-0.4977999999999999,60.69,34.02939999999999,3,3,3,3,5,3,0.4442255586088843,0,54.94666285640062,56.2646625064904,0,True,True,I,"{""Alcohol"": 1}"
"1,2-diarachidoyl-sn-glycero-3-phosphocholine",CCCCCCCCCCCCCCCCCCCC(=O)OC[C@H](COP(=O)([O-])OCC[N+](C)(C)C)OC(=O)CCCCCCCCCCCCCCCCCCC,846.268999999999,13.732599999999978,111.19,240.8088999999988,0,8,0,9,46,10,0.0257694244132124,0,358.9824051060546,958.4977262528384,2,False,False,IV,"{""Ester"": 1, ""Ether"": 1}"
"1,2-dimyristoyl-sn-glycero-3-carboxaminopropylpolyethylene glycol 2000 methyl ether",CCCCCCCCCCCCCC(=O)OCC(COP(=O)(O)OCC(CO)O)OC(=O)CCCCCCCCCCCCC,666.8739999999996,8.330400000000012,148.82,177.81689999999958,3,9,3,10,34,11,0.034756190094501,0,273.4918778520958,735.7672432564725,2,False,False,IV,"{""Alcohol"": 1, ""Ester"": 1, ""Ether"": 1}"
"1,2-distearoyl-sn-glycero-3-(phospho-rac-(1-glycerol))",CCCCCCCCCCCCCCCCCC(=O)OC[C@H](COP(=O)(O)OCC(CO)O)OC(=O)CCCCCCCCCCCCCCCCC,779.0899999999991,11.451199999999991,148.82,214.7528999999991,3,9,3,10,42,11,0.0310403376736236,0,324.41141476726847,857.7781177963141,2,False,False,IV,"{""Alcohol"": 1, ""Ester"": 1, ""Ether"": 1}"
"1,2-distearoyl-sn-glycero-3-phosphocholine",CCCCCCCCCCCCCCCCCC(=O)OC[C@H](COP(=O)([O-])OCC[N+](C)(C)C)OC(=O)CCCCCCCCCCCCCCCCC,790.1609999999991,12.172199999999988,111.19,222.34089999999887,0,8,0,9,42,10,0.0260053944034776,0,333.5226366484683,896.3032498621243,2,False,False,IV,"{""Ester"": 1, ""Ether"": 1}"
"1,2-docosahexanoyl-sn-glycero-3-phosphoserine calcium",CC/C=C\C/C=C\C/C=C\C/C=C\C/C=C\C/C=C\CCC(=O)OC[C@@H](OC(=O)CC/C=C\C/C=C\C/C=C\C/C=C\C/C=C\C/C=C\CC)COP(=O)(OC[C@H](N)C(=O)O)[O-].CC/C=C\C/C=C\C/C=C\C/C=C\C/C=C\C/C=C\CCC(=O)OC[C@@H](OC(=O)CC/C=C\C/C=C\C/C=C\C/C=C\C/C=C\C/C=C\CC)COP(=O)(OC[C@H](N)C(=O)O)[O-].[Ca+2],1798.288000000001,22.240600000000025,349.0199999999999,507.4754000000018,4,20,6,22,76,25,0.0144423690644671,0,778.2730789175024,3433.229543472576,3,False,False,IV,"{""Alkene"": 1, ""Carboxylic_Acid"": 1, ""Ester"": 1, ""Ether"": 1, ""Primary_Amine"": 1}"
"1,2-hexanediol",CCCCC(CO)O,118.17599999999996,0.5297999999999998,40.46,32.61759999999998,2,2,2,2,4,2,0.5649774680960821,0,50.15242910420461,45.79319390447951,0,True,True,I,"{""Alcohol"": 1}"
"1,2-icosapentoyl-sn-glycero-3-phosphoserine calcium",CC/C=C\C/C=C\C/C=C\C/C=C\C/C=C\CCCCC(=O)O[C@@H](COP(=O)(OC[C@H](N)C(=O)O)[O-])COC(=O)CCC/C=C\C/C=C\C/C=C\C/C=C\C/C=C\CC.CC/C=C\C/C=C\C/C=C\C/C=C\C/C=C\CCCCC(=O)O[C@@H](COP(=O)(OC[C@H](N)C(=O)O)[O-])COC(=O)CCC/C=C\C/C=C\C/C=C\C/C=C\C/C=C\CC.[Ca+2],1722.1900000000005,20.796000000000003,349.0199999999999,480.1494000000017,4,20,6,22,74,25,0.0109702834469225,0,742.8418383598597,3132.0248008128187,3,False,False,IV,"{""Alkene"": 1, ""Carboxylic_Acid"": 1, ""Ester"": 1, ""Ether"": 1, ""Primary_Amine"": 1}"
"1,3-propanediol bis(4-aminobenzoate)",C1=CC(=CC=C1C(=O)OCCCOC(=O)C2=CC=C(C=C2)N)N,314.341,2.2549,104.64,86.89080000000003,2,6,4,6,6,6,0.4812026516544334,0,133.54312395067075,606.49765209744,0,True,True,I,"{""Benzene_Ring"": 1, ""Ester"": 1, ""Ether"": 1, ""Primary_Amine"": 1}"
"1,4-butanediol monovinyl ether",C=COCCCCO,116.16,0.9189999999999998,29.46,32.46879999999999,1,2,1,2,5,2,0.4272325395208595,0,49.782137549331225,52.49022499567306,0,True,True,I,"{""Alcohol"": 1, ""Alkene"": 1, ""Ether"": 1}"
"1,4-sorbitan",C1[C@@H]([C@H]([C@H](O1)[C@@H](CO)O)O)O,164.157,-2.5398,90.15,34.84619999999999,4,5,4,5,2,5,0.360852682977336,0,63.84861068457427,128.1410501945021,0,True,True,I,"{""Alcohol"": 1, ""Ether"": 1}"
1-ethyl citrate,CCOC(=O)CC(CC(=O)O)(C(=O)O)O,220.177,-0.77,121.13000000000002,46.088400000000014,3,5,3,7,6,7,0.5022170595747624,0,85.27465861483202,272.16375011495035,0,True,True,I,"{""Alcohol"": 1, ""Carboxylic_Acid"": 1, ""Ester"": 1, ""Ether"": 1}"
1-o-(dihydroxymethylsilyl)-.beta.-d-mannopyranuronic acid,C[Si](O)(O)O[C@H]1[C@H]([C@H]([C@@H]([C@H](O1)C(=O)O)O)O)O,270.266,-3.5514999999999985,156.91,51.45780000000003,6,8,6,9,3,10,0.2855134818124011,0,96.82806046501544,289.55918154694393,1,True,False,III,"{""Alcohol"": 1, ""Carboxylic_Acid"": 1, ""Ether"": 1}"
1-propoxy-2-propanol,CCCOCC(C)O,118.17599999999996,0.7938000000000001,29.46,32.79079999999998,1,2,1,2,4,2,0.552991092697542,0,50.47174058151548,43.79319390447952,0,True,True,I,"{""Alcohol"": 1, ""Ether"": 1}"
1-vinyl-2-pyrrolidone,C=CN1CCCC1=O,111.144,0.7523,20.31,31.143999999999988,0,1,0,2,1,2,0.4886920431591795,1,48.789883184346245,119.6969428639286,0,True,True,I,"{""Alkene"": 1, ""Amide"": 1}"
"2,3-pentanedione",CCC(=O)C(=O)C,100.117,0.5545,34.14,25.97899999999999,0,2,0,2,2,2,0.4748220028701909,0,42.522063685503504,94.25327665163482,0,True,True,I,"{""Ketone"": 1}"
"2,4-dihydroxybenzoic acid",C1=CC(=C(C=C1O)O)C(=O)O,154.12099999999998,0.7959999999999998,77.76,36.7309,3,3,3,4,1,4,0.5585391396988667,0,62.34056859052537,292.4920897763861,0,True,True,I,"{""Benzene_Ring"": 1, ""Carboxylic_Acid"": 1, ""Phenol"": 1}"
2-(n-morpholino)ethanesulfonic acid,C1COCCN1CCS(=O)(=O)O,195.24,-0.7935999999999988,66.84,43.67460000000002,1,4,1,5,3,6,0.5975042874868886,0,72.06014535603421,219.7025844930632,0,True,True,I,"{""Ether"": 1, ""Tertiary_Amine"": 1}"
2-aminoethanol,C(CO)N,61.084,-1.0626,46.25,16.140200000000004,2,2,3,2,1,2,0.4055784163621654,0,25.238317591434885,8.0,0,True,True,I,"{""Alcohol"": 1, ""Primary_Amine"": 1}"
2-ethylhexyl acrylate,CCCCC(CC)COC(=O)C=C,184.279,2.9320000000000013,26.3,54.46200000000004,0,2,0,2,7,2,0.4489360624284513,0,80.974136469162,152.16926858274718,0,True,True,I,"{""Alkene"": 1, ""Ester"": 1, ""Ether"": 1}"
2-ethylhexyl acrylate-methyl acrylate-glycidyl methacrylate-acrylic acid copolymer (for duro-tak 387-2353),CC(=C)C(=O)OCCOC(=O)C(=C)C,198.218,1.225,52.6,51.54600000000003,0,4,0,4,5,4,0.3784671259823138,0,83.19465865213179,237.29556359515863,0,True,True,I,"{""Alkene"": 1, ""Ester"": 1, ""Ether"": 1}"
2-hydroxyethyl acrylate,C=CC(=O)OCCO,116.116,-0.2921000000000001,46.53,28.241799999999987,1,3,1,3,3,3,0.4067615269019466,0,47.57871753497837,87.67457204070747,0,True,True,I,"{""Alcohol"": 1, ""Alkene"": 1, ""Ester"": 1, ""Ether"": 1}"
2-hydroxyethyl methacrylate,CC(=C)C(=O)OCCO,130.143,0.098,46.53,32.85879999999999,1,3,1,3,3,3,0.4350020537254834,0,53.94365964937498,117.47138037474598,0,True,True,I,"{""Alcohol"": 1, ""Alkene"": 1, ""Ester"": 1, ""Ether"": 1}"
2-methacryloyloxyethyl phosphorylcholine,CC(=C)C(=O)OCCOP(=O)([O-])OCC[N+](C)(C)C,295.272,0.3135000000000005,84.89,68.18290000000003,0,6,0,7,9,8,0.2000683726690469,0,113.51487651164558,362.6871361279116,0,True,True,I,"{""Alkene"": 1, ""Ester"": 1, ""Ether"": 1}"
"3-hexen-1-ol, (3z)-",CC/C=C\CCO,100.161,1.335,20.23,31.133799999999983,1,1,1,1,3,1,0.5304015629545965,0,44.66859231982434,48.14170945007629,0,True,True,I,"{""Alcohol"": 1, ""Alkene"": 1}"
"3-hexenyl acetate, cis-",CC/C=C\CCOC(=O)C,142.198,1.9058,26.3,40.68100000000001,0,2,0,2,4,2,0.3402461316750794,0,61.87931012597218,116.42599881712918,0,True,True,I,"{""Alkene"": 1, ""Ester"": 1, ""Ether"": 1}"
"3-hexenyl butyrate, (3z)-",CCCC(=O)OCC/C=C\CC,170.25199999999998,2.686000000000001,26.3,49.91500000000003,0,2,0,2,6,2,0.347826517945107,0,74.6091943547654,138.7740056622918,0,True,True,I,"{""Alkene"": 1, ""Ester"": 1, ""Ether"": 1}"
"3-hexenyl hexanoate, (3z)-",CCCCCC(=O)OCC/C=C\CC,198.30599999999995,3.4662000000000024,26.3,59.14900000000004,0,2,0,2,8,2,0.3389627114990167,0,87.33907858355862,161.70466441100882,0,True,True,I,"{""Alkene"": 1, ""Ester"": 1, ""Ether"": 1}"
4-acetylanisole,CC(=O)C1=CC=C(C=C1)OC,150.17699999999996,1.8978,26.3,42.99850000000002,0,2,0,2,2,2,0.6016592633823299,0,65.80129679223742,248.77017257091032,0,True,True,I,"{""Benzene_Ring"": 1, ""Ether"": 1, ""Ketone"": 1}"
4-butylresorcinol,CCCCC1=C(C=C(C=C1)O)O,166.22,2.440400000000001,40.46,48.38360000000004,2,2,2,2,3,2,0.7236149296231619,0,72.47963908147543,256.01553398962693,0,True,True,I,"{""Benzene_Ring"": 1, ""Phenol"": 1}"
7-dehydrocholesterol,C[C@H](CCCC(C)C)[C@H]1CC[C@@H]2[C@@]1(CC[C@H]3C2=CC=C4[C@@]3(CC[C@@H](C4)O)C)C,384.6480000000002,7.3088000000000095,20.23,119.02880000000007,1,1,1,1,5,1,0.5266275799697053,0,173.61944907585195,642.6477265296509,1,False,False,IV,"{""Alcohol"": 1, ""Alkene"": 1}"
acacia,C1=CC=C(C(=C1)C(=O)O)O,138.122,1.0903999999999998,57.53,35.06609999999999,2,2,2,3,1,3,0.6102585058580265,0,57.54633483832936,254.78306142431708,0,True,True,I,"{""Benzene_Ring"": 1, ""Carboxylic_Acid"": 1, ""Phenol"": 1}"
acai oil,CC(=O)NC1=CC=C(C=C1)O,151.165,1.3505999999999998,49.33,42.41050000000002,2,2,2,3,1,3,0.5950261967780849,1,64.66690538413799,253.29949758389105,0,True,True,I,"{""Amide"": 1, ""Benzene_Ring"": 1, ""Phenol"": 1}"
acesulfame,CC1=CC(=O)NS(=O)(=O)O1,163.154,-0.7185999999999999,72.47,31.904499999999995,1,4,1,5,0,6,0.5112253347810287,1,57.93335246693767,288.3794521928599,0,True,True,I,"{""Alkene"": 1, ""Amide"": 1}"
acesulfame potassium,CC1=CC(=O)[N-]S(=O)(=O)O1.[K+],201.244,-2.9304999999999994,74.54,32.12779999999999,0,4,0,5,0,7,0.393203044275501,1,106.85591716230024,293.21391904899656,0,True,True,I,"{""Alkene"": 1}"
acetate ion,CC(=O)[O-],59.044,-1.2438,40.13,10.681,0,2,0,2,0,2,0.3497740223042638,0,24.05994899446593,27.01955000865388,0,True,True,I,{}
acetic acid,CC(=O)O,60.05200000000001,0.0908999999999999,37.3,13.3098,1,1,1,2,0,2,0.4298828832001217,0,24.05994899446593,27.01955000865388,0,True,True,I,"{""Carboxylic_Acid"": 1}"
acetoin,CC(C(=O)C)O,88.106,-0.0438,37.3,22.361799999999995,1,2,1,2,1,2,0.4878577781338866,0,36.78983322325915,56.568425030288566,0,True,True,I,"{""Alcohol"": 1, ""Ketone"": 1}"
acetone,CC(=O)C,58.08,0.5952999999999999,17.07,16.355,0,1,0,1,0,1,0.3982369618339747,0,25.63065735666653,26.264662506490403,0,True,True,I,"{""Ketone"": 1}"
acetyl triethylhexyl citrate,CCCCC(CC)COC(=O)CC(CC(=O)OCC(CC)CCCC)(C(=O)OCC(CC)CCCC)OC(=O)C,570.8080000000004,7.3473000000000095,105.20000000000002,156.52599999999975,0,8,0,8,24,8,0.087602877401769,0,243.15272589232703,685.7039952685168,2,False,False,IV,"{""Ester"": 1, ""Ether"": 1}"
acetylated sucrose distearate,CCCCCCCCCCCCCCCCCC(=O)O.CC(=O)O.C([C@@H]1[C@H]([C@@H]([C@H]([C@H](O1)O[C@]2([C@H]([C@@H]([C@H](O2)CO)O)O)CO)O)O)O)O,686.8330000000005,1.027800000000004,264.12999999999994,169.13299999999984,10,13,10,15,21,15,0.0755972102879534,0,277.6584739846928,796.4623170947216,3,False,False,IV,"{""Alcohol"": 1, ""Carboxylic_Acid"": 1, ""Ether"": 1}"
acetylsalicylsalicylic acid,CC(=O)OC1=CC=CC=C1C(=O)OC2=CC=CC=C2C(=O)O,300.266,2.5293,89.90000000000002,76.11080000000004,1,5,1,6,4,6,0.6890062124965186,0,125.45415629448851,734.9208195249171,0,True,True,I,"{""Benzene_Ring"": 1, ""Carboxylic_Acid"": 1, ""Ester"": 1, ""Ether"": 1}"
acetyltributyl citrate,CCCCOC(=O)CC(CC(=O)OCCCC)(C(=O)OCCCC)OC(=O)C,402.4840000000002,3.0984000000000016,105.20000000000002,101.33200000000008,0,8,0,8,15,8,0.2336942777760134,0,166.77342051956774,476.4341545895363,0,True,True,I,"{""Ester"": 1, ""Ether"": 1}"
acetyltriethyl citrate,CCOC(=O)CC(CC(=O)OCC)(C(=O)OCC)OC(=O)C,318.32200000000006,0.7578,105.20000000000002,73.63000000000004,0,8,0,8,9,8,0.4529585950679372,0,128.583767833188,395.0658997724694,0,True,True,I,"{""Ester"": 1, ""Ether"": 1}"
acrylamide,C=CC(=O)N,71.07900000000001,-0.3423,43.09,19.3914,1,1,2,2,1,2,0.42199583868683,1,30.28094502149499,57.91340299823497,0,True,True,I,"{""Alkene"": 1, ""Amide"": 1}"
acrylic acid,C=CC(=O)O,72.06299999999999,0.2569999999999999,37.3,17.8328,1,1,1,2,1,2,0.4508580596042506,0,29.735288076678287,55.91340299823497,0,True,True,I,"{""Alkene"": 1, ""Carboxylic_Acid"": 1}"
adenine hydrochloride,C1=NC2=NC=NC(=C2N1)N.Cl,171.59099999999998,0.3569,80.48,43.344100000000005,2,4,3,5,0,6,0.5998085242551662,0,68.47415596464813,356.40026378792777,0,True,True,I,"{""Chlorine"": 1, ""Primary_Amine"": 1}"
adipic acid,C(CCC(=O)O)CC(=O)O,146.142,0.716,74.6,33.73959999999999,2,2,2,4,5,4,0.5600766476893669,0,58.475473304292144,113.70950594454668,0,True,True,I,"{""Carboxylic_Acid"": 1}"
adrabetadex,CC(COC[C@@H]1[C@@H]2C[C@H]([C@H](O1)O[C@@H]3[C@H](O[C@@H]([C@@H]([C@H]3O)OCC(C)O)O[C@@H]4[C@H](O[C@@H]([C@@H]([C@H]4O)O)O[C@@H]5[C@H](O[C@@H]([C@@H]([C@H]5O)O)O[C@@H]6[C@H](O[C@@H]([C@@H]([C@H]6O)O)O[C@@H]7[C@H](O[C@@H]([C@@H]([C@H]7O)O)O[C@@H]8[C@H](O[C@H](O2)[C@@H]([C@H]8O)O)COCC(C)O)CO)COCC(C)O)CO)CO)CO)O)O,1351.3080000000016,-12.581000000000046,570.7400000000002,288.6999999999996,20,38,20,38,19,38,0.0570946103306798,0,525.9630230376599,2140.9209297449484,3,False,False,IV,"{""Alcohol"": 1, ""Ether"": 1}"
advantame,COC1=C(C=C(C=C1)CCCN[C@@H](CC(=O)O)C(=O)N[C@@H](CC2=CC=CC=C2)C(=O)OC)O.O,476.5260000000002,0.842099999999999,165.69,124.72980000000004,4,7,6,10,13,10,0.2437920412984289,1,197.74840475748783,935.825120216338,0,True,False,III,"{""Amide"": 1, ""Benzene_Ring"": 1, ""Carboxylic_Acid"": 1, ""Ester"": 1, ""Ether"": 1, ""Phenol"": 1, ""Secondary_Amine"": 1}"
air,CC1=CC(=O)C2=C(O1)C=C3C(=C2O)C(=O)C(=C(C3=O)OC)C4=C(C(=O)C5=CC6=C(C(=O)C=C(O6)C)C(=C5C4=O)O)OC,570.4620000000004,3.1866400000000024,187.61999999999995,143.16359999999992,2,12,2,12,3,12,0.3666602671171552,0,233.23458760205023,2046.791345195558,2,False,False,IV,"{""Alkene"": 1, ""Benzene_Ring"": 1, ""Ether"": 1, ""Ketone"": 1, ""Phenol"": 1}"
alanine,C[C@@H](C(=O)O)N,89.09400000000001,-0.5817999999999999,63.31999999999999,21.285200000000003,2,2,3,3,1,3,0.4513521877377077,0,35.76478180587526,59.813537528125096,0,True,True,I,"{""Carboxylic_Acid"": 1, ""Primary_Amine"": 1}"
albumin human,C[N+](C)(C)C.C\1CC(=C(/C1=C/C(C#N)C#N)Cl)/C=C(/C#N)\C2=NC3=C(O2)C=CC(=C3)Cl,455.36900000000014,5.5870400000000044,97.4,121.47740000000005,0,5,0,6,3,8,0.4441608448295805,0,191.65138628501663,1173.7382950495985,1,False,False,IV,"{""Alkene"": 1, ""Benzene_Ring"": 1, ""Chlorine"": 1, ""Nitrile"": 1}"
alcohol,CCO,46.069,-0.0014,20.23,12.759800000000002,1,1,1,1,0,1,0.4068079656553945,0,19.89842689442217,2.754887502163468,0,True,True,I,"{""Alcohol"": 1}"
alcohol 95%,CCO,46.069,-0.0014,20.23,12.759800000000002,1,1,1,1,0,1,0.4068079656553945,0,19.89842689442217,2.754887502163468,0,True,True,I,"{""Alcohol"": 1}"
alfadex,C([C@@H]1[C@@H]2[C@@H]([C@H]([C@H](O1)O[C@@H]3[C@H](O[C@@H]([C@@H]([C@H]3O)O)O[C@@H]4[C@H](O[C@@H]([C@@H]([C@H]4O)O)O[C@@H]5[C@H](O[C@@H]([C@@H]([C@H]5O)O)O[C@@H]6[C@H](O[C@@H]([C@@H]([C@H]6O)O)O[C@@H]7[C@H](O[C@H](O2)[C@@H]([C@H]7O)O)CO)CO)CO)CO)CO)O)O)O,972.8460000000008,-13.054800000000023,474.90000000000015,195.8003999999997,18,30,18,30,6,30,0.1174893602553887,0,372.1301572506171,1233.4857443469036,3,False,False,IV,"{""Alcohol"": 1, ""Ether"": 1}"
algeldrate,O.[OH-].[OH-].[OH-].[Al+3],96.018,-1.7358999999999998,121.5,15.175199999999998,0,3,5,4,0,5,0.3324332214221859,0,40.16500446554792,3.6096404744368114,0,True,True,I,{}
alginic acid,[C@@H]1([C@@H]([C@H](O[C@H]([C@H]1O)O)C(=O)[O-])O)O.[Na+],216.121,-7.459799999999997,130.28,33.90719999999999,4,7,4,7,1,8,0.320093633137699,0,101.21776615952602,210.35670067011733,0,True,True,I,"{""Alcohol"": 1, ""Ether"": 1}"
allantoin,C1(C(=O)NC(=O)N1)NC(=O)N,158.117,-2.1798,113.32,33.1815,4,3,5,7,1,7,0.3251381485928125,5,61.30228976545828,225.37706033746232,0,True,True,I,"{""Amide"": 1, ""Urea"": 1}"
allyl hexanoate,CCCCCC(=O)OCC=C,156.22499999999997,2.2959000000000005,26.3,45.298000000000016,0,2,0,2,6,2,0.3348650134513954,0,68.2442522403688,118.731140660285,0,True,True,I,"{""Alkene"": 1, ""Ester"": 1, ""Ether"": 1}"
allyl pentaerythritol,C=CCOCC(CO)(CO)CO,176.212,-0.8477000000000003,69.92,44.706400000000016,3,4,3,4,7,4,0.3489903261096387,0,72.10048928251646,111.96160537041902,0,True,True,I,"{""Alcohol"": 1, ""Alkene"": 1, ""Ether"": 1}"
almond oil,C1=CC=C(C=C1)C(C(=O)O)O,152.14899999999997,0.8046,57.53,39.03760000000001,2,2,2,3,2,3,0.6586905854079069,0,63.91127695272596,242.77390023702043,0,True,True,I,"{""Alcohol"": 1, ""Benzene_Ring"": 1, ""Carboxylic_Acid"": 1}"
aloe,C1=CC2=C(C(=C1)O)C(=O)C3=C(C2=O)C=C(C=C3O)CO,270.23999999999995,1.3654999999999995,94.83,69.0014,3,5,3,5,1,5,0.6203819640195609,0,113.28323797189718,761.0994568832566,0,True,True,I,"{""Alcohol"": 1, ""Benzene_Ring"": 1, ""Ketone"": 1, ""Phenol"": 1}"
aloe vera leaf,CC/C=C\CC/C=C/C=O,138.20999999999998,2.4879000000000007,17.07,43.86900000000002,0,1,0,1,5,1,0.2467253642166312,0,62.44110397867766,122.6899559358928,0,True,True,I,"{""Aldehyde"": 1, ""Alkene"": 1}"
alpha-tocopherylquinone,CC1=C(C(=O)C(=C(C1=O)C)CC[C@@](C)(CCC[C@H](C)CCC[C@H](C)CCCC(C)C)O)C,446.7160000000003,7.761400000000011,54.370000000000005,135.66480000000004,1,3,1,3,15,3,0.2614441486685151,0,197.68987096532044,693.1905351121593,1,False,False,IV,"{""Alcohol"": 1, ""Alkene"": 1, ""Ketone"": 1}"
aluminum,[Al],26.982,-0.3808,0.0,5.754,0,0,0,0,0,1,0.3170013290932024,0,18.241990751890413,0.0,0,True,True,I,{}
aluminum chloride,[Al](Cl)(Cl)Cl,133.341,1.6877,0.0,23.313,0,0,0,0,0,4,0.4411706896899924,0,41.65084248230029,8.0,0,True,True,I,"{""Chlorine"": 1}"
aluminum chlorohydrex propylene glycol,CC(CO)O.O.[OH-].[OH-].[OH-].[OH-].[OH-].[Al+3].[Al+3].[Cl-],268.562,-6.106799999999997,221.96,43.56740000000001,2,7,9,8,1,11,0.4369264931885184,0,109.84224256802388,36.54808140664299,0,True,False,III,"{""Alcohol"": 1, ""Chlorine"": 1}"
aluminum hydroxide,[OH-].[OH-].[OH-].[Al+3],78.00300000000001,-0.9111999999999998,90.0,11.5614,0,3,3,3,0,4,0.3509232857544289,0,34.684251037133535,3.245112497836532,0,True,True,I,{}
aluminum monostearate,CCCCCCCCCCCCCCCCCC(=O)[O-].[OH-].[OH-].[Al+3],344.472,4.2634000000000025,100.13,94.17860000000006,0,4,2,4,16,5,0.308179645769164,0,153.73404267362716,213.1982661833908,0,True,True,I,{}
aluminum oxide,[O-2].[O-2].[O-2].[Al+3].[Al+3],101.961,-1.118,85.5,13.5675,0,0,0,3,0,5,0.3467622038213001,0,51.55776402912024,4.854752972273344,0,True,True,I,{}
aluminum phosphate,[O-]P(=O)([O-])[O-].[Al+3],121.952,-3.2054,86.25,13.360499999999998,0,4,0,4,0,6,0.2497309998286836,0,45.18013383648277,53.68367439558378,0,True,True,I,{}
aluminum silicate,[O-2].[O-2].[O-2].[O-2].[O-2].[Al+3].[Al+3].[Si+4],162.04500000000002,-1.7364,142.5,20.6945,0,0,0,5,0,8,0.3724439010507858,0,73.2927877600681,10.39035952556319,0,True,False,III,{}
aluminum stearate,CCCCCCCCCCCCCCCCCC(=O)[O-].CCCCCCCCCCCCCCCCCC(=O)[O-].CCCCCCCCCCCCCCCCCC(=O)[O-].[Al+3],877.4099999999994,14.61259999999997,120.39,259.4129999999988,0,6,0,6,48,7,0.0443289681031907,0,391.833625946614,716.7537761779013,2,False,False,IV,{}
aluminum subacetate,CC(=O)[O-].CC(=O)[O-].[OH-].[Al+3],162.077,-3.0451999999999986,110.26,29.0518,0,5,1,5,0,6,0.3512434897467556,0,69.10568664942923,71.64874049174456,0,True,True,I,{}
aluminum sulfate,[O-]S(=O)(=O)[O-].[O-]S(=O)(=O)[O-].[O-]S(=O)(=O)[O-].[Al+3].[Al+3],342.153,-4.775599999999999,240.78,42.9318,0,12,0,12,0,17,0.2285631982883775,0,118.02861811934876,340.6558969276571,1,True,False,III,{}
amaranth,C1=CC=C2C(=C1)C(=CC=C2S(=O)(=O)[O-])N=NC3=C4C=CC(=CC4=CC(=C3O)S(=O)(=O)[O-])S(=O)(=O)[O-].[Na+].[Na+].[Na+],604.4830000000003,-6.161699999999996,216.55,117.6264,1,12,1,12,5,18,0.1291400094112907,0,283.21894488397425,1897.0401715043104,2,False,False,IV,"{""Azo"": 1, ""Benzene_Ring"": 1, ""Phenol"": 1}"
amino acids,C1(=C(NC(=O)NC1=O)N)Br,205.999,-0.5921000000000003,91.74,39.79579999999999,3,3,4,5,0,6,0.5290990176014471,0,63.40118158413159,352.2557158672904,0,True,True,I,"{""Bromine"": 1, ""Primary_Amine"": 1}"
aminobenzoic acid,C1=CC(=CC=C1C(=O)O)N,137.13799999999995,0.967,63.31999999999999,37.81369999999999,2,2,3,3,1,3,0.566589187245288,0,58.091991783146064,240.2879489264805,0,True,True,I,"{""Benzene_Ring"": 1, ""Carboxylic_Acid"": 1, ""Primary_Amine"": 1}"
aminolevulinic acid hydrochloride,C(CC(=O)O)C(=O)CN.Cl,167.59199999999998,-0.1991999999999998,80.39,38.1792,2,3,3,4,4,5,0.6079089543611563,0,64.80928138726165,126.06147084052893,0,True,True,I,"{""Carboxylic_Acid"": 1, ""Chlorine"": 1, ""Ketone"": 1, ""Primary_Amine"": 1}"
aminomethyl propanediol,CC(CO)(CO)N,105.137,-1.3116,66.48,26.764,3,3,4,3,2,3,0.408163612470199,0,42.76243557242411,47.65148445440323,0,True,True,I,"{""Alcohol"": 1, ""Primary_Amine"": 1}"
aminomethylpropanol,CC(C)(CO)N,89.138,-0.2839999999999999,46.25,25.3522,2,2,3,2,1,2,0.4636750011641192,0,37.9682018202281,37.30296890880646,0,True,True,I,"{""Alcohol"": 1, ""Primary_Amine"": 1}"
aminomethylpropanol (perfluoro-c6-c12 ethyl)phosphate,C[Si](C)(C1=C(C(=C(C(=C1F)F)F)F)F)N,241.235,1.7529,26.02,47.5354,1,1,2,1,1,7,0.3445603846170783,0,83.78979310515943,383.4686602413957,0,True,True,I,"{""Benzene_Ring"": 1, ""Fluorine"": 1, ""Primary_Amine"": 1}"
aminometradine,CCN1C(=O)C=C(N(C1=O)CC=C)N,195.22199999999995,-0.2019,70.02,55.24540000000001,1,3,2,5,3,5,0.6787671044533523,0,81.08868449147967,456.1053630177529,0,True,True,I,"{""Alkene"": 1, ""Primary_Amine"": 1}"
aminopentamide sulfate,CC(CC(C1=CC=CC=C1)(C2=CC=CC=C2)C(=O)N)N(C)C.OS(=O)(=O)O,394.4930000000001,2.1454,120.93,104.80180000000009,3,4,4,7,6,8,0.645643036135826,1,159.94204338542107,776.1932191913437,0,True,True,I,"{""Amide"": 1, ""Benzene_Ring"": 1, ""Tertiary_Amine"": 1}"
aminophylline,CN1C2=C(C(=O)N(C1=O)C)NC=N2.CN1C2=C(C(=O)N(C1=O)C)NC=N2.C(CN)N,420.4340000000002,-3.175599999999997,197.40000000000003,111.2602,4,8,6,14,1,14,0.246991871518576,0,167.95510585075897,1290.156656020946,0,True,False,III,"{""Primary_Amine"": 1}"
aminopromazine,CN(C)CC(CN1C2=CC=CC=C2SC3=CC=CC=C31)N(C)C,327.49700000000007,3.781100000000003,9.72,100.04200000000009,0,4,0,3,5,4,0.8261939720609262,0,143.43987200878342,623.6692306221366,0,True,True,I,"{""Benzene_Ring"": 1, ""Sulfide"": 1, ""Tertiary_Amine"": 1}"
aminopromazine monofumarate,CN(C)CC(CN1C2=CC=CC=C2SC3=CC=CC=C31)N(C)C.C(=C/C(=O)O)\C(=O)O,443.5690000000002,3.492900000000001,84.32000000000001,124.45360000000012,2,6,2,7,7,8,0.6294006896854406,0,187.1273802921944,869.0425324677637,0,True,True,I,"{""Alkene"": 1, ""Benzene_Ring"": 1, ""Carboxylic_Acid"": 1, ""Sulfide"": 1, ""Tertiary_Amine"": 1}"
aminopterin sodium,C1=CC(=CC=C1C(=O)N[C@@H](CCC(=O)[O-])C(=O)[O-])NCC2=CN=C3C(=N2)C(=NC(=N3)N)N.[Na+].[Na+],484.3840000000002,-8.41730000000001,224.99,108.2237,4,12,6,13,9,15,0.2077493649438195,1,237.28268739304724,1179.3155697333293,1,True,False,III,"{""Amide"": 1, ""Benzene_Ring"": 1, ""Primary_Amine"": 1, ""Secondary_Amine"": 1}"
ammonia,N,17.031,0.1619999999999999,35.0,5.0221,1,1,3,1,0,1,0.3975550616040572,0,7.50422812385033,0.0,0,True,True,I,{}
ammonio methacrylate copolymer type a,CC(=C)C(=O)OCCN.Cl,165.62,0.4862,52.32,42.07540000000001,1,3,2,3,3,4,0.489241960436031,0,66.6424098467411,124.91622381280226,0,True,True,I,"{""Alkene"": 1, ""Chlorine"": 1, ""Ester"": 1, ""Ether"": 1, ""Primary_Amine"": 1}"
ammonio methacrylate copolymer type b,CC(=C)C(=O)OCCN.Cl,165.62,0.4862,52.32,42.07540000000001,1,3,2,3,3,4,0.489241960436031,0,66.6424098467411,124.91622381280226,0,True,True,I,"{""Alkene"": 1, ""Chlorine"": 1, ""Ester"": 1, ""Ether"": 1, ""Primary_Amine"": 1}"
ammonium acetate,CC(=O)[O-].[NH4+],77.083,-0.8676000000000001,76.63,16.6658,1,2,4,3,0,3,0.4077608055966675,0,30.19569935841255,30.629190483090685,0,True,True,I,{}
ammonium alginate,C1=CC(=NC=C1C(=O)[O-])N.[K+],176.21599999999995,-3.9686999999999992,79.03999999999999,32.979899999999994,1,4,2,4,1,5,0.4426621817416749,0,106.23420445945516,247.26412523269343,0,True,True,I,"{""Primary_Amine"": 1, ""Pyridine_Ring"": 1}"
ammonium cation,[NH4+],18.039,0.3762,36.5,5.9848,1,0,4,1,0,1,0.3932132102438689,0,7.50422812385033,0.0,0,True,True,I,{}
ammonium chloride,[NH4+].[Cl-],53.492,-2.6198,36.5,5.9848,1,0,4,1,0,2,0.3138856932827313,0,19.657321376399747,2.0,0,True,True,I,"{""Chlorine"": 1}"
ammonium glycyrrhizate,C[C@]12CC[C@](C[C@H]1C3=CC(=O)[C@@H]4[C@]5(CC[C@@H](C([C@@H]5CC[C@]4([C@@]3(CC2)C)C)(C)C)O[C@@H]6[C@@H]([C@H]([C@@H]([C@H](O6)C(=O)O)O)O)O[C@H]7[C@@H]([C@H]([C@@H]([C@H](O7)C(=O)O)O)O)O)C)(C)C(=O)O.N,839.9730000000008,2.407600000000003,302.04,204.4604999999994,9,14,11,17,7,17,0.1663173850894073,0,343.56134631091896,1738.4571764690943,3,False,False,IV,"{""Alcohol"": 1, ""Alkene"": 1, ""Carboxylic_Acid"": 1, ""Ether"": 1, ""Ketone"": 1}"
ammonium lactate,CC(C(=O)[O-])O.[NH4+],107.109,-1.5067,96.86,22.672600000000006,2,3,5,4,1,4,0.4260557450274483,0,41.354875225005166,61.20035947603792,0,True,True,I,"{""Alcohol"": 1}"
ammonium lauryl sulfate,CCCCCCCCCCCCOS(=O)(=O)[O-].[NH4+],283.434,3.760300000000001,102.93,73.47800000000005,1,4,4,5,12,6,0.3343098013485536,0,111.84054976574438,254.80302513413508,0,True,True,I,{}
ammonium metavanadate,[NH4+].[O-][V](=O)=O,116.98,-1.0529000000000002,93.7,7.3578,1,3,4,4,0,5,0.4379596799963094,0,33.75084286944786,55.2933148700206,0,True,True,I,{}
ammonium methacrylate,CC(=C)C(=O)[O-].[NH4+],103.121,-0.3114,76.63,25.8058,1,2,4,3,1,3,0.4618555921754399,0,42.23598055502151,75.69058447171099,0,True,True,I,"{""Alkene"": 1}"
ammonium molybdate,[NH4+].[NH4+].[NH4+].[NH4+].[NH4+].[NH4+].O.O.O.O.[O-2].[O-2].[O-2].[O-2].[O-2].[O-2].[O-2].[O-2].[O-2].[O-2].[O-2].[O-2].[O-2].[O-2].[O-2].[O-2].[O-2].[O-2].[O-2].[O-2].[O-2].[O-2].[O-2].[O-2].[Mo].[Mo].[Mo].[Mo].[Mo].[Mo].[Mo],1235.8500000000008,-3.91030000000001,1029.0,66.83999999999993,6,0,32,34,0,41,0.1268224694415622,0,334.36069258165503,49.892434912998354,2,False,False,IV,{}
"ammonium phosphate, dibasic",[NH4+].[NH4+].OP(=O)([O-])[O-],132.056,-1.4402000000000008,156.42000000000002,21.79490000000001,3,3,9,6,0,7,0.344507134217959,0,40.57812157238929,55.82538384566007,0,True,False,III,{}
ammonium sulfate,[NH4+].[NH4+].[O-]S(=O)(=O)[O-],132.141,-0.5856000000000003,153.26,22.44420000000001,2,4,8,6,0,7,0.3336616412875124,0,41.27768327962084,92.8582023226588,0,True,False,III,{}
amniotic fluid (bovine),B(C1=C2C(=CC=C1)C3=CC=CC=C3C2=O)(O)O,224.024,0.5777999999999999,57.53,65.13610000000001,2,3,2,3,1,4,0.5940691188970533,0,98.4902019073577,619.8116818251148,0,True,True,I,"{""Benzene_Ring"": 1, ""Ketone"": 1}"
amoproxan,CC(C)CCOCC(CN1CCOCC1)OC(=O)C2=CC(=C(C(=C2)OC)OC)OC,425.52200000000016,2.6327000000000007,75.69000000000001,112.83450000000008,0,8,0,8,12,8,0.3737340147467491,0,178.86727294360196,633.881287956603,0,True,True,I,"{""Benzene_Ring"": 1, ""Ester"": 1, ""Ether"": 1, ""Tertiary_Amine"": 1}"
anhydrous citric acid,C(C(=O)O)C(CC(=O)O)(C(=O)O)O,192.123,-1.2485,132.13,37.09119999999999,4,4,4,7,5,7,0.4274213512497735,0,72.22546290872793,227.36732222044088,0,True,True,I,"{""Alcohol"": 1, ""Carboxylic_Acid"": 1}"
anhydrous dextrose,C([C@@H]1[C@H]([C@@H]([C@H](C(O1)O)O)O)O)O,180.156,-3.2213999999999987,110.38,35.98599999999999,5,6,5,6,1,6,0.290152854529958,0,68.64284443677028,146.2188491003481,0,True,True,I,"{""Alcohol"": 1, ""Ether"": 1}"
anhydrous dibasic calcium phosphate,OP(=O)([O-])[O-].[Ca+2],136.05599999999998,-2.5734,83.42,15.5793,1,3,1,4,0,6,0.2927136971859013,0,64.42238883972024,53.68367439558378,0,True,True,I,{}
anhydrous lactose,C([C@@H]1[C@@H]([C@@H]([C@H]([C@@H](O1)O[C@@H]2[C@H](OC([C@@H]([C@H]2O)O)O)CO)O)O)O)O,342.297,-5.397199999999994,189.53,68.61940000000003,8,11,8,11,4,11,0.2432584676077655,0,130.43645768522254,378.0184383617949,2,True,False,III,"{""Alcohol"": 1, ""Ether"": 1}"
anhydrous trisodium citrate,C(C(=O)[O-])C(CC(=O)[O-])(C(=O)[O-])O.[Na+].[Na+].[Na+],258.069,-14.240600000000002,140.61999999999998,29.204799999999988,1,7,1,7,5,10,0.4823259485784412,0,157.46566177686375,238.5067183824432,0,True,False,III,"{""Alcohol"": 1}"
anise,COC1=CC=C(C=C1)CO,138.166,1.1874999999999998,29.46,38.91680000000001,1,2,1,2,2,2,0.664708696108545,0,60.06906632999306,167.91749419417292,0,True,True,I,"{""Alcohol"": 1, ""Benzene_Ring"": 1, ""Ether"": 1}"
anise oil,COC1=CC=C(C=C1)C(C(=O)C2=CC=C(C=C2)OC)O,272.29999999999995,2.620100000000001,55.760000000000005,75.27830000000003,1,4,1,4,5,4,0.8500339912666197,0,117.13111209440096,572.4307969975907,0,True,True,I,"{""Alcohol"": 1, ""Benzene_Ring"": 1, ""Ether"": 1, ""Ketone"": 1}"
anisyl alcohol,COC1=CC=C(C=C1)CO,138.166,1.1874999999999998,29.46,38.91680000000001,1,2,1,2,2,2,0.664708696108545,0,60.06906632999306,167.91749419417292,0,True,True,I,"{""Alcohol"": 1, ""Benzene_Ring"": 1, ""Ether"": 1}"
annatto,CN1C=NC2=C1C(=O)N(C(=O)N2C)C.C1=CC=C(C=C1)C(=O)[O-].[Na+],338.2990000000001,-3.975199999999997,101.95,81.96850000000003,0,5,0,8,1,9,0.4212757528231705,0,158.82597996709094,972.7881145329552,0,True,True,I,"{""Benzene_Ring"": 1}"
apaflurane,C(C(F)(F)F)(C(F)(F)F)F,170.027,2.4491,0.0,17.006000000000004,0,0,0,0,0,7,0.4895108834234751,0,50.6278830771064,93.00007685190862,0,True,True,I,"{""Fluorine"": 1}"
apple cider vinegar,CC(=O)O,60.05200000000001,0.0908999999999999,37.3,13.3098,1,1,1,2,0,2,0.4298828832001217,0,24.05994899446593,27.01955000865388,0,True,True,I,"{""Carboxylic_Acid"": 1}"
apricot kernel oil peg-6 esters,CCCCCCC(=O)CCC(=O)OCC,214.30499999999995,2.869200000000001,43.370000000000005,59.633000000000045,0,3,0,3,9,3,0.437610813718426,0,92.19020371578664,187.3062531800184,0,True,True,I,"{""Ester"": 1, ""Ether"": 1, ""Ketone"": 1}"
arachidyl propionate,CCCCCCCCCCCCCCCCCCCCOC(=O)CC,354.6190000000001,7.981300000000008,26.3,110.0300000000001,0,2,0,2,20,2,0.1635064497304461,0,158.04304487410565,262.8184048718841,1,False,False,IV,"{""Ester"": 1, ""Ether"": 1}"
arbutin,C1=CC(=CC=C1O)O[C@H]2[C@@H]([C@H]([C@@H]([C@H](O2)CO)O)O)O,272.253,-1.4291000000000005,119.61,62.50200000000004,5,7,5,7,3,7,0.4573909648534195,0,108.8134838723412,405.0438550870565,0,True,True,I,"{""Alcohol"": 1, ""Benzene_Ring"": 1, ""Ether"": 1, ""Phenol"": 1}"
argan oil,CC(=O)NC(=NCCC[C@H]1C(=O)N2CCC[C@@H]2C(=O)N[C@H]3C[C@H](N(C3=O)[C@H](C(=O)N[C@H](C(=O)N1)CCCC(=O)O)CC4=CN=CN4)O)N,674.7160000000001,-3.1835999999999927,281.61,165.1034999999998,8,10,9,19,10,19,0.0695499539203259,6,275.004664497592,1417.7158052079644,2,False,False,IV,"{""Alcohol"": 1, ""Amide"": 1, ""Carboxylic_Acid"": 1, ""Primary_Amine"": 1}"
arginine,C(C[C@@H](C(=O)O)N)CN=C(N)N,174.20399999999998,-1.548099999999999,127.71999999999998,45.522,4,3,7,6,5,6,0.2277831035127547,0,70.43471202895063,176.3868987998214,0,True,True,I,"{""Carboxylic_Acid"": 1, ""Primary_Amine"": 1}"
arginine hydrochloride,C(C[C@@H](C(=O)O)N)CN=C(N)N.Cl,210.665,-1.1262999999999996,127.71999999999998,52.77000000000001,4,3,7,6,5,7,0.2595016017661742,0,82.58780528150005,181.4730651270017,0,True,True,I,"{""Carboxylic_Acid"": 1, ""Chlorine"": 1, ""Primary_Amine"": 1}"
argon,[Ar],39.948,0.0,0.0,0.0,0,0,0,0,0,1,0.3565054909291958,0,37.48424575512789,0.0,0,True,True,I,{}
arlipoic acid,C1CSS[C@@H]1CCCCC(=O)O,206.332,2.785100000000001,37.3,54.55780000000003,1,3,1,2,5,4,0.5541818739705441,0,80.88995266439652,143.99328661116544,0,True,True,I,"{""Carboxylic_Acid"": 1}"
arnica montana,CCCCCCCCCCCCCCCCCCCCCCCCCCCC(=O)O,424.7540000000003,10.233499999999996,37.3,133.35180000000008,1,1,1,2,26,2,0.1401512275995036,0,189.5484439687778,326.6007800506426,1,False,False,IV,"{""Carboxylic_Acid"": 1}"
ascorbic acid,C([C@@H]([C@@H]1C(=C(C(=O)O1)O)O)O)O,176.124,-1.4073999999999995,107.22,35.25619999999999,4,6,4,6,2,6,0.3850054008235984,0,67.32052975243379,232.19280948873623,0,True,True,I,"{""Alcohol"": 1, ""Alkene"": 1, ""Ester"": 1, ""Ether"": 1}"
ascorbyl glucoside,C([C@@H]1[C@H]([C@@H]([C@H]([C@H](O1)OC2=C([C@H](OC2=O)[C@H](CO)O)O)O)O)O)O,338.265,-4.148899999999998,186.37,67.47960000000002,7,11,7,11,5,11,0.2411459517934469,0,129.11414300088606,475.6273960800277,2,True,False,III,"{""Alcohol"": 1, ""Alkene"": 1, ""Ester"": 1, ""Ether"": 1}"
ascorbyl palmitate,CCCCCCCCCCCCCCCC(=O)OC[C@@H]([C@@H]1C(=C(C(=O)O1)O)O)O,414.5390000000001,4.624800000000003,113.29000000000002,109.4414000000001,3,7,3,7,17,7,0.2348940211101187,0,173.64043716013416,515.2901687515209,0,True,True,I,"{""Alcohol"": 1, ""Alkene"": 1, ""Ester"": 1, ""Ether"": 1}"
asian ginseng,CC(C)[C@@H](C(=O)N[C@H](CCC(=O)N[C@@H](CCCN=C(N)N)C(=O)NCC(=O)O)C(=O)O)N,459.50400000000025,-2.9414999999999933,252.32,114.10090000000008,8,7,11,14,15,14,0.0701658323214713,3,184.9039261049051,707.790260889929,1,True,False,III,"{""Amide"": 1, ""Carboxylic_Acid"": 1, ""Primary_Amine"": 1}"
asparagine,C([C@@H](C(=O)O)N)C(=O)N,132.11899999999997,-1.7262999999999993,106.40999999999998,29.422600000000003,3,3,5,5,3,5,0.4239394773771117,1,51.63113671732834,133.77443751081734,0,True,True,I,"{""Amide"": 1, ""Carboxylic_Acid"": 1, ""Primary_Amine"": 1}"
asparagine monohydrate,C([C@@H](C(=O)O)N)C(=O)N.O,150.13399999999996,-2.551,137.90999999999997,33.0364,3,3,7,6,3,6,0.4071730915791904,1,57.11189014574272,135.21928094887363,0,True,True,I,"{""Amide"": 1, ""Carboxylic_Acid"": 1, ""Primary_Amine"": 1}"
aspartame,COC(=O)[C@H](CC1=CC=CC=C1)NC(=O)[C@H](CC(=O)O)N,294.307,-0.3110999999999985,118.72,74.32090000000002,3,5,4,7,7,7,0.5934654062957846,1,121.6330381971248,503.3456478463476,0,True,True,I,"{""Amide"": 1, ""Benzene_Ring"": 1, ""Carboxylic_Acid"": 1, ""Ester"": 1, ""Ether"": 1, ""Primary_Amine"": 1}"
aspartame acesulfame,CC1=CC(=O)NS(=O)(=O)O1.COC(=O)[C@H](CC1=CC=CC=C1)NC(=O)[C@H](CC(=O)O)N,457.4610000000002,-1.029699999999996,191.19,106.22540000000004,4,9,5,12,7,13,0.3680845565870739,2,178.19791290415873,945.2820371879384,0,True,False,III,"{""Alkene"": 1, ""Amide"": 1, ""Benzene_Ring"": 1, ""Carboxylic_Acid"": 1, ""Ester"": 1, ""Ether"": 1, ""Primary_Amine"": 1}"
aspartic acid,C([C@@H](C(=O)O)N)C(=O)O,133.103,-1.1269999999999998,100.62,27.864,3,3,4,5,3,5,0.4520212550353777,0,51.08547977251164,132.52932501298082,0,True,True,I,"{""Carboxylic_Acid"": 1, ""Primary_Amine"": 1}"
astaxanthin,CC1=C(C(C[C@@H](C1=O)O)(C)C)/C=C/C(=C/C=C/C(=C/C=C/C=C(/C=C/C=C(/C=C/C2=C(C(=O)[C@H](CC2(C)C)O)C)\C)\C)/C)/C,596.8520000000002,8.905400000000004,74.6,184.95159999999947,2,4,2,4,10,4,0.2470332021871103,0,265.2862095326915,1341.6981897542703,2,False,False,IV,"{""Alcohol"": 1, ""Alkene"": 1, ""Ketone"": 1}"
azelaic acid,C(CCCC(=O)O)CCCC(=O)O,188.223,1.8863,74.6,47.59060000000002,2,2,2,4,8,4,0.5701815945486012,0,77.57029964748199,146.99763683370963,0,True,True,I,"{""Carboxylic_Acid"": 1}"
banana,CCCCCCC/C=C\C(CC(=O)NC(CC(C)C)C(=O)NC(CC(=O)O)C(=O)NC1C(OC(=O)C(NC(=O)C(NC(=O)C(NC(=O)C(NC(=O)C(NC1=O)CC(C)C)CC(C)C)CO)CC(C)C)C(C)CC)C)O,1065.3609999999994,2.1753000000000022,336.86,280.7529999999996,11,13,11,22,27,22,0.0319376179668361,8,443.5311717461365,1910.9837766298515,3,False,False,IV,"{""Alcohol"": 1, ""Alkene"": 1, ""Amide"": 1, ""Carboxylic_Acid"": 1, ""Ester"": 1, ""Ether"": 1}"
barium oxide,O=[Ba],153.327,-0.4996,17.07,6.440499999999999,0,1,0,1,0,2,0.4289028798618773,0,45.8188924041411,2.0,0,True,True,I,{}
barium sulfate,[O-]S(=O)(=O)[O-].[Ba+2],233.391,-1.7187999999999997,80.25999999999999,16.2286,0,4,0,4,0,6,0.2831413420593836,0,75.58232311005051,90.7164928725825,0,True,True,I,{}
beet,CC(C)OC(=O)NC1=CC=CC=C1,179.21900000000002,2.6435000000000013,38.33,51.68170000000003,1,2,1,3,2,3,0.7574489056424827,1,77.71610109024209,269.5130516555259,0,True,True,I,"{""Benzene_Ring"": 1, ""Carbamate"": 1, ""Ester"": 1, ""Ether"": 1}"
beet juice,CC(C)OC(=O)NC1=CC=CC=C1,179.21900000000002,2.6435000000000013,38.33,51.68170000000003,1,2,1,3,2,3,0.7574489056424827,1,77.71610109024209,269.5130516555259,0,True,True,I,"{""Benzene_Ring"": 1, ""Carbamate"": 1, ""Ester"": 1, ""Ether"": 1}"
behentrimonium methosulfate,CCCCCCCCCCCCCCCCCCCCCC[N+](C)(C)C.COS(=O)(=O)[O-],479.8120000000002,7.607500000000009,66.43,137.6196,0,4,0,5,22,6,0.0693250252259772,0,201.7896253136783,460.9375612283852,1,False,False,IV,{}
bentonite,O.[O-2].[O-2].[O-2].O=[Si]=O.O=[Si]=O.O=[Si]=O.O=[Si]=O.[Al+3].[Al+3],360.312,-4.416299999999999,253.56,45.6893,0,8,2,12,0,18,0.3795625342641462,0,129.17350558763235,154.11730005192328,0,True,False,III,{}
benzaldehyde,C1=CC=C(C=C1)C=O,106.12399999999997,1.4991,17.07,31.8295,0,1,0,1,1,1,0.4956362681365689,0,47.95786733393734,167.00151696675914,0,True,True,I,"{""Aldehyde"": 1, ""Benzene_Ring"": 1}"
benzalkonium,CCCCCCCCCCCCC[N+](C)(C)CC1=CC=CC=C1,318.569,6.574000000000007,0.0,103.58240000000008,0,0,0,1,14,1,0.2685209453383136,0,145.24028210664142,368.8189465500769,1,False,False,IV,"{""Benzene_Ring"": 1}"
benzalkonium chloride,CCCCCCCCCCCCC[N+](C)(C)CC1=CC=CC=C1.[Cl-],354.02199999999993,3.578000000000002,0.0,103.58240000000008,0,0,0,1,14,2,0.3540379032339242,0,157.39337535919083,374.8161215780733,0,True,True,I,"{""Benzene_Ring"": 1, ""Chlorine"": 1}"
benzenesulfinic acid,C1=CC=C(C=C1)S(=O)O,142.17899999999997,1.2672,37.3,35.4792,1,1,1,2,1,3,0.5993284544819122,0,55.80889495132692,207.5576620543373,0,True,True,I,"{""Benzene_Ring"": 1}"
benzenesulfonic acid,C1=CC=C(C=C1)S(=O)(=O)O,158.17799999999997,0.9333,54.370000000000005,36.256600000000006,1,2,1,3,1,4,0.6184655094191568,0,59.06003912953759,301.02463059505703,0,True,True,I,"{""Benzene_Ring"": 1}"
benzethonium chloride,CC(C)(C)CC(C)(C)C1=CC=C(C=C1)OCCOCC[N+](C)(C)CC2=CC=CC=C2.[Cl-],448.0910000000002,3.0764000000000014,18.46,126.97540000000006,0,2,0,3,11,4,0.3890355794100128,0,196.312617909872,749.0559431822328,0,True,True,I,"{""Benzene_Ring"": 1, ""Chlorine"": 1, ""Ether"": 1}"
benzododecinium bromide,CCCCCCCCCCCC[N+](C)(C)CC1=CC=CC=C1.[Br-],384.446,3.1879000000000017,0.0,98.96540000000007,0,0,0,1,13,2,0.3620145058647186,0,155.3880421046923,361.3641358081729,0,True,True,I,"{""Benzene_Ring"": 1, ""Bromine"": 1}"
benzoic acid,C1=CC=C(C=C1)C(=O)O,122.12299999999996,1.3848,37.3,33.4013,1,1,1,2,1,2,0.6106035394285075,0,52.75210108613335,203.415952604261,0,True,True,I,"{""Benzene_Ring"": 1, ""Carboxylic_Acid"": 1}"
benzoin acetate,CC(=O)OC(C1=CC=CC=C1)C(=O)C2=CC=CC=C2,254.285,3.173700000000002,43.370000000000005,71.72150000000003,0,3,0,3,4,3,0.6213983622644121,0,111.38485521274188,561.0626215016729,0,True,True,I,"{""Benzene_Ring"": 1, ""Ester"": 1, ""Ether"": 1, ""Ketone"": 1}"
benzyl alcohol,C1=CC=C(C=C1)CO,108.13999999999996,1.1788999999999998,20.23,32.364799999999995,1,1,1,1,1,1,0.5723436119287516,0,48.59057898608958,145.73281445033504,0,True,True,I,"{""Alcohol"": 1, ""Benzene_Ring"": 1}"
benzyl benzoate,C1=CC=C(C=C1)COC(=O)C2=CC=CC=C2,212.248,3.0436000000000014,26.3,62.00350000000004,0,2,0,2,3,2,0.7307975714616393,0,94.49344888390488,448.6762620527604,0,True,True,I,"{""Benzene_Ring"": 1, ""Ester"": 1, ""Ether"": 1}"
benzyl salicylate,C1=CC=C(C=C1)COC(=O)C2=CC=CC=C2O,228.247,2.7492000000000014,46.53,63.66830000000004,1,3,1,3,3,3,0.8214760330937975,0,99.28768263610088,505.8855887837592,0,True,True,I,"{""Benzene_Ring"": 1, ""Ester"": 1, ""Ether"": 1, ""Phenol"": 1}"
bergamot oil,CC(=CCC/C(=C/COC1=C2C=CC(=O)OC2=CC3=C1C=CO3)/C)C,338.4030000000001,5.610700000000005,52.58,100.17300000000004,0,4,0,4,6,4,0.4327941448569917,0,145.9391606802015,997.5760896884794,1,False,False,IV,"{""Alkene"": 1, ""Benzene_Ring"": 1, ""Ether"": 1}"
berry,CCOC(=O)C(C)C=C=C,140.18199999999996,1.5267,26.3,39.507000000000005,0,2,0,2,3,2,0.4386345326894877,0,61.18970709378793,154.64052645972987,0,True,True,I,"{""Ester"": 1, ""Ether"": 1}"
beta carotene,CC1=C(C(CCC1)(C)C)/C=C/C(=C/C=C/C(=C/C=C/C=C(/C=C/C=C(/C=C/C2=C(CCCC2(C)C)C)\C)\C)/C)/C,536.8880000000004,12.605799999999975,0.0,181.39199999999943,0,0,0,0,10,0,0.2435127020219794,0,247.374697828212,1116.3830913843028,2,False,False,IV,"{""Alkene"": 1}"
betadex,C([C@@H]1[C@@H]2[C@@H]([C@H]([C@H](O1)O[C@@H]3[C@H](O[C@@H]([C@@H]([C@H]3O)O)O[C@@H]4[C@H](O[C@@H]([C@@H]([C@H]4O)O)O[C@@H]5[C@H](O[C@@H]([C@@H]([C@H]5O)O)O[C@@H]6[C@H](O[C@@H]([C@@H]([C@H]6O)O)O[C@@H]7[C@H](O[C@@H]([C@@H]([C@H]7O)O)O[C@@H]8[C@H](O[C@H](O2)[C@@H]([C@H]8O)O)CO)CO)CO)CO)CO)CO)O)O)O,1134.9870000000012,-15.230600000000033,554.0500000000002,228.4337999999996,21,35,21,35,7,35,0.1125393105397789,0,433.9237704990694,1467.0881468264463,3,False,False,IV,"{""Alcohol"": 1, ""Ether"": 1}"
betadex sulfobutyl ether sodium,C(CCS(=O)(=O)[O-])COC[C@@H]1[C@@H]2[C@@H]([C@H]([C@H](O1)O[C@@H]3[C@H](O[C@@H]([C@@H]([C@H]3O)O)O[C@@H]4[C@H](O[C@@H]([C@@H]([C@H]4O)O)O[C@@H]5[C@H](O[C@@H]([C@@H]([C@H]5O)O)O[C@@H]6[C@H](O[C@@H]([C@@H]([C@H]6O)O)O[C@@H]7[C@H](O[C@@H]([C@@H]([C@H]7O)O)O[C@@H]8[C@H](O[C@H](O2)[C@@H]([C@H]8O)O)CO)COCCCCS(=O)(=O)[O-])COCCCCS(=O)(=O)[O-])COCCCCS(=O)(=O)[O-])COCCCCS(=O)(=O)[O-])COCCCCS(=O)(=O)[O-])O)O.[Na+].[Na+].[Na+].[Na+].[Na+].[Na+],2083.9110000000023,-31.108400000000152,831.2500000000005,393.6222000000012,15,53,15,53,43,65,0.015311713041944,0,888.8504639049688,3783.566203850148,3,False,False,IV,"{""Alcohol"": 1, ""Ether"": 1}"
betaine,C[N+](C)(C)CC(=O)[O-],117.14799999999998,-1.5574999999999983,40.13,27.906399999999987,0,2,0,3,2,3,0.4104086183653024,0,49.12458049445445,93.09201719290463,0,True,True,I,{}
biotin,C1[C@H]2[C@@H]([C@@H](S1)CCCCC(=O)O)NC(=O)N2,244.316,0.7968,78.43,61.59320000000002,3,3,3,5,5,6,0.4934781151921962,2,98.35218009520548,297.78872926636205,0,True,True,I,"{""Carboxylic_Acid"": 1, ""Sulfide"": 1, ""Urea"": 1}"
bisulfite ion,OS(=O)[O-],81.07199999999999,-0.6615,60.36,11.5486,1,2,1,3,0,4,0.3935517543652987,0,25.755038373516925,26.264662506490403,0,True,True,I,{}
black currant,C1=CC=C2C(=C1)C=CC(=C2N=NC3=C4C(=CC(=C3)S(=O)(=O)[O-])C=C(C(=C4O)N=NC5=CC=C(C6=CC=CC=C65)S(=O)(=O)[O-])S(=O)(=O)[O-])O.[Na+].[Na+].[Na+],774.6540000000005,-2.8874999999999926,261.5,167.41519999999983,2,15,2,15,7,21,0.0945258005527176,0,356.1987152184585,2747.9591619467737,2,False,False,IV,"{""Azo"": 1, ""Benzene_Ring"": 1, ""Phenol"": 1}"
blackberry,CCC(=O)O[C@H]1CC[C@@H]2[C@@]1(CC[C@H]3[C@H]2CC[C@@H]4[C@@]3(C[C@H](C(=O)C4)C)C)C,360.5380000000001,5.166000000000006,43.370000000000005,101.45200000000008,0,3,0,3,2,3,0.6384037243072085,0,158.18124236003246,598.2603508668674,1,False,False,IV,"{""Ester"": 1, ""Ether"": 1, ""Ketone"": 1}"
blueberry,CC(=O)CCC1=CC=C(C=C1)O,164.204,1.9138,37.3,47.10880000000003,1,2,1,2,3,2,0.7405311470971961,0,71.84692742932317,261.6719978261822,0,True,True,I,"{""Benzene_Ring"": 1, ""Ketone"": 1, ""Phenol"": 1}"
borage oil,CC(C(=O)OC1CC2CCC1(C2(C)C)C)O,226.316,2.1252,46.53,60.78980000000005,1,3,1,3,2,3,0.7336170885094334,0,97.17619517527704,308.2995674059887,0,True,True,I,"{""Alcohol"": 1, ""Ester"": 1, ""Ether"": 1}"
boric acid,B(O)(O)O,61.833000000000006,-2.0518,60.69,12.4104,3,3,3,3,0,4,0.2827937198183339,0,23.684517280895907,8.0,0,True,True,I,{}
boron nitride,B#N,24.819,-0.36572,23.79,7.478999999999999,0,1,0,1,0,2,0.3309969214056669,0,13.910622059767006,6.754887502163469,0,True,True,I,{}
bovine type i collagen,CC(C)C[C@@H](C(=O)N[C@@H](CCCCN)C(=O)NCC(=O)N[C@@H](CC(=O)O)C(=O)N[C@@H](CCCCN)C(=O)O)NC(=O)[C@H](CCCNC(=N)N)NC(=O)[C@H](CC(C)C)NC(=O)[C@H](CC(=O)O)NC(=O)[C@H](CC1=CC=CC=C1)NC(=O)[C@H](CC2=CC=C(C=C2)O)NC(=O)[C@H](CC3=CC=CC=C3)NC(=O)[C@H](CCC(=O)O)NC(=O)CN,1587.799000000001,-3.65993,658.59,408.2874000000009,23,21,27,39,54,39,0.0147129539250193,12,652.7309944737358,3687.906302783899,3,False,False,IV,"{""Amide"": 1, ""Benzene_Ring"": 1, ""Carboxylic_Acid"": 1, ""Phenol"": 1, ""Primary_Amine"": 1, ""Secondary_Amine"": 1}"
brillant blue,CCN(CC1=CC(=CC=C1)S(=O)(=O)[O-])C2=CC=C(C=C2)C(=C3C=CC(=[N+](CC)CC4=CC(=CC=C4)S(=O)(=O)O)C=C3)C5=CC=CC=C5S(=O)(=O)O,748.9010000000004,5.712100000000005,172.19,193.8987999999996,2,8,2,11,12,14,0.1350379388072985,0,298.0233286475436,2396.4355528864235,2,False,False,IV,"{""Alkene"": 1, ""Benzene_Ring"": 1, ""Tertiary_Amine"": 1}"
brown iron oxide,B(OC(C)C)(OC(C)C)OC(C)C,188.076,2.2463,27.69,54.41700000000005,0,3,0,3,6,4,0.5979646739179475,0,81.92693074239796,102.25378417812814,0,True,True,I,{}
brucine sulfate,COC1=C(C=C2C(=C1)[C@]34CCN5[C@H]3C[C@@H]6[C@@H]7[C@@H]4N2C(=O)C[C@@H]7OCC=C6C5)OC.COC1=C(C=C2C(=C1)[C@]34CCN5[C@H]3C[C@@H]6[C@@H]7[C@@H]4N2C(=O)C[C@@H]7OCC=C6C5)OC.OS(=O)(=O)O,887.0210000000001,3.566600000000004,177.08,227.20339999999936,2,12,2,16,4,17,0.33675899747428,2,366.1345355116218,2350.752952680965,2,False,False,IV,"{""Alkene"": 1, ""Amide"": 1, ""Benzene_Ring"": 1, ""Ether"": 1, ""Tertiary_Amine"": 1}"
brucine sulfate heptahydrate,COC1=C(C=C2C(=C1)[C@]34CCN5[C@H]3C[C@@H]6[C@@H]7[C@@H]4N2C(=O)C[C@@H]7OCC=C6C5)OC.COC1=C(C=C2C(=C1)[C@]34CCN5[C@H]3C[C@@H]6[C@@H]7[C@@H]4N2C(=O)C[C@@H]7OCC=C6C5)OC.O.O.O.O.O.O.O.OS(=O)(=O)O,1013.126,-2.206299999999993,397.58,252.4999999999996,2,12,16,23,4,24,0.2425076094023516,2,404.4998095105224,2365.543055939844,2,False,False,IV,"{""Alkene"": 1, ""Amide"": 1, ""Benzene_Ring"": 1, ""Ether"": 1, ""Tertiary_Amine"": 1}"
butane,CCCC,58.124,1.8064,0.0,20.582,0,0,0,0,1,0,0.4310243576713091,0,27.834077371019376,2.0,0,True,True,I,{}
buteth-3,CCCCOCCOCCOCCO,206.28199999999995,0.8286,47.92,54.45080000000005,1,4,1,4,11,4,0.5086140579956517,0,86.15859949811568,86.12278797724058,0,True,True,I,"{""Alcohol"": 1, ""Ether"": 1}"
butyl acetate,CCCCOC(=O)C,116.15999999999998,1.3496,26.3,31.540999999999983,0,2,0,2,3,2,0.4106841127563541,0,49.83902892936323,68.92878689342031,0,True,True,I,"{""Ester"": 1, ""Ether"": 1}"
butyl alcohol,CCCCO,74.12299999999999,0.7787999999999999,20.23,21.9938,1,1,1,1,2,1,0.5128217987135145,0,32.62831112321538,11.119415478763749,0,True,True,I,"{""Alcohol"": 1}"
butylated hydroxyanisole,CC(C)(C)C1=C(C=CC(=C1)OC)O,180.247,2.698300000000001,29.46,53.358800000000045,1,2,1,2,1,2,0.7196204900637714,0,79.16389267318289,297.4488554839454,0,True,True,I,"{""Benzene_Ring"": 1, ""Ether"": 1, ""Phenol"": 1}"
butylated hydroxytoluene,CC1=CC(=C(C(=C1)C(C)(C)C)O)C(C)(C)C,220.356,4.295620000000003,20.23,70.24380000000005,1,1,1,1,0,1,0.6909972184662643,0,99.51011590126242,353.8715828475769,0,True,True,I,"{""Benzene_Ring"": 1, ""Phenol"": 1}"
butylene glycol,CC(CCO)O,90.122,-0.2503999999999999,40.46,23.3836,2,2,2,2,2,2,0.4905429154176823,0,37.4225448754114,26.72905595320056,0,True,True,I,"{""Alcohol"": 1}"
butyloctyl salicylate,CCCCCCC(CCCC)COC(=O)C1=CC=CC=C1O,306.446,5.325800000000006,46.53,90.16330000000006,1,3,1,3,11,3,0.4440006581216804,0,134.24495168839957,428.4434017718411,1,False,False,IV,"{""Benzene_Ring"": 1, ""Ester"": 1, ""Ether"": 1, ""Phenol"": 1}"
butylparaben,CCCCOC(=O)C1=CC=C(C=C1)O,194.23,2.3491000000000004,46.53,53.29730000000004,1,3,1,3,4,3,0.5907863493842795,0,83.32541477322667,289.90588306124454,0,True,True,I,"{""Benzene_Ring"": 1, ""Ester"": 1, ""Ether"": 1, ""Phenol"": 1}"
c10-18 triglycerides,CCCC(=O)OCC(COC(=O)CCC)OC(=O)CCC,302.367,2.3849,78.9,76.52200000000005,0,6,0,6,11,6,0.4305129614668875,0,125.673642618034,304.12553193989925,0,True,True,I,"{""Ester"": 1, ""Ether"": 1}"
c12-15 alkyl benzoate,CCCCCCCCCCCCOC(=O)C1=CC=CC=C1,290.44699999999995,5.764300000000006,26.3,88.56850000000007,0,2,0,2,12,2,0.3609228617783383,0,129.45071793620355,359.08891982014137,1,False,False,IV,"{""Benzene_Ring"": 1, ""Ester"": 1, ""Ether"": 1}"
c12-15 alkyl lactate,CCCCCCCCCCCCOC(=O)C(C)O,258.402,3.831300000000003,46.53,74.48380000000006,1,3,1,3,12,3,0.4272548682419908,0,111.91774171112876,190.1777353463783,0,True,True,I,"{""Alcohol"": 1, ""Ester"": 1, ""Ether"": 1}"
c13-14 isoparaffin,CCC(C(C(CC(C(C(C)Cl)Cl)Cl)Cl)Cl)Cl,348.9559999999999,5.450800000000003,0.0,78.42800000000004,0,0,0,0,7,6,0.536422605615897,0,127.84332741868906,186.14806784229395,1,False,False,IV,"{""Chlorine"": 1}"
c13-16 isoparaffin,CCC(C(C(CC(C(C(C)Cl)Cl)Cl)Cl)Cl)Cl,348.9559999999999,5.450800000000003,0.0,78.42800000000004,0,0,0,0,7,6,0.536422605615897,0,127.84332741868906,186.14806784229395,1,False,False,IV,"{""Chlorine"": 1}"
c15-19 alkane,C1=CC2=C3C(=C1)C4=C5C(=CC=C6C5=C(C=C4)C7=CC=CC8=C7C6=CC=C8)C3=CC=C2,376.4580000000001,8.634599999999999,0.0,131.35599999999997,0,0,0,0,0,0,0.1834390791686475,0,172.16110460191453,1665.3577057218845,1,False,False,IV,"{""Benzene_Ring"": 1}"
c30-45 alkyl cetearyl dimethicone crosspolymer,CC(=C)[C@@H]1CC[C@]2([C@H]1[C@H]3CC[C@H]4[C@]([C@@]3(CC2)C)(CC[C@@H]5[C@@]4([C@H]([C@@H](C5(C)C)O)C(=O)OC)C)C)C(=O)OC,514.7470000000003,6.186900000000008,72.83,143.26379999999992,1,5,1,5,3,5,0.3592423264227143,0,223.6780661855913,1001.137492265817,2,False,False,IV,"{""Alcohol"": 1, ""Alkene"": 1, ""Ester"": 1, ""Ether"": 1}"
caffeine,CN1C=NC2=C1C(=O)N(C(=O)N2C)C,194.194,-1.0293,61.82,51.19600000000001,0,3,0,6,0,6,0.5384628262372215,0,79.02895701814933,616.5285919942219,0,True,True,I,{}
calcium,[Ca],40.078,-0.3808,0.0,5.754,0,0,0,0,0,1,0.3230218902657628,0,37.48424575512789,0.0,0,True,True,I,{}
calcium acetate,CC(=O)[O-].CC(=O)[O-].[Ca+2],158.166,-2.8683999999999985,80.25999999999999,27.116,0,4,0,4,0,5,0.354842411771162,0,82.86718822425235,70.56842503028855,0,True,True,I,{}
calcium alginate,C1(C(C(OC(C1O)OC2C(C(C(OC2C(=O)O)OC3C(C(C(OC3C(=O)[O-])O)O)O)O)O)C(=O)[O-])O)O.[Ca+2],584.4490000000003,-10.346300000000006,325.55,103.39920000000002,9,18,9,19,7,20,0.1253453128605601,0,240.8304052290301,859.5469191395125,3,False,False,IV,"{""Alcohol"": 1, ""Carboxylic_Acid"": 1, ""Ether"": 1}"
calcium carbonate,C(=O)([O-])[O-].[Ca+2],100.086,-2.8278,63.19,11.15,0,3,0,3,0,4,0.30816258436845,0,58.605008627489525,29.87430298092722,0,True,True,I,{}
calcium chloride,[Cl-].[Cl-].[Ca+2],110.984,-6.3728,0.0,5.754,0,0,0,0,0,3,0.2726351526403676,0,61.79043226022673,2.754887502163468,0,True,True,I,"{""Chlorine"": 1}"
calcium hydroxide,[OH-].[OH-].[Ca+2],74.09200000000001,-0.7343999999999999,60.0,9.6256,0,2,2,2,0,3,0.3553436121075513,0,48.44575261195664,2.754887502163468,0,True,True,I,{}
calcium pantothenate,CC(C)(CO)[C@H](C(=O)NCCC(=O)[O-])O.CC(C)(CO)[C@H](C(=O)NCCC(=O)[O-])O.[Ca+2],476.5360000000002,-5.136799999999992,219.38,104.76860000000003,6,10,6,12,12,13,0.1470339715531401,2,210.5760814018925,533.6877736246304,1,True,False,III,"{""Alcohol"": 1, ""Amide"": 1}"
calcium phosphate,[O-]P(=O)([O-])[O-].[O-]P(=O)([O-])[O-].[Ca+2].[Ca+2].[Ca+2],310.174,-6.7916,172.5,32.474999999999994,0,8,0,8,0,13,0.3132510451905381,0,163.59206791476095,129.6986276161844,0,True,False,III,{}
"calcium phosphate, monobasic, anhydrous",OP(=O)(O)[O-].OP(=O)(O)[O-].[Ca+2],234.05,-3.5020000000000007,161.18,29.8422,4,4,4,8,0,11,0.2475907359367521,0,91.3605319243126,124.40154658752397,0,True,False,III,{}
calcium pidolate,C1CC(=O)N[C@@H]1C(=O)[O-].C1CC(=O)N[C@@H]1C(=O)[O-].[Ca+2],296.2919999999999,-4.350999999999998,138.46,58.097400000000015,2,6,2,8,2,9,0.493753883195611,2,138.46794717087718,350.216166906074,0,True,True,I,"{""Amide"": 1}"
calcium pyrophosphate,[O-]P(=O)([O-])OP(=O)([O-])[O-].[Ca+2].[Ca+2],254.097,-4.1012,135.61,27.806,0,7,0,7,2,11,0.3604716247018379,0,121.9955464911224,154.87959510731497,0,True,True,I,{}
calcium saccharate,[C@H]([C@@H]([C@@H](C(=O)[O-])O)O)([C@H](C(=O)[O-])O)O.[Ca+2],248.2,-6.450999999999997,161.17999999999998,39.79520000000001,4,8,4,8,5,9,0.3489922931732142,0,113.76817630830038,207.1717839644164,0,True,False,III,"{""Alcohol"": 1}"
calcium silicate,O[Si](O)(O)[O-].O[Si](O)(O)[O-].[Ca+2],230.29,-6.862399999999997,167.5,30.5748,6,8,6,8,0,11,0.2230725374543268,0,93.59838080177468,55.07329781366416,1,True,False,III,{}
calcium stearate,CCCCCCCCCCCCCCCCCC(=O)[O-].CCCCCCCCCCCCCCCCCC(=O)[O-].[Ca+2],607.0300000000005,9.6148,80.25999999999999,174.85999999999953,0,4,0,4,32,5,0.0563850563768453,0,286.5453358849439,453.9723145775002,2,False,False,IV,{}
calcium sulfate dihydrate,O.O.[O-]S(=O)(=O)[O-].[Ca+2],172.171,-3.3682,143.26,23.456199999999995,0,4,4,6,0,8,0.2131469475043041,0,76.08345740378053,91.69694286392864,0,True,False,III,{}
"calcium sulfate, unspecified form",[O-]S(=O)(=O)[O-].[Ca+2],136.141,-1.7187999999999997,80.25999999999999,16.2286,0,4,0,4,0,6,0.2252327991928642,0,65.12195054695178,90.7164928725825,0,True,True,I,{}
calcobutrol sodium,C1CN(CCN(CCN(CCN1CC(=O)[O-])CC(=O)[O-])[C@H](CO)[C@@H](CO)O)CC(=O)[O-].[Na+].[Ca+2],510.5330000000002,-11.205000000000018,194.04,105.63440000000004,3,13,3,13,10,15,0.2347184369927255,0,244.7559069310996,561.1185956231772,2,False,False,IV,"{""Alcohol"": 1, ""Tertiary_Amine"": 1}"
caldiamide sodium,CNC(=O)CN(CCN(CCN(CC(=O)NC)CC(=O)[O-])CC(=O)[O-])CC(=O)[O-].O.[Na+].[Ca+2],497.4940000000004,-11.567400000000015,219.81,101.84220000000003,2,11,4,14,16,16,0.1905631894448889,2,237.7928409247622,558.2466534900548,1,True,False,III,"{""Amide"": 1, ""Tertiary_Amine"": 1}"
calteridol calcium,CC(CN1CCN(CCN(CCN(CC1)CC(=O)[O-])CC(=O)[O-])CC(=O)[O-])O.CC(CN1CCN(CCN(CCN(CC1)CC(=O)[O-])CC(=O)[O-])CC(=O)[O-])O.[Ca+2].[Ca+2].[Ca+2],923.1139999999996,-13.46539999999998,307.16,202.1855999999993,2,22,2,22,16,25,0.1358391105332992,0,435.5254856145186,1078.5779042382085,2,False,False,IV,"{""Alcohol"": 1, ""Tertiary_Amine"": 1}"
camphor (natural),CC1(C2CCC1(C(=O)C2)C)C,152.237,2.401700000000001,17.07,44.23600000000002,0,1,0,1,0,1,0.520631018455888,0,68.17358985038432,216.91266689075212,0,True,True,I,"{""Ketone"": 1}"
camphor (synthetic),CC1(C2CCC1(C(=O)C2)C)C,152.237,2.401700000000001,17.07,44.23600000000002,0,1,0,1,0,1,0.520631018455888,0,68.17358985038432,216.91266689075212,0,True,True,I,"{""Ketone"": 1}"
camphor oil,C[C@@]1(CC[C@H](C1(C)C)C(=O)O)C(=O)O,200.234,1.5981,74.6,49.88360000000002,2,2,2,4,2,4,0.7095181135623646,0,82.92941060834936,281.846585677332,0,True,True,I,"{""Carboxylic_Acid"": 1}"
"camphor, (-)-",C[C@]12CC[C@H](C1(C)C)CC2=O,152.237,2.401700000000001,17.07,44.23600000000002,0,1,0,1,0,1,0.520631018455888,0,68.17358985038432,216.91266689075212,0,True,True,I,"{""Ketone"": 1}"
candelilla wax,CC1=C(OC(=C(C1=O)C[C@@H]2C(=C)CC[C@@H]3[C@@]2(CC[C@@H]4[C@]3(CC=CO4)C)C)OC)C,398.5430000000002,5.499140000000006,48.67,114.14000000000006,0,4,0,4,3,4,0.631000813186396,0,173.52697526553956,910.1338162478744,1,False,False,IV,"{""Alkene"": 1, ""Ether"": 1}"
cannabidiol,CCCCCC1=CC(=C(C(=C1)O)[C@@H]2C=C(CC[C@H]2C(=C)C)C)O,314.46900000000005,5.846500000000007,40.46,97.03660000000004,2,2,2,2,6,2,0.5107748679217476,0,140.10896512194037,574.8542872870768,1,False,False,IV,"{""Alkene"": 1, ""Benzene_Ring"": 1, ""Phenol"": 1}"
capric acid,CCCCCCCCCC(=O)O,172.268,3.2117000000000013,37.3,50.24580000000002,1,1,1,2,8,2,0.570683149963468,0,74.97948590963883,110.40620687739316,0,True,True,I,"{""Carboxylic_Acid"": 1}"
caprylhydroxamic acid,CCCCCCCC(=O)NO,159.229,1.8523,49.33,43.305200000000006,2,2,2,3,6,3,0.3528025825571621,1,67.7535023639316,104.26518047667868,0,True,True,I,"{""Amide"": 1}"
caprylic/capric/lauric triglyceride,CCCCCCCCCCCC(=O)OC(COC(=O)CCCCCCC)COC(=O)CCCCCCCCC,554.8530000000005,9.406700000000004,78.9,159.6279999999997,0,6,0,6,29,6,0.0520341250836913,0,240.24260067717304,576.541524569944,2,False,False,IV,"{""Ester"": 1, ""Ether"": 1}"
capryloyl glycine,CCCCCCCC(=O)NCC(=O)O,201.266,1.5477,66.4,54.02150000000003,2,2,2,4,8,4,0.5853776308833298,1,84.69087019329064,180.20592425326385,0,True,True,I,"{""Amide"": 1, ""Carboxylic_Acid"": 1}"
capryloyl salicylic acid,CCCCCCCC(=O)C1=CC(=C(C=C1)O)C(=O)O,264.321,3.6336000000000026,74.6,72.77260000000004,2,3,2,4,8,4,0.5550289203274429,0,112.62739385354602,451.4588381914604,0,True,True,I,"{""Benzene_Ring"": 1, ""Carboxylic_Acid"": 1, ""Ketone"": 1, ""Phenol"": 1}"
caprylyl glycol,CCCCCCC(CO)O,146.23000000000002,1.3099999999999998,40.46,41.851600000000005,2,2,2,2,6,2,0.5545793312685284,0,62.88231333299782,64.27793097483524,0,True,True,I,"{""Alcohol"": 1}"
caprylyl trisiloxane,CCCCCCCC[Si](C)(O[Si](C)(C)C)O[Si](C)(C)C,334.7250000000001,6.121900000000007,18.46,98.66300000000008,0,2,0,2,11,5,0.3344470285501312,0,130.71180694016016,240.82469056962944,1,False,False,IV,{}
capsaicin,CC(C)/C=C/CCCCC(=O)NCC1=CC(=C(C=C1)O)OC,305.41800000000006,3.789600000000002,58.56,88.95150000000005,2,3,2,4,9,4,0.5388605597174689,1,132.74026872542674,495.1056776323011,0,True,True,I,"{""Alkene"": 1, ""Amide"": 1, ""Benzene_Ring"": 1, ""Ether"": 1, ""Phenol"": 1}"
captan,C1C=CCC2C1C(=O)N(C2=O)SC(Cl)(Cl)Cl,300.59399999999994,2.9135000000000018,37.38,65.08800000000002,0,3,0,3,1,7,0.3233123114334685,2,112.20868669068932,340.2558236666764,0,True,True,I,"{""Alkene"": 1, ""Amide"": 1, ""Chlorine"": 1}"
caramel,CC1CC(C(=O)C1=O)C,126.155,0.8005,34.14,32.95899999999999,0,2,0,2,0,2,0.4497586933707508,0,54.246116760767485,142.29908606943383,0,True,True,I,"{""Ketone"": 1}"
carbomer 1342,CCCCCCCCCC(=O)OCC(C)OC(=O)CCCCCCCCC.CCCCCCCC(=O)OCC(C)OC(=O)CCCCCCC,713.0940000000002,11.924999999999988,105.20000000000002,204.9979999999992,0,8,0,8,34,8,0.0368644191998291,0,307.8079781898222,783.7154777320285,2,False,False,IV,"{""Ester"": 1, ""Ether"": 1}"
carbon dioxide,C(=O)=O,44.009,-0.5835,34.14,5.007,0,2,0,2,0,2,0.3641671297164792,0,17.062295227917083,23.774437510817343,0,True,True,I,{}
carbon monoxide,[C-]#[O+],28.01,-0.03751,19.9,3.9295,0,0,0,1,0,1,0.2621882557310273,0,12.61969834340442,6.754887502163469,0,True,True,I,{}
carboxymethylcellulose,CC(=O)O.C(C(C(C(C(C=O)O)O)O)O)O.[Na],263.198,-3.668699999999998,155.51999999999998,56.24080000000003,6,7,6,8,5,9,0.2187548556372046,0,119.8015233181106,207.70185952129685,1,True,False,III,"{""Alcohol"": 1, ""Aldehyde"": 1, ""Carboxylic_Acid"": 1}"
carboxymethylcellulose calcium,CC(=O)O.C(C(C(C(C(C=O)O)O)O)O)O.[Na],263.198,-3.668699999999998,155.51999999999998,56.24080000000003,6,7,6,8,5,9,0.2187548556372046,0,119.8015233181106,207.70185952129685,1,True,False,III,"{""Alcohol"": 1, ""Aldehyde"": 1, ""Carboxylic_Acid"": 1}"
carboxymethylcellulose sodium,CC(=O)O.C(C(C(C(C(C=O)O)O)O)O)O.[Na],263.198,-3.668699999999998,155.51999999999998,56.24080000000003,6,7,6,8,5,9,0.2187548556372046,0,119.8015233181106,207.70185952129685,1,True,False,III,"{""Alcohol"": 1, ""Aldehyde"": 1, ""Carboxylic_Acid"": 1}"
carboxymethylcellulose sodium (0.7 carboxymethyl substitution per saccharide; 150 mpa.s at 1%),CC(=O)O.C(C(C(C(C(C=O)O)O)O)O)O.[Na],263.198,-3.668699999999998,155.51999999999998,56.24080000000003,6,7,6,8,5,9,0.2187548556372046,0,119.8015233181106,207.70185952129685,1,True,False,III,"{""Alcohol"": 1, ""Aldehyde"": 1, ""Carboxylic_Acid"": 1}"
carboxymethylcellulose sodium (0.7 carboxymethyl substitution per saccharide; 38 mpa.s at 2%),CC(=O)O.C(C(C(C(C(C=O)O)O)O)O)O.[Na],263.198,-3.668699999999998,155.51999999999998,56.24080000000003,6,7,6,8,5,9,0.2187548556372046,0,119.8015233181106,207.70185952129685,1,True,False,III,"{""Alcohol"": 1, ""Aldehyde"": 1, ""Carboxylic_Acid"": 1}"
carboxymethylcellulose sodium (0.7 carboxymethyl substitution per saccharide; 400 mpa.s at 1%),CC(=O)O.C(C(C(C(C(C=O)O)O)O)O)O.[Na],263.198,-3.668699999999998,155.51999999999998,56.24080000000003,6,7,6,8,5,9,0.2187548556372046,0,119.8015233181106,207.70185952129685,1,True,False,III,"{""Alcohol"": 1, ""Aldehyde"": 1, ""Carboxylic_Acid"": 1}"
carboxymethylcellulose sodium (0.7 carboxymethyl substitution per saccharide; 600 mpa.s at 2%),CC(=O)O.C(C(C(C(C(C=O)O)O)O)O)O.[Na],263.198,-3.668699999999998,155.51999999999998,56.24080000000003,6,7,6,8,5,9,0.2187548556372046,0,119.8015233181106,207.70185952129685,1,True,False,III,"{""Alcohol"": 1, ""Aldehyde"": 1, ""Carboxylic_Acid"": 1}"
carboxymethylcellulose sodium (0.9 carboxymethyl substitution per saccharide; 120 mpa.s at 1%),CC(=O)O.C(C(C(C(C(C=O)O)O)O)O)O.[Na],263.198,-3.668699999999998,155.51999999999998,56.24080000000003,6,7,6,8,5,9,0.2187548556372046,0,119.8015233181106,207.70185952129685,1,True,False,III,"{""Alcohol"": 1, ""Aldehyde"": 1, ""Carboxylic_Acid"": 1}"
carminic acid,CC1=C2C(=CC(=C1C(=O)O)O)C(=O)C3=C(C2=O)C(=C(C(=C3O)O)[C@H]4[C@@H]([C@H]([C@@H]([C@H](O4)CO)O)O)O)O,492.3890000000001,-1.1940800000000005,242.51,110.8247,9,12,9,13,3,13,0.1543432440640158,0,194.87247146187087,1295.4759243194198,2,True,False,III,"{""Alcohol"": 1, ""Benzene_Ring"": 1, ""Carboxylic_Acid"": 1, ""Ether"": 1, ""Ketone"": 1, ""Phenol"": 1}"
carnauba wax,C[C@H](CC[C@@](C)([C@H]1CC[C@@]2([C@@H]1CC[C@H]3[C@]2(CC[C@@H]4[C@@]3(CC[C@@H](C4(C)C)O)C)C)C)O)C(=C)C,458.7710000000003,7.775800000000012,40.46,138.84060000000002,2,2,2,2,5,2,0.4129453196297284,0,204.56305431781868,766.8849203168361,1,False,False,IV,"{""Alcohol"": 1, ""Alkene"": 1}"
carob,C(C1C(C(C(C(O1)OCC2C(C(C(C(O2)O)O)O)OC3C(C(C(C(O3)CO)O)O)O)O)O)O)O,504.43800000000016,-7.572999999999989,268.67999999999995,101.2528,11,16,11,16,7,16,0.1535885606590293,0,192.23007093367465,637.0746547602489,3,False,False,IV,"{""Alcohol"": 1, ""Ether"": 1}"
carrageenan,COC1=CC(=CC(=C1O)OC)[C@H]2[C@H]3COC(=O)[C@H]3CO2,280.276,1.2698999999999998,74.22000000000001,67.84280000000003,1,6,1,6,3,6,0.8404488547844492,0,115.74921449787864,515.4608204204532,0,True,True,I,"{""Benzene_Ring"": 1, ""Ester"": 1, ""Ether"": 1, ""Phenol"": 1}"
carrageenan sodium,C(=O)(P(=O)([O-])[O-])P(=O)([O-])[O-].[Na+].[Na+].[Na+].[Na+],277.912,-15.050200000000002,143.45000000000002,20.609,0,7,0,7,2,13,0.3599164769125355,0,168.65718746020084,216.07434979774004,0,True,False,III,{}
casein,COC1=CC(=CC(=C1OC)OC)NC2=NC=C3C=CN(C3=N2)C4=CC=CC(=C4)CCC#N,429.4800000000002,4.646080000000004,94.22,122.17970000000004,1,7,1,8,8,8,0.4357259602460537,0,185.5584141728399,1267.5246649493429,0,True,True,I,"{""Benzene_Ring"": 1, ""Ether"": 1, ""Nitrile"": 1, ""Secondary_Amine"": 1}"
castor oil,CCCCCCC(O)C/C=C\CCCCCCCC(=O)OCC(OC(=O)CCCCCCC/C=C\CC(O)CCCCCC)COC(=O)CCCCCCC/C=C\CC(O)CCCCCC,933.4499999999992,15.009499999999964,139.59,274.3233999999992,3,9,3,9,50,9,0.0235363332807068,0,405.3151035827264,1106.6065067693062,2,False,False,IV,"{""Alcohol"": 1, ""Alkene"": 1, ""Ester"": 1, ""Ether"": 1}"
cauloside d,C[C@H]1[C@@H]([C@H]([C@H]([C@@H](O1)O[C@@H]2[C@H](O[C@H]([C@@H]([C@H]2O)O)OC[C@@H]3[C@H]([C@@H]([C@H]([C@@H](O3)OC(=O)[C@@]45CC[C@@]6(C(=CC[C@H]7[C@]6(CC[C@@H]8[C@@]7(CC[C@@H]([C@@]8(C)CO)O[C@H]9[C@@H]([C@H]([C@H](CO9)O)O)O)C)C)[C@@H]4CC(CC5)(C)C)C)O)O)O)CO)O)O)O,1075.2490000000005,-1.3961999999999866,353.90000000000003,256.7983999999992,13,22,13,22,11,22,0.0643122894181408,0,437.3690802771528,2062.827603461781,3,False,False,IV,"{""Alcohol"": 1, ""Alkene"": 1, ""Ester"": 1, ""Ether"": 1}"
cellacefate,CCOC(=O)CN1C2=CC=CC=C2C3=CC=CC=C31,253.301,3.3576000000000024,31.23,76.07700000000004,0,2,0,3,3,3,0.6701292399013993,0,110.94869987771408,689.428261872994,0,True,True,I,"{""Benzene_Ring"": 1, ""Ester"": 1, ""Ether"": 1}"
cellulose acetate,CC(=O)OC[C@@H]1[C@H]([C@@H]([C@H]([C@@H](O1)O[C@@H]2[C@H](O[C@H]([C@@H]([C@H]2O)OC(=O)C3=CC=CC=C3C(=O)O)O)COC(=O)C)O)OC(=O)C4=CC=CC=C4C(=O)O)O,722.6050000000005,-1.1297999999999948,288.41,160.90979999999985,6,17,6,19,12,19,0.1115685495942155,0,287.3050290264215,1624.9753633731643,3,False,False,IV,"{""Alcohol"": 1, ""Benzene_Ring"": 1, ""Carboxylic_Acid"": 1, ""Ester"": 1, ""Ether"": 1}"
cellulose sodium phosphate,[O-]P1(=O)OP(=O)(OP(=O)(OP(=O)(O1)[O-])[O-])[O-].[Na+].[Na+].[Na+].[Na+],407.8440000000001,-14.044000000000002,197.44000000000003,34.766,0,12,0,12,0,20,0.2714214208314363,0,200.85163487546345,371.8489943291756,1,True,False,III,{}
"cellulose, microcrystalline",C[C@@H]1CC(=O)C=C([C@]12C(=O)C3=C(O2)C(=C(C=C3OC)OC)Cl)OC,352.77000000000004,2.8103000000000007,71.06000000000002,86.12550000000005,0,6,0,6,3,7,0.8326610784751868,0,143.82499238361365,768.8345393102228,0,True,True,I,"{""Alkene"": 1, ""Benzene_Ring"": 1, ""Chlorine"": 1, ""Ether"": 1, ""Ketone"": 1}"
ceramide 1,CCCCCCCCCCCCCCCCCC(=O)OCCCCCCCCCCCCCCCCCCCCCCCCCCC(=O)N[C@@H](CO)[C@@H]([C@@H](CCCCCCCCCCCCCC)O)O,992.6939999999992,18.833699999999983,116.09000000000002,302.65509999999944,4,6,4,7,60,7,0.0356336037075166,1,436.73481499020943,1024.9687592133084,2,False,False,IV,"{""Alcohol"": 1, ""Amide"": 1, ""Ester"": 1, ""Ether"": 1}"
ceramide 3,CCCCCCCCCCCCCC[C@H]([C@H]([C@H](CO)NC(=O)CCCCCCC/C=C\CCCCCCCC)O)O,581.9670000000004,9.314,89.79,176.17709999999963,4,4,4,5,32,5,0.0470533322321036,1,254.9167075397665,567.7838968607089,2,False,False,IV,"{""Alcohol"": 1, ""Alkene"": 1, ""Amide"": 1}"
ceramide 6 ii,CCCCCCCCCCCCCCCCC(C(=O)N[C@@H](CO)[C@@H]([C@@H](CCCCCCCCCCCCCC)O)O)O,599.9820000000005,8.508800000000004,110.02,177.66089999999966,5,5,5,6,33,6,0.0485835578837345,1,260.4005443241467,560.9067912995791,2,False,False,IV,"{""Alcohol"": 1, ""Amide"": 1}"
ceresin,C(C(=O)[O-])(Cl)Cl.[Na+],150.924,-3.4560000000000004,40.13,20.501,0,2,0,2,1,5,0.2884295556195685,0,73.07988107094123,64.71013448036486,0,True,True,I,"{""Chlorine"": 1}"
ceric oxide,O=[Ce]=O,172.114,-0.2376,34.14,1.373,0,2,0,2,0,3,0.5051050747445012,0,39.19032095477321,23.774437510817343,0,True,True,I,{}
cetalkonium chloride,CCCCCCCCCCCCCCCC[N+](C)(C)CC1=CC=CC=C1.[Cl-],396.10300000000007,4.748300000000004,0.0,117.43340000000008,0,0,0,1,17,2,0.2635501767755971,0,176.48820170238062,415.5918617356212,0,True,True,I,"{""Benzene_Ring"": 1, ""Chlorine"": 1}"
ceteareth-10 phosphate,[O-]P(=O)=O.[O-]P(=O)=O.[O-]P(=O)=O.[Ce+3],377.029,-1.6962000000000004,171.59999999999997,24.879,0,9,0,9,0,13,0.4462704673199243,0,106.64061353079056,207.6860645355664,0,True,False,III,{}
ceteareth-100,CCCCCCCCCCCCCCCCCCOCCOCCO,358.6070000000001,6.273400000000008,38.69,108.26980000000007,1,3,1,3,22,3,0.2316508481296524,0,157.42435964136814,199.31787161080672,1,False,False,IV,"{""Alcohol"": 1, ""Ether"": 1}"
ceteareth-12,CCCCCCCCCCCCCCCCCCOCCOCCO,358.6070000000001,6.273400000000008,38.69,108.26980000000007,1,3,1,3,22,3,0.2316508481296524,0,157.42435964136814,199.31787161080672,1,False,False,IV,"{""Alcohol"": 1, ""Ether"": 1}"
ceteareth-15,CCCCCCCCCCCCCCCCCCOCCOCCO,358.6070000000001,6.273400000000008,38.69,108.26980000000007,1,3,1,3,22,3,0.2316508481296524,0,157.42435964136814,199.31787161080672,1,False,False,IV,"{""Alcohol"": 1, ""Ether"": 1}"
ceteareth-25,CCCCCCCCCCCCCCCCCCOCCOCCO,358.6070000000001,6.273400000000008,38.69,108.26980000000007,1,3,1,3,22,3,0.2316508481296524,0,157.42435964136814,199.31787161080672,1,False,False,IV,"{""Alcohol"": 1, ""Ether"": 1}"
ceteareth-30,CCCCCCCCCCCCCCCCCCOCCOCCO,358.6070000000001,6.273400000000008,38.69,108.26980000000007,1,3,1,3,22,3,0.2316508481296524,0,157.42435964136814,199.31787161080672,1,False,False,IV,"{""Alcohol"": 1, ""Ether"": 1}"
ceteareth-6,CCCCCCCCCCCCCCCCCCOCCOCCO,358.6070000000001,6.273400000000008,38.69,108.26980000000007,1,3,1,3,22,3,0.2316508481296524,0,157.42435964136814,199.31787161080672,1,False,False,IV,"{""Alcohol"": 1, ""Ether"": 1}"
ceteareth-8,CCCCCCCCCCCCCCCCCCOCCOCCO,358.6070000000001,6.273400000000008,38.69,108.26980000000007,1,3,1,3,22,3,0.2316508481296524,0,157.42435964136814,199.31787161080672,1,False,False,IV,"{""Alcohol"": 1, ""Ether"": 1}"
cetearyl ethylhexanoate,CCCCCCCCCCCCCCCCOC(=O)C(CC)CCCC,368.6460000000001,8.227300000000008,26.3,114.5770000000001,0,2,0,2,20,2,0.1596843532337074,0,164.40798698850224,287.9352303717598,1,False,False,IV,"{""Ester"": 1, ""Ether"": 1}"
cetearyl glucoside,C1CN2CN(C(C3=C(C(=CC=C3)F)OCC=C1)C4=CC=CC=C4)N5C=CC(=O)C(=C5C2=O)O,447.4660000000001,3.1726000000000014,75.01,120.42430000000004,1,5,1,7,1,8,0.5803503597065491,1,189.07964452045536,1288.5546812387558,0,True,True,I,"{""Alkene"": 1, ""Amide"": 1, ""Benzene_Ring"": 1, ""Ether"": 1, ""Fluorine"": 1, ""Phenol"": 1, ""Pyridine_Ring"": 1, ""Tertiary_Amine"": 1}"
cetearyl isononanoate,CCCCCCCCCCCCCCCCOC(=O)CCCCCC(C)C,382.6730000000002,8.617400000000005,26.3,119.1940000000001,0,2,0,2,21,2,0.1465953183109707,0,170.77292910289887,298.6989935505566,1,False,False,IV,"{""Ester"": 1, ""Ether"": 1}"
cetearyl olivate,CCCCCCCCCCCCCCCCCCOC(=O)C(=C)C,338.576,7.367200000000007,26.3,105.31900000000007,0,2,0,2,18,2,0.1480784780071291,0,150.98849972752475,296.3450401437983,1,False,False,IV,"{""Alkene"": 1, ""Ester"": 1, ""Ether"": 1}"
cetearyl phosphate,CCCCCCCCCCCCCCCCCC(=O)O.CCCCCCCCCCCCCCCC(=O)O.OP(=O)(O)O,638.9080000000009,10.956199999999988,152.36,179.3924999999996,5,3,5,8,30,9,0.0384595585336195,0,264.63782674551885,600.936716029862,2,False,False,IV,"{""Carboxylic_Acid"": 1}"
ceteth-10,CCCCCCCCCCCCCCCCOCCOCCO,330.55300000000005,5.493200000000006,38.69,99.03580000000008,1,3,1,3,20,3,0.2998197407351491,0,144.69447541257492,177.32580734610852,1,False,False,IV,"{""Alcohol"": 1, ""Ether"": 1}"
ceteth-10 phosphate,CCCCCCCCCCCCCCCCOCCOCCOP(=O)(O)O,410.5320000000001,5.610200000000007,85.22000000000001,109.94610000000009,2,4,2,6,22,7,0.1781940027556052,0,166.15186506875293,334.4336256563395,1,False,False,IV,"{""Ether"": 1}"
ceteth-2,CCCCCCCCCCCCCCCCOCCOCCO,330.55300000000005,5.493200000000006,38.69,99.03580000000008,1,3,1,3,20,3,0.2998197407351491,0,144.69447541257492,177.32580734610852,1,False,False,IV,"{""Alcohol"": 1, ""Ether"": 1}"
ceteth-20,CCCCCCCCCCCCCCCCOCCOCCO,330.55300000000005,5.493200000000006,38.69,99.03580000000008,1,3,1,3,20,3,0.2998197407351491,0,144.69447541257492,177.32580734610852,1,False,False,IV,"{""Alcohol"": 1, ""Ether"": 1}"
ceteth-20 phosphate,CCCCCCCCCCCCCCCCOCCOCCOP(=O)(O)O,410.5320000000001,5.610200000000007,85.22000000000001,109.94610000000009,2,4,2,6,22,7,0.1781940027556052,0,166.15186506875293,334.4336256563395,1,False,False,IV,"{""Ether"": 1}"
cetostearyl alcohol,CCCCCCCCCCCCCCCCCCCCCCCCCCCCCCCCCCOC(=O)C(=C)C,563.0080000000005,13.608799999999974,26.3,179.1909999999995,0,2,0,2,34,2,0.0442621314583738,0,252.8275735578705,511.6235782418833,2,False,False,IV,"{""Alkene"": 1, ""Ester"": 1, ""Ether"": 1}"
cetrimonium chloride,CCCCCCCCCCCCCCCC[N+](C)(C)C.[Cl-],320.005,3.177900000000001,0.0,93.21140000000008,0,0,0,1,15,2,0.3211362227725664,0,141.43110749631666,186.49559987530685,0,True,True,I,"{""Chlorine"": 1}"
cetyl acetate,CCCCCCCCCCCCCCCCOC(=O)C,284.4839999999999,6.030800000000006,26.3,86.94500000000008,0,2,0,2,15,2,0.2709003907673501,0,126.2183343021226,201.5949030918267,1,False,False,IV,"{""Ester"": 1, ""Ether"": 1}"
cetyl alcohol,CCCCCCCCCCCCCCCCO,242.44699999999992,5.460000000000006,20.23,77.39780000000006,1,1,1,1,14,1,0.4009684425805356,0,109.00761649597472,108.69358616951132,1,False,False,IV,"{""Alcohol"": 1}"
cetyl esters wax,C[C@H](CCCC(C)C)[C@H]1CCC2[C@@]1(CCC3C2CC=C4[C@@]3(CC[C@@H](C4)OCCCCCC(=O)ON5C(=O)CCC5=O)C)C,597.8810000000003,8.580600000000006,72.91,168.4329999999996,0,5,0,6,13,6,0.1207732456696902,2,260.5839372751035,1035.6084982068476,2,False,False,IV,"{""Alkene"": 1, ""Amide"": 1, ""Ether"": 1}"
cetyl palmitate,CCCCCCCCCCCCCCCCOC(=O)CCCCCCCCCCCCCCC,480.8620000000005,11.492199999999986,26.3,151.58299999999983,0,2,0,2,29,2,0.0785307668742469,0,215.3275239036752,379.2083367063581,1,False,False,IV,"{""Ester"": 1, ""Ether"": 1}"
cetyl phosphate,CCCCCCCCCCCCCCCCOP(=O)(O)O,322.426,5.577000000000007,66.76,88.30810000000007,2,2,2,4,16,5,0.2875331698313317,0,130.46500615215268,252.66153122169084,1,False,False,IV,{}
cetylhydroxyproline palmitamide,CCCCCCCCCCCCCCCCOC(=O)[C@@H]1C[C@H](CN1C(=O)CCCCCCCCCCCCCCC)O,593.9780000000003,10.453999999999994,66.84,177.7077999999995,1,4,1,5,30,5,0.0664323360782373,1,260.8619928445721,624.8871254121358,2,False,False,IV,"{""Alcohol"": 1, ""Amide"": 1, ""Ester"": 1, ""Ether"": 1}"
cetylpyridinium chloride,CCCCCCCCCCCCCCCC[N+]1=CC=CC=C1.[Cl-],339.9949999999999,3.4594000000000014,3.88,96.94900000000008,0,0,0,1,15,2,0.3401622087531505,0,150.85318966993398,325.8732712636312,0,True,True,I,"{""Chlorine"": 1, ""Pyridine_Ring"": 1}"
chamomile,C1=CC(=CC=C1C2=CC(=O)C3=C(C=C(C=C3O2)O)O)O,270.23999999999995,2.5768000000000018,90.9,72.9144,3,5,3,5,1,5,0.6318329361180623,0,112.51920203793708,846.5071386809369,0,True,True,I,"{""Benzene_Ring"": 1, ""Phenol"": 1}"
chamomile flower oil,C1=CC(=CC=C1C2=CC(=O)C3=C(C=C(C=C3O2)O)O)O,270.23999999999995,2.5768000000000018,90.9,72.9144,3,5,3,5,1,5,0.6318329361180623,0,112.51920203793708,846.5071386809369,0,True,True,I,"{""Benzene_Ring"": 1, ""Phenol"": 1}"
cherry,CCOC(=O)COC1=CC=C(C=C1)C,194.23,1.93692,35.53,53.30700000000003,0,3,0,3,4,3,0.6869531811045638,0,83.64472625053752,289.90588306124454,0,True,True,I,"{""Benzene_Ring"": 1, ""Ester"": 1, ""Ether"": 1}"
chloride ion,[Cl-],35.453,-2.996,0.0,0.0,0,0,0,0,0,1,0.2682269027736307,0,13.521571012453132,0.0,0,True,True,I,"{""Chlorine"": 1}"
chlorobutanol,CC(C)(C(Cl)(Cl)Cl)O,177.45800000000003,2.127500000000001,20.23,36.58780000000001,1,1,1,1,0,4,0.5621808285617447,0,63.53810980386041,66.26466250649041,0,True,True,I,"{""Alcohol"": 1, ""Chlorine"": 1}"
chlorobutanol hemihydrate,CC(C)(C(Cl)(Cl)Cl)O.CC(C)(C(Cl)(Cl)Cl)O.O,372.931,3.430300000000002,71.96000000000001,76.78940000000001,2,2,4,3,0,9,0.6392042269306111,0,131.18849527623144,159.26130581207312,0,True,True,I,"{""Alcohol"": 1, ""Chlorine"": 1}"
chlorocresol,CC1=C(C=CC(=C1)O)Cl,142.58499999999998,2.3540200000000007,20.23,37.85380000000001,1,1,1,1,0,2,0.5897674587091336,0,58.89384521297126,220.15617759993404,0,True,True,I,"{""Benzene_Ring"": 1, ""Chlorine"": 1, ""Phenol"": 1}"
chloroform,C(Cl)(Cl)Cl,119.378,1.9864,0.0,21.347,0,0,0,0,0,3,0.4278591758228658,0,39.64904970847457,8.0,0,True,True,I,"{""Chlorine"": 1}"
chlorothymol,CC1=CC(=C(C=C1Cl)C(C)C)O,184.666,3.4774200000000026,20.23,51.94280000000003,1,1,1,1,1,2,0.7087811063178283,0,77.98867155616108,292.1352079833958,0,True,True,I,"{""Benzene_Ring"": 1, ""Chlorine"": 1, ""Phenol"": 1}"
chlorphenesin,C1=CC(=CC=C1OCC(CO)O)Cl,202.637,1.0719999999999998,49.69,50.03960000000002,2,3,2,3,4,4,0.768217152385319,0,81.53150842346736,247.54165625270005,0,True,True,I,"{""Alcohol"": 1, ""Benzene_Ring"": 1, ""Chlorine"": 1, ""Ether"": 1}"
cholecalciferol,C[C@H](CCCC(C)C)[C@H]1CC[C@@H]\2[C@@]1(CCC/C2=C\C=C/3\C[C@H](CCC3=C)O)C,384.6480000000002,7.6190000000000095,20.23,121.1888000000001,1,1,1,1,6,1,0.499104026994848,0,173.93567719719692,609.7518254928541,1,False,False,IV,"{""Alcohol"": 1, ""Alkene"": 1}"
cholesterol,C[C@H](CCCC(C)C)[C@H]1CC[C@@H]2[C@@]1(CC[C@H]3[C@H]2CC=C4[C@@]3(CC[C@@H](C4)O)C)C,386.66400000000016,7.38870000000001,20.23,119.0528000000001,1,1,1,1,5,1,0.4883117604002477,0,174.3090521080362,591.069705945873,1,False,False,IV,"{""Alcohol"": 1, ""Alkene"": 1}"
choline bitartrate,C[N+](C)(C)CCO.[C@@H]([C@H](C(=O)[O-])O)(C(=O)O)O,253.251,-3.7723999999999966,138.12,54.64160000000003,4,6,4,8,5,8,0.3687881962721677,0,98.92863721439797,230.2191491728816,0,True,True,I,"{""Alcohol"": 1, ""Carboxylic_Acid"": 1}"
choline chloride,C[N+](C)(C)CCO.[Cl-],139.62599999999998,-3.311099999999997,20.23,29.985199999999985,1,1,1,2,2,3,0.3975925305403358,0,57.1161516469601,50.88058452123625,0,True,True,I,"{""Alcohol"": 1, ""Chlorine"": 1}"
chondroitin 6-sulfate,CC(=O)NC1C(C(C(OC1OC2C(C(C(OC2C(=O)[O-])OC3C(C(OC(C3O)COS(=O)(=O)[O-])OC4C(C(C(OC4C(=O)[O-])OC5C(C(OC(C5O)COS(=O)(=O)[O-])OC6C(C(C(OC6C(=O)[O-])O)O)O)NC(=O)C)O)O)NC(=O)C)O)O)COS(=O)(=O)[O-])O)O,1390.1130000000012,-18.942699999999967,731.0400000000003,253.4004999999996,14,43,14,46,25,49,0.0298099986736906,3,509.5074353501384,2915.4706333545137,3,False,False,IV,"{""Alcohol"": 1, ""Amide"": 1, ""Ether"": 1}"
chondroitin sulfate (bovine),CC(=O)N[C@@H]1[C@H]([C@H]([C@H](O[C@H]1O)OS(=O)(=O)O)O)O[C@H]2[C@@H]([C@H]([C@@H]([C@H](O2)C(=O)O)O)O)O,463.3700000000001,-5.376499999999993,258.84,86.31510000000002,8,13,8,16,6,17,0.1709378942737592,1,168.03702379452812,744.8179850862659,2,True,False,III,"{""Alcohol"": 1, ""Amide"": 1, ""Carboxylic_Acid"": 1, ""Ether"": 1}"
chondroitin sulfate (shark),CC(=O)N[C@@H]1[C@H]([C@H]([C@H](O[C@H]1O)OS(=O)(=O)O)O)O[C@H]2[C@@H]([C@H]([C@@H]([C@H](O2)C(=O)O)O)O)O,463.3700000000001,-5.376499999999993,258.84,86.31510000000002,8,13,8,16,6,17,0.1709378942737592,1,168.03702379452812,744.8179850862659,2,True,False,III,"{""Alcohol"": 1, ""Amide"": 1, ""Carboxylic_Acid"": 1, ""Ether"": 1}"
chromic oxide,O=[Cr]O[Cr]=O,151.989,-0.311,43.370000000000005,2.458,0,3,0,3,2,5,0.5445139471036776,0,41.82867393360402,34.1577218810798,0,True,True,I,{}
cinnamaldehyde,C1=CC=C(C=C1)/C=C/C=O,132.16199999999995,1.8987,17.07,41.54000000000002,0,1,0,1,2,1,0.4433687822838736,0,59.998148530546295,223.7433990600969,0,True,True,I,"{""Aldehyde"": 1, ""Alkene"": 1, ""Benzene_Ring"": 1}"
cinnamon,C1=CC=C(C=C1)/C=C/C#N,129.16199999999995,2.2233800000000006,23.79,41.08900000000002,0,1,0,1,1,1,0.5331829792287306,0,60.22920611197125,253.80679720013123,0,True,True,I,"{""Alkene"": 1, ""Benzene_Ring"": 1, ""Nitrile"": 1}"
cinquasia red,C1=CC=C2C(=C1)C(=O)C3=CC4=C(C=C3N2)C(=O)C5=CC=CC=C5N4,312.328,3.676000000000001,65.72,97.7074,2,2,2,4,0,4,0.428400761390138,0,134.92040140841834,1284.669465191438,0,True,True,I,"{""Benzene_Ring"": 1, ""Pyridine_Ring"": 1}"
citral,CC(=CCC/C(=C/C=O)/C)C,152.237,2.878000000000001,17.07,48.48600000000003,0,1,0,1,4,1,0.3437064624002451,0,68.80604609307427,171.3117986128446,0,True,True,I,"{""Aldehyde"": 1, ""Alkene"": 1}"
citric acid acetate,CC(=O)OC(CC(=O)O)(CC(=O)O)C(=O)O,234.16,-0.6776999999999989,138.20000000000002,46.6384,3,5,3,8,6,8,0.513629823691029,0,89.43618071487579,290.1360243581867,0,True,True,I,"{""Carboxylic_Acid"": 1, ""Ester"": 1, ""Ether"": 1}"
citric acid isopropyl ether,CC(C)OC(CC(=O)O)(CC(=O)O)C(=O)O,234.204,0.1841999999999998,121.13,51.09340000000002,3,4,3,7,7,7,0.5741094291967705,0,91.63960072922865,278.2326262691271,0,True,True,I,"{""Carboxylic_Acid"": 1, ""Ether"": 1}"
citric acid monohydrate,C(C(=O)O)C(CC(=O)O)(C(=O)O)O.O,210.138,-2.0732,163.63,40.705,4,4,6,8,5,8,0.4041306476481822,0,77.70621633714231,228.2160592478164,0,True,False,III,"{""Alcohol"": 1, ""Carboxylic_Acid"": 1}"
"citric acid, 1-stearyl ester",CCCCCCCCCCCCCCCCCCOC(=O)CC(CC(=O)O)(C(=O)O)O,444.60900000000015,5.471600000000005,121.13000000000002,119.96040000000012,3,5,3,7,22,7,0.1494160416898844,0,187.11373244517776,492.3194835903645,1,False,False,IV,"{""Alcohol"": 1, ""Carboxylic_Acid"": 1, ""Ester"": 1, ""Ether"": 1}"
citronellic acid,CC(CCC=C(C)C)CC(=O)O,170.25199999999998,2.8436000000000003,37.3,50.08180000000003,1,1,1,2,5,2,0.6440366667524915,0,74.28988287745454,166.67739285527472,0,True,True,I,"{""Alkene"": 1, ""Carboxylic_Acid"": 1}"
"citronellol acetate, (r)-",C[C@H](CCC=C(C)C)CCOC(=O)C,198.30599999999995,3.3221000000000016,26.3,59.07900000000005,0,2,0,2,6,2,0.483161736464209,0,87.33907858355865,190.49841012019365,0,True,True,I,"{""Alkene"": 1, ""Ester"": 1, ""Ether"": 1}"
citrulline,C(C[C@@H](C(=O)O)N)CNC(=O)N,175.188,-1.1531999999999996,118.43999999999998,42.43129999999999,4,3,6,6,5,6,0.3941591852138037,2,69.9108831297296,171.42124551085624,0,True,True,I,"{""Carboxylic_Acid"": 1, ""Primary_Amine"": 1, ""Urea"": 1}"
citrus fruit,C1=CC(=C(C=C1Cl)Cl)OCC(=O)O,221.039,2.4567999999999994,46.53,49.59280000000001,1,2,1,3,3,5,0.85199274417323,0,84.8371208838002,325.16521978178946,0,True,True,I,"{""Benzene_Ring"": 1, ""Carboxylic_Acid"": 1, ""Chlorine"": 1, ""Ether"": 1}"
clove,C[C@@]12CCC[C@]3(C1)C=CC([C@@H]3CC2)(C)C,204.357,4.559100000000004,0.0,64.65300000000005,0,0,0,0,0,0,0.5074101063945532,0,94.14134413661012,312.0,0,True,True,I,"{""Alkene"": 1}"
clove oil,CC(=O)O[C@H]1CC[C@@H]2[C@@]1(CC[C@H]3[C@H]2CCC4=C(C(=O)CC[C@]34C)Cl)C,364.91300000000007,5.016500000000005,43.370000000000005,97.06000000000006,0,3,0,3,1,4,0.6135853708366176,0,155.06502132593667,653.5266026343023,1,False,False,IV,"{""Alkene"": 1, ""Chlorine"": 1, ""Ester"": 1, ""Ether"": 1, ""Ketone"": 1}"
cocamide,CN1[C@H]2CC[C@@H]1[C@H]([C@H](C2)OC(=O)C3=CC=CC=C3)C(=O)OC,303.35800000000006,1.8677,55.84,80.34150000000005,0,5,0,5,3,5,0.7979361284429697,0,129.74407240010592,559.0371822548027,0,True,True,I,"{""Benzene_Ring"": 1, ""Ester"": 1, ""Ether"": 1, ""Tertiary_Amine"": 1}"
cocarboxylase,[H+].CC1=C(SC=[N+]1CC2=CN=C(N=C2N)C)CCOP(=O)([O-])OP(=O)(O)[O-],424.31200000000007,-0.3097600000000004,174.63,88.81920000000002,2,10,3,11,8,14,0.4222820228181086,0,154.3561887284506,890.629347444516,0,True,False,III,"{""Primary_Amine"": 1}"
cochineal,CC1=C2C(=CC(=C1C(=O)O)O)C(=O)C3=C(C2=O)C(=C(C(=C3O)O)[C@H]4[C@@H]([C@H]([C@@H]([C@H](O4)CO)O)O)O)O,492.3890000000001,-1.1940800000000005,242.51,110.8247,9,12,9,13,3,13,0.1543432440640158,0,194.87247146187087,1295.4759243194198,2,True,False,III,"{""Alcohol"": 1, ""Benzene_Ring"": 1, ""Carboxylic_Acid"": 1, ""Ether"": 1, ""Ketone"": 1, ""Phenol"": 1}"
coco diethanolamide,CNC.C1=CC(=C(C=C1Cl)Cl)OCC(=O)O.C(=O)(C(Cl)(Cl)Cl)C(Cl)(Cl)Cl,530.874,5.588300000000002,75.63,110.1635,2,4,2,5,3,13,0.4985079670506944,0,190.2044754077836,570.4872507757764,2,False,False,IV,"{""Benzene_Ring"": 1, ""Carboxylic_Acid"": 1, ""Chlorine"": 1, ""Ether"": 1, ""Ketone"": 1, ""Secondary_Amine"": 1}"
coco-betaine,CC(=O)[O-].C1C[N+]2=CC3=CC4=C(C=C3C5=CC(=CC1=C52)O)OCO4,325.3200000000001,1.0271,82.7,83.82180000000002,1,5,1,6,0,6,0.4929334227153734,0,137.0203111324126,992.0179985700364,0,True,True,I,"{""Benzene_Ring"": 1, ""Ether"": 1, ""Phenol"": 1, ""Pyridine_Ring"": 1}"
coco-glycerides,CCCCCCCCCCCCCCCCCCOCC(CO)OC(=O)C,386.6170000000001,6.188500000000007,55.76,113.0048000000001,1,4,1,4,21,4,0.1887157273721236,0,167.95082385580852,306.75347330561345,1,False,False,IV,"{""Alcohol"": 1, ""Ester"": 1, ""Ether"": 1}"
cocoa,C(CN(CCN)CCOCCC(=O)[O-])C(=O)[O-].[Na+].[Na+],292.24299999999994,-9.448300000000012,118.75,55.56140000000003,1,7,2,7,11,9,0.2965086949482358,0,156.97531060402542,243.9599013667332,0,True,True,I,"{""Ether"": 1, ""Primary_Amine"": 1, ""Tertiary_Amine"": 1}"
cocoa butter,CC(C)(C)OC(=O)CCCC1=CC=C(C=C1)N(CCCl)CCCl,360.3250000000001,4.635000000000004,29.54,98.87800000000009,0,3,0,3,9,5,0.4748208495574166,0,149.45214194577366,462.905083873753,0,True,True,I,"{""Benzene_Ring"": 1, ""Chlorine"": 1, ""Ester"": 1, ""Ether"": 1, ""Tertiary_Amine"": 1}"
coconut alkanes,CCCCCC1CCC(=O)O1,156.225,2.2723000000000004,26.3,43.256000000000014,0,2,0,2,4,2,0.4607618724022215,0,67.92802411902383,131.52442279202947,0,True,True,I,"{""Ester"": 1, ""Ether"": 1}"
coconut oil,CCCCCC1CCC(=O)O1,156.225,2.2723000000000004,26.3,43.256000000000014,0,2,0,2,4,2,0.4607618724022215,0,67.92802411902383,131.52442279202947,0,True,True,I,"{""Ester"": 1, ""Ether"": 1}"
colfosceril palmitate,CCCCCCCCCCCCCCCC(=O)OC[C@H](COP(=O)([O-])OCC[N+](C)(C)C)OC(=O)CCCCCCCCCCCCCCC,734.0529999999993,10.611799999999995,111.19,203.8728999999992,0,8,0,9,38,10,0.0266798202576407,0,308.06286819088194,834.6618622102566,2,False,False,IV,"{""Ester"": 1, ""Ether"": 1}"
comfrey leaf,C/C=C(\C)/C(=O)OC1CC[N+]2(C1C(=CC2)COC(=O)C(C(C)C)(C(C)O)O)[O-],397.4680000000001,1.2024,116.12,101.58800000000006,2,7,2,8,7,8,0.2179670262370303,0,165.13896240190417,674.0416869002606,0,True,True,I,"{""Alcohol"": 1, ""Alkene"": 1, ""Ester"": 1, ""Ether"": 1}"
copovidone k25-31,CC(=O)OC=C.C=CN1CCCC1=O,197.23399999999995,1.4453,46.61,53.10700000000003,0,3,0,4,2,4,0.4968555054866878,1,83.8409470928283,235.52160994650563,0,True,True,I,"{""Alkene"": 1, ""Amide"": 1, ""Ester"": 1, ""Ether"": 1}"
copper gluconate,C([C@H]([C@H]([C@@H]([C@H](C(=O)[O-])O)O)O)O)O.C([C@H]([C@H]([C@@H]([C@H](C(=O)[O-])O)O)O)O)O.[Cu+2],453.8400000000001,-9.6581,282.56,72.24000000000001,10,14,10,14,10,15,0.1373248950595706,0,162.2089149383819,384.9019346626658,2,True,False,III,"{""Alcohol"": 1}"
copper glycinate,C(C(=O)[O-])N.C(C(=O)[O-])N.[Cu+2],211.664,-4.6125,132.3,28.1228,2,6,4,6,2,7,0.4418354784331698,0,74.02682189527434,104.6596856226232,0,True,True,I,"{""Primary_Amine"": 1}"
corn,CCC[C@H]1[C@@H](C(=O)C[C@@H](/C(=C\C)/CC2=C1C(=O)OC2=O)O)O,308.33,0.8136999999999999,100.9,76.53460000000001,2,6,2,6,2,6,0.4446915105786202,0,128.00909340638194,571.185105486786,0,True,True,I,"{""Alcohol"": 1, ""Alkene"": 1, ""Ester"": 1, ""Ether"": 1, ""Ketone"": 1}"
corn glycerides,CCCCC/C=C\C/C=C\CCCCCCCC(=O)OC[C@H](CO)O,354.531,4.696300000000005,66.76,103.40960000000004,2,4,2,4,17,4,0.2257182387139135,0,153.52242208533588,349.8052120710373,0,True,True,I,"{""Alcohol"": 1, ""Alkene"": 1, ""Ester"": 1, ""Ether"": 1}"
corn oil,C[C@]12CC[C@H](C[C@H]1CC[C@@H]3[C@@H]2[C@H](C[C@]4([C@H]3CC[C@@]4([C@@H](CO)O)O)C)O)O,368.51400000000007,1.4451000000000007,101.15,97.16600000000004,5,5,5,5,2,5,0.5077789182289071,0,155.98593746262483,554.5195263881089,0,True,True,I,"{""Alcohol"": 1}"
corn oil peg-6 esters,CC(=O)O[C@H]1CC2=CC3=C(C=C2[C@@H]4[C@]1(C5=C(CN4C)C6=C(C=C5)OCO6)C)OCO3,409.4380000000002,3.076200000000002,66.46000000000001,105.94800000000004,0,7,0,7,1,7,0.6708387319486564,0,173.96861788758832,1081.8483916106106,0,True,True,I,"{""Benzene_Ring"": 1, ""Ester"": 1, ""Ether"": 1, ""Tertiary_Amine"": 1}"
corn starch 3-e-dodecenyl succinic anhydride modified,CCCCCCCCC/C=C/CC1CC(=O)OC1=O,266.381,4.163100000000004,43.370000000000005,75.57300000000005,0,3,0,3,10,3,0.2579174545699297,0,115.95453798765962,307.11590649725093,0,True,True,I,"{""Alkene"": 1, ""Ester"": 1, ""Ether"": 1}"
corn syrup,COC1=C(C=CC(=C1)/C=C/C(=O)NCCCCNC(=O)/C=C/C2=CC=C(C=C2)O)O,410.4700000000001,2.845600000000002,107.89,116.08700000000002,4,5,4,7,10,7,0.3558589839598161,2,175.2484358207577,904.3095242395892,0,True,True,I,"{""Alkene"": 1, ""Amide"": 1, ""Benzene_Ring"": 1, ""Ether"": 1, ""Phenol"": 1}"
cotton,CN(C)C(=O)NC1=CC=CC(=C1)C(F)(F)F,232.205,2.7989000000000006,32.34,54.14970000000002,1,1,1,3,1,6,0.7928812498481534,2,90.85899573971729,387.8956862132586,0,True,True,I,"{""Benzene_Ring"": 1, ""Fluorine"": 1, ""Urea"": 1}"
cotton seed,C1=CC=C2C(=C1)C(=CC(=C2N)N=NC3=CC=C(C=C3)C4=CC=C(C=C4)N=NC5=CC(=C(C=C5)O)C(=O)[O-])S(=O)(=O)[O-].[Na+].[Na+],611.5470000000003,-0.0989999999999977,193.02,148.9908999999998,2,11,3,11,7,14,0.1110224859119721,0,290.08816362971214,1967.2189797864528,2,False,False,IV,"{""Azo"": 1, ""Benzene_Ring"": 1, ""Phenol"": 1, ""Primary_Amine"": 1}"
cottonseed oil,CN(C)C(=O)NC1=CC=CC(=C1)C(F)(F)F,232.205,2.7989000000000006,32.34,54.14970000000002,1,1,1,3,1,6,0.7928812498481534,2,90.85899573971729,387.8956862132586,0,True,True,I,"{""Benzene_Ring"": 1, ""Fluorine"": 1, ""Urea"": 1}"
cow milk fat,CC(C(=O)O)O,90.078,-0.5482,57.53,19.3166,2,2,2,3,1,3,0.4539359506472031,0,35.21912486105855,57.058650025961626,0,True,True,I,"{""Alcohol"": 1, ""Carboxylic_Acid"": 1}"
cranberry,CC(=O)CCC1=CC=C(C=C1)OC,178.231,2.2168,26.3,51.99600000000004,0,2,0,2,4,2,0.7062315703089805,0,78.53118102103063,274.64668245876646,0,True,True,I,"{""Benzene_Ring"": 1, ""Ether"": 1, ""Ketone"": 1}"
creatinine,CN1CC(=O)N=C1N,113.12,-1.2268999999999994,58.69,29.2594,1,3,2,4,0,4,0.4277648474316,1,46.98481517061011,151.3624125497598,0,True,True,I,"{""Primary_Amine"": 1, ""Tertiary_Amine"": 1}"
cresol,CC1=C(C=CC(=C1)C2(C3=CC=CC=C3S(=O)(=O)O2)C4=CC(=C(C=C4)O)C)O,382.4370000000001,3.725440000000002,83.83000000000001,100.28240000000002,2,5,2,5,2,6,0.660083970594465,0,157.1710017130291,1113.4395312276358,0,True,True,I,"{""Benzene_Ring"": 1, ""Phenol"": 1}"
croscarmellose,CC(=O)O.C(C(C(C(C(C=O)O)O)O)O)O.[Na],263.198,-3.668699999999998,155.51999999999998,56.24080000000003,6,7,6,8,5,9,0.2187548556372046,0,119.8015233181106,207.70185952129685,1,True,False,III,"{""Alcohol"": 1, ""Aldehyde"": 1, ""Carboxylic_Acid"": 1}"
croscarmellose sodium,CC(=O)O.C(C(C(C(C(C=O)O)O)O)O)O.[Na],263.198,-3.668699999999998,155.51999999999998,56.24080000000003,6,7,6,8,5,9,0.2187548556372046,0,119.8015233181106,207.70185952129685,1,True,False,III,"{""Alcohol"": 1, ""Aldehyde"": 1, ""Carboxylic_Acid"": 1}"
crospovidone,C=CN1CCCC1=O,111.144,0.7523,20.31,31.143999999999988,0,1,0,2,1,2,0.4886920431591795,1,48.789883184346245,119.6969428639286,0,True,True,I,"{""Alkene"": 1, ""Amide"": 1}"
crospovidone,C=CN1CCCC1=O,111.144,0.7523,20.31,31.143999999999988,0,1,0,2,1,2,0.4886920431591795,1,48.789883184346245,119.6969428639286,0,True,True,I,"{""Alkene"": 1, ""Amide"": 1}"
crospovidone (20 .mu.m),C=CN1CCCC1=O,111.144,0.7523,20.31,31.143999999999988,0,1,0,2,1,2,0.4886920431591795,1,48.789883184346245,119.6969428639286,0,True,True,I,"{""Alkene"": 1, ""Amide"": 1}"
crospovidone (35 .mu.m),C=CN1CCCC1=O,111.144,0.7523,20.31,31.143999999999988,0,1,0,2,1,2,0.4886920431591795,1,48.789883184346245,119.6969428639286,0,True,True,I,"{""Alkene"": 1, ""Amide"": 1}"
cucumber,CC/C=C\CC/C=C/C=O,138.20999999999998,2.4879000000000007,17.07,43.86900000000002,0,1,0,1,5,1,0.2467253642166312,0,62.44110397867766,122.6899559358928,0,True,True,I,"{""Aldehyde"": 1, ""Alkene"": 1}"
cupric chloride,Cl[Cu]Cl,134.452,1.3765,0.0,11.706,0,0,0,0,0,3,0.4392240558867621,0,33.71702314581309,2.754887502163468,0,True,True,I,"{""Chlorine"": 1}"
cupric sulfate,[O-]S(=O)(=O)[O-].[Cu+2],159.60899999999998,-1.3404999999999996,80.25999999999999,10.4746,0,4,0,4,0,6,0.2489870080240545,0,45.60180282394836,90.7164928725825,0,True,True,I,{}
cuprous chloride,Cl[Cu],98.999,0.687,0.0,5.853,0,0,0,0,0,2,0.3916675014966241,0,25.84056058896878,2.0,0,True,True,I,"{""Chlorine"": 1}"
cyanocobalamin,CC1=CC2=C(C=C1C)[N+](=CN2)[C@@H]3[C@@H]([C@@H]([C@H](O3)CO)OP(=O)(O)O[C@H](C)CNC(=O)CC[C@@]4([C@H]([C@@H]5[C@]6([C@@]([C@@H](C(=N6)/C(=C\7/[C@@]([C@@H](/C(=C/C8=N/C(=C(\C4=N5)/C)/[C@H](C8(C)C)CCC(=N)[O-])/N7)CCC(=N)[O-])(C)CC(=O)N)/C)CCC(=N)[O-])(C)CC(=O)N)C)CC(=O)N)C)O.[C]#N.[Co+2],1355.3879999999997,2.2330200000000056,497.12,332.9223000000004,12,21,15,28,26,30,0.0278067668597774,4,550.9664084347062,3598.3890657047914,3,False,False,IV,"{""Alcohol"": 1, ""Alkene"": 1, ""Amide"": 1, ""Benzene_Ring"": 1, ""Ether"": 1, ""Secondary_Amine"": 1}"
cyclomethicone,C[Si]1(O[Si](O[Si](O[Si](O[Si](O1)(C)C)(C)C)(C)C)(C)C)C,370.77500000000015,3.5920000000000023,46.150000000000006,92.83500000000004,0,5,0,5,0,10,0.6097145030780422,0,128.72384656737225,267.78232786509,0,True,True,I,{}
cyclomethicone 4,C[Si]1(O[Si](O[Si](O[Si](O1)(C)C)(C)C)(C)C)C,296.62,2.873600000000001,36.92,74.26800000000003,0,4,0,4,0,8,0.6441948765618695,0,103.25277280587856,205.21187563522585,0,True,True,I,{}
cyclomethicone 5,C[Si]1(O[Si](O[Si](O[Si](O[Si](O1)(C)C)(C)C)(C)C)(C)C)C,370.77500000000015,3.5920000000000023,46.150000000000006,92.83500000000004,0,5,0,5,0,10,0.6097145030780422,0,128.72384656737225,267.78232786509,0,True,True,I,{}
cyclomethicone 6,C[Si]1(O[Si](O[Si](O[Si](O[Si](O[Si](O1)(C)C)(C)C)(C)C)(C)C)(C)C)C,444.9300000000002,4.310400000000003,55.38000000000001,111.40200000000006,0,6,0,6,0,12,0.5188097194826649,0,154.19492032886598,332.38623848312733,0,True,True,I,{}
cysteamine,C(CS)N,77.152,-0.1250999999999998,26.02,22.9074,2,2,2,1,1,2,0.4190213910899089,0,31.5991505026406,8.0,0,True,True,I,"{""Primary_Amine"": 1, ""Thiol"": 1}"
cysteine,C([C@@H](C(=O)O)N)S,121.161,-0.6719,63.31999999999999,29.4642,3,3,3,3,2,4,0.4243815022421898,0,46.919848469276985,75.33515884998701,0,True,True,I,"{""Carboxylic_Acid"": 1, ""Primary_Amine"": 1, ""Thiol"": 1}"
cysteine hydrochloride,C([C@@H](C(=O)O)N)S.Cl,157.622,-0.2501,63.31999999999999,36.7122,3,3,3,3,2,5,0.4847686792895067,0,59.0729417218264,79.68367439558378,0,True,True,I,"{""Carboxylic_Acid"": 1, ""Chlorine"": 1, ""Primary_Amine"": 1, ""Thiol"": 1}"
cystine,C([C@@H](C(=O)O)N)SSC[C@@H](C(=O)O)N,240.306,-0.8083999999999996,126.64,56.1384,4,6,6,6,7,8,0.3360247632088941,0,88.80143683539772,192.00818512452065,0,True,True,I,"{""Carboxylic_Acid"": 1, ""Primary_Amine"": 1}"
d&c black no. 2,C1CSC2C3C1CC4=CC5=C6C7=C(C=C8C9=C7C1=C7C%10C%11C%12=C1C6=C4C3C%12=C1C2=CC2=C3C1=C%11C1=C4C%10=C6C%10=C7C9=C(C=C%10C(=O)C7=CC(=C9C=C%10C=C%11C=CC%12=C%13C%11=C(C%10=C4C9=C76)C1=C3C%13=C(O2)C=C%12)C(=O)O)C(=O)C8=O)OC5,1035.06,14.005999999999986,110.88,319.79030000000046,1,7,1,7,1,8,0.0983221662026852,0,446.6672295922208,6967.563577744472,2,False,False,IV,"{""Benzene_Ring"": 1, ""Carboxylic_Acid"": 1, ""Ether"": 1, ""Sulfide"": 1}"
d&c green no. 5,CC1=CC(=C(C=C1)NC2=C3C(=C(C=C2)NC4=C(C=C(C=C4)C)S(=O)(=O)[O-])C(=O)C5=CC=CC=C5C3=O)S(=O)(=O)[O-].[Na+].[Na+],622.5880000000003,-1.617759999999996,172.59999999999997,144.59879999999987,2,10,2,10,6,14,0.1656732909548061,0,286.56346287455506,1836.5953336473767,1,False,False,IV,"{""Benzene_Ring"": 1, ""Ketone"": 1, ""Secondary_Amine"": 1}"
d&c orange no. 10,C1=CC=C2C(=C1)C(=O)OC23C4=C(C(=C(C=C4)O)I)OC5=C3C=CC(=C5I)O,584.1030000000002,4.875000000000003,75.99000000000001,113.4611,2,5,2,5,0,7,0.2915891253982486,0,180.76456975889656,1097.8492850388602,1,False,True,II,"{""Benzene_Ring"": 1, ""Ester"": 1, ""Ether"": 1, ""Iodine"": 1, ""Phenol"": 1}"
d&c red no. 22,C1=CC=C(C(=C1)C2=C3C=C(C(=O)C(=C3OC4=C(C(=C(C=C24)Br)[O-])Br)Br)Br)C(=O)[O-].[Na+].[Na+],691.8589999999999,-0.9400999999999996,93.4,119.1185,0,5,0,5,2,11,0.2001455714129781,0,253.58454125437035,1370.393241795036,1,False,True,II,"{""Benzene_Ring"": 1, ""Bromine"": 1}"
d&c red no. 27,C1=C2C(=C(C(=C1Br)O)Br)OC3=C(C(=C(C=C3C24C5=C(C(=C(C(=C5Cl)Cl)Cl)Cl)C(=O)O4)Br)O)Br,785.6750000000003,9.329399999999998,75.99000000000001,138.86709999999997,2,5,2,5,0,13,0.1351286710495203,0,238.92414884690152,1396.5785931796286,2,False,False,IV,"{""Benzene_Ring"": 1, ""Bromine"": 1, ""Chlorine"": 1, ""Ester"": 1, ""Ether"": 1, ""Phenol"": 1}"
d&c red no. 27 aluminum lake,C1=C2C(=C3C=C(C(=O)C(=C3OC2=C(C(=C1Br)[O-])Br)Br)Br)C4=C(C(=C(C(=C4Cl)Cl)Cl)Cl)C(=O)[O-].C1=C2C(=C3C=C(C(=O)C(=C3OC2=C(C(=C1Br)[O-])Br)Br)Br)C4=C(C(=C(C(=C4Cl)Cl)Cl)Cl)C(=O)[O-].C1=C2C(=C3C=C(C(=O)C(=C3OC2=C(C(=C1Br)[O-])Br)Br)Br)C4=C(C(=C(C(=C4Cl)Cl)Cl)Cl)C(=O)[O-].[Al+3].[Al+3],2404.940999999998,22.234900000000003,280.2,428.9835000000003,0,15,0,15,6,41,0.0647217752203076,0,744.9224912135854,5273.580569004271,3,False,False,IV,"{""Benzene_Ring"": 1, ""Bromine"": 1, ""Chlorine"": 1}"
d&c red no. 28,C1=C2C(=C3C=C(C(=O)C(=C3OC2=C(C(=C1Br)[O-])Br)Br)Br)C4=C(C(=C(C(=C4Cl)Cl)Cl)Cl)C(=O)[O-].[Na+].[Na+],829.6389999999997,1.6735000000000009,93.4,139.15849999999992,0,5,0,5,2,15,0.1329315891272454,0,294.797606161897,1578.9532455938663,1,False,True,II,"{""Benzene_Ring"": 1, ""Bromine"": 1, ""Chlorine"": 1}"
d&c red no. 30,CC1=CC(=CC2=C1C(=O)/C(=C\3/C(=O)C4=C(S3)C=C(C=C4C)Cl)/S2)Cl,393.316,6.098840000000003,34.14,99.779,0,4,0,2,0,6,0.5068140168646051,0,157.1526813772793,913.498661058304,1,False,False,IV,"{""Alkene"": 1, ""Benzene_Ring"": 1, ""Chlorine"": 1, ""Ketone"": 1, ""Sulfide"": 1}"
d&c red no. 30 aluminum lake,C1=C2C(=C3C=C(C(=O)C(=C3OC2=C(C(=C1Br)[O-])Br)Br)Br)C4=C(C(=C(C(=C4Cl)Cl)Cl)Cl)C(=O)[O-].C1=C2C(=C3C=C(C(=O)C(=C3OC2=C(C(=C1Br)[O-])Br)Br)Br)C4=C(C(=C(C(=C4Cl)Cl)Cl)Cl)C(=O)[O-].C1=C2C(=C3C=C(C(=O)C(=C3OC2=C(C(=C1Br)[O-])Br)Br)Br)C4=C(C(=C(C(=C4Cl)Cl)Cl)Cl)C(=O)[O-].[Al+3].[Al+3],2404.940999999998,22.234900000000003,280.2,428.9835000000003,0,15,0,15,6,41,0.0647217752203076,0,744.9224912135854,5273.580569004271,3,False,False,IV,"{""Benzene_Ring"": 1, ""Bromine"": 1, ""Chlorine"": 1}"
d&c red no. 33,C1=CC=C(C=C1)N=NC2=C(C3=C(C=C(C=C3C=C2S(=O)(=O)[O-])S(=O)(=O)[O-])N)O.[Na+].[Na+],467.39200000000017,-3.640799999999997,185.37,96.56960000000002,2,10,3,10,4,14,0.1702063361937508,0,215.8351354164992,1330.196020753402,0,True,False,III,"{""Azo"": 1, ""Benzene_Ring"": 1, ""Phenol"": 1, ""Primary_Amine"": 1}"
d&c red no. 6,CC1=CC(=C(C=C1)N=NC2=C(C(=CC3=CC=CC=C32)C(=O)O)[O-])S(=O)(=O)[O-].[Na+].[Na+],430.34900000000016,-2.7524799999999976,142.28,93.67150000000008,1,7,1,8,4,11,0.2701380611704601,0,210.55224879047887,1212.4420491421154,0,True,False,III,"{""Azo"": 1, ""Benzene_Ring"": 1, ""Carboxylic_Acid"": 1}"
d&c red no. 6 barium lake,CC1=CC(=C(C=C1)N=NC2=C(C(=CC3=CC=CC=C32)C(=O)O)[O-])S(=O)(=O)[O-].[Ba+2],521.6970000000001,2.858720000000001,142.28,99.42550000000008,1,7,1,8,4,10,0.3177229638100349,0,200.3015901033779,1208.166538101029,1,False,False,IV,"{""Azo"": 1, ""Benzene_Ring"": 1, ""Carboxylic_Acid"": 1}"
d&c red no. 7,CC1=CC(=C(C=C1)N=NC2=C(C(=CC3=CC=CC=C32)C(=O)O)[O-])S(=O)(=O)[O-].[Ca+2],424.4470000000001,2.858720000000001,142.28,99.42550000000008,1,7,1,8,4,10,0.3875292087182145,0,189.8412175402792,1208.166538101029,0,True,False,III,"{""Azo"": 1, ""Benzene_Ring"": 1, ""Carboxylic_Acid"": 1}"
d&c yellow no. 10,CC(=O)C(C(=O)NC1=CC=CC=C1Cl)N=NC2=C(C=C(C=C2)Cl)[N+](=O)[O-],395.20200000000017,4.581600000000003,114.03,97.17310000000002,1,6,1,8,6,10,0.3336358182765426,1,157.52745818759524,901.568523559609,0,True,True,I,"{""Amide"": 1, ""Azo"": 1, ""Benzene_Ring"": 1, ""Chlorine"": 1, ""Ketone"": 1, ""Nitro"": 1, ""Tertiary_Amine"": 1}"
d&c yellow no. 10 aluminum lake,C1=CC(=CC=C1N=NC2=C(C=CC3=C2C=CC(=C3)S(=O)(=O)[O-])[O-])S(=O)(=O)[O-].[Al+3],432.3710000000002,1.7562000000000015,162.18,95.69240000000003,0,9,0,9,4,12,0.3443558717768599,0,170.54195846604927,1272.340660475443,0,True,False,III,"{""Azo"": 1, ""Benzene_Ring"": 1}"
"decanoic acid, 1-methylbutyl ester",CCCCCCCCCC(=O)OC(C)CCC,242.403,4.858900000000005,26.3,73.07200000000006,0,2,0,2,11,2,0.3818856219641731,0,107.12350795893272,177.76063316262247,0,True,True,I,"{""Ester"": 1, ""Ether"": 1}"
decyl glucoside,CCCCCCCCCCO[C@H]1[C@@H]([C@H]([C@@H]([C@H](O1)CO)O)O)O,320.426,0.9435999999999996,99.38,82.32920000000004,4,6,4,6,11,6,0.4229748160668511,0,132.6115770580473,273.3616457225209,0,True,True,I,"{""Alcohol"": 1, ""Ether"": 1}"
decyl oleate,CCCCCCCCCCOC(=O)CCCCCCC/C=C\CCCCCCCC,422.73800000000034,9.7078,26.3,133.02100000000004,0,2,0,2,24,2,0.0878336191546014,0,189.17815241390448,361.6505912367903,1,False,False,IV,"{""Alkene"": 1, ""Ester"": 1, ""Ether"": 1}"
dehydroacetic acid,CC1=CC(=C(C(=O)O1)C(=O)C)O,168.148,0.8564199999999997,67.51,41.38430000000001,1,4,1,4,1,4,0.6311473877613404,0,68.44832423897938,375.1345171707861,0,True,True,I,"{""Ketone"": 1, ""Phenol"": 1}"
demannose,C([C@H]([C@H]([C@@H]([C@@H](C=O)O)O)O)O)O,180.156,-3.3787999999999987,118.22,37.17699999999999,5,6,5,6,5,6,0.2816378107304673,0,68.69665246083639,138.0,0,True,True,I,"{""Alcohol"": 1, ""Aldehyde"": 1}"
deoxycholic acid,C[C@H](CCC(=O)O)[C@H]1CC[C@@H]2[C@@]1([C@H](C[C@H]3[C@H]2CC[C@H]4[C@@]3(CC[C@H](C4)O)C)O)C,392.58000000000015,4.477900000000006,77.76,108.64740000000008,3,3,3,4,4,4,0.659162096020487,0,169.6538184014664,605.412568486979,0,True,True,I,"{""Alcohol"": 1, ""Carboxylic_Acid"": 1}"
dexpanthenol,CC(C)(CO)[C@H](C(=O)NCCCO)O,205.254,-1.1355999999999995,89.79,51.58610000000003,4,4,4,5,6,5,0.412780402657381,1,83.75287348324227,181.6507676913201,0,True,True,I,"{""Alcohol"": 1, ""Amide"": 1}"
dextran 40,CC[C@@H]1[C@@H]([C@H]([C@@H]([C@H](O1)COC[C@@H]2[C@@H]([C@H]([C@@H]([C@H](O2)COC)O)OC)O)O)O)O,396.4330000000001,-2.586299999999995,147.3,91.13900000000004,5,10,5,10,8,10,0.2961067635655531,0,158.10555745963123,435.9371863795394,0,True,False,III,"{""Alcohol"": 1, ""Ether"": 1}"
dextrates,COCN1COCN(C1=O)COC,190.199,-0.1365999999999998,51.24000000000001,43.64500000000002,0,4,0,6,4,6,0.6189758630569617,2,76.9448976896511,155.87547739228722,0,True,True,I,"{""Ether"": 1, ""Urea"": 1}"
"dextrin, corn",C([C@@H]1[C@H]([C@@H]([C@H](C(O1)O[C@@H]2[C@H](OC([C@@H]([C@H]2O)O)O[C@@H]3[C@H](O[C@@H]([C@@H]([C@H]3O)O)O)CO)CO)O)O)O)O,504.43800000000016,-7.572999999999989,268.67999999999995,101.2528,11,16,11,16,7,16,0.1535885606590293,0,192.23007093367465,635.0746547602489,3,False,False,IV,"{""Alcohol"": 1, ""Ether"": 1}"
dextrose monohydrate,C([C@H]([C@H]([C@@H]([C@H](C=O)O)O)O)O)O.O,198.171,-4.203499999999998,149.72000000000003,40.7908,5,6,7,7,5,7,0.2825018342065655,0,74.17740588925078,138.94445687710405,0,True,False,III,"{""Alcohol"": 1, ""Aldehyde"": 1}"
"dextrose, unspecified form",C([C@@H]1[C@H]([C@@H]([C@H](C(O1)O)O)O)O)O,180.156,-3.2213999999999987,110.38,35.98599999999999,5,6,5,6,1,6,0.290152854529958,0,68.64284443677028,146.2188491003481,0,True,True,I,"{""Alcohol"": 1, ""Ether"": 1}"
di-(4-tert-butylcyclohexyl)peroxydicarbonate,CC(C)(C)C1CCC(CC1)OC(=O)OOC(=O)OC2CCC(CC2)C(C)(C)C,398.54000000000025,6.417600000000007,71.06,105.53400000000008,0,6,0,6,2,6,0.3036241444359836,0,169.0978935569533,466.12551726384265,1,False,False,IV,"{""Ester"": 1, ""Ether"": 1}"
diacetylated monoglycerides,CCCCCCCCCCCCCCCCCCOCC(CO)OC(=O)C,386.6170000000001,6.188500000000007,55.76,113.0048000000001,1,4,1,4,21,4,0.1887157273721236,0,167.95082385580852,306.75347330561345,1,False,False,IV,"{""Alcohol"": 1, ""Ester"": 1, ""Ether"": 1}"
diacetyltartaric and fatty acid esters of glycerol,CC(=O)O[C@H]1[C@@H](C(=O)OC1=O)OC(=O)C,216.14499999999995,-1.0668000000000002,95.97000000000004,42.207000000000015,0,7,0,7,2,7,0.329209024560627,0,84.27473876377228,299.88188635738254,0,True,True,I,"{""Ester"": 1, ""Ether"": 1}"
diatomaceous earth,O=[Si]=O,60.084,-0.6184000000000001,34.14,7.126999999999999,0,2,0,2,0,3,0.3490914202027598,0,19.40222479242814,23.774437510817343,0,True,True,I,{}
diazolidinyl urea,C(NC(=O)N(CO)C1C(=O)N(C(=O)N1CO)CO)O,278.22099999999995,-3.612499999999999,153.88,56.58290000000002,5,7,5,11,5,11,0.2568014736814685,5,106.7788791782101,376.1089494871725,0,True,False,III,"{""Alcohol"": 1, ""Amide"": 1, ""Urea"": 1}"
dibasic calcium phosphate dihydrate,O.O.OP(=O)([O-])[O-].[Ca+2],172.086,-4.2228,146.42000000000002,22.8069,1,3,5,6,0,8,0.2908926813938565,0,75.383895696549,54.6641243869299,0,True,False,III,{}
dibutyl phthalate,CCCCOC(=O)C1=CC=CC=C1C(=O)OCCCC,278.348,3.600400000000003,52.60000000000001,76.82300000000005,0,4,0,4,8,4,0.5382823793200492,0,119.63095892256436,398.85794216890986,0,True,True,I,"{""Benzene_Ring"": 1, ""Ester"": 1, ""Ether"": 1}"
dibutyl sebacate,CCCCOC(=O)CCCCCCCCC(=O)OCCCC,314.46600000000007,4.7938000000000045,52.60000000000001,88.67000000000007,0,4,0,4,15,4,0.3218661464445503,0,135.49340163167324,248.2607212192847,0,True,True,I,"{""Ester"": 1, ""Ether"": 1}"
dibutyltin dilaurate,CCCCCCCCCCCC(=O)O[Sn](CCCC)(CCCC)OC(=O)CCCCCCCCCCC,631.5709999999999,10.95699999999999,52.6,161.0559999999997,0,4,0,4,28,5,0.0636956107019816,0,236.3187172848266,476.9174744855163,2,False,False,IV,{}
dicaprylyl carbonate,CCCCCCCCOC(=O)OCCCCCCCC,286.456,5.860600000000007,35.53,84.05200000000008,0,3,0,3,14,3,0.296152584125924,0,124.9669374172328,184.4117973143691,1,False,False,IV,"{""Ester"": 1, ""Ether"": 1}"
dichlorobenzyl alcohol,C1=CC(=C(C=C1Cl)Cl)CO,177.02999999999997,2.485700000000001,20.23,42.38480000000001,1,1,1,1,1,3,0.697990302684811,0,69.19711143985293,235.04775799182192,0,True,True,I,"{""Alcohol"": 1, ""Benzene_Ring"": 1, ""Chlorine"": 1}"
dichlorofluoromethane,C(F)(Cl)Cl,102.923,1.7171,0.0,16.602,0,0,0,0,0,3,0.4091325491659136,0,33.511318884519135,10.75488750216347,0,True,True,I,"{""Chlorine"": 1, ""Fluorine"": 1}"
diethanolamine,C(CO)NCCO,105.137,-1.4394,52.49,27.0413,3,3,3,3,4,3,0.3837448438131587,0,42.97240705901943,28.870765403276856,0,True,True,I,"{""Alcohol"": 1, ""Secondary_Amine"": 1}"
diethanolamine cetyl phosphate,CCCCCCCCCCCCCCCCOP(=O)(O)O.C(CO)NCCO,427.5630000000001,4.137600000000004,119.25,115.34940000000007,5,5,5,7,20,8,0.1462981968905397,0,172.0689354512684,323.817772159525,0,True,True,I,"{""Alcohol"": 1, ""Secondary_Amine"": 1}"
diethyl phthalate,CCOC(=O)C1=CC=CC=C1C(=O)OCC,222.23999999999995,2.04,52.60000000000001,58.35500000000003,0,4,0,4,4,4,0.7313625096648502,0,94.17119046497793,347.3600796599688,0,True,True,I,"{""Benzene_Ring"": 1, ""Ester"": 1, ""Ether"": 1}"
diethyl sebacate,CCOC(=O)CCCCCCCCC(=O)OCC,258.3579999999999,3.2334000000000023,52.60000000000001,70.20200000000006,0,4,0,4,11,4,0.4215226752792795,0,110.03363317408676,201.8338811517707,0,True,True,I,"{""Ester"": 1, ""Ether"": 1}"
diethylene glycol monoethyl ether,CCOCCOCCO,134.175,0.0317999999999998,38.69,34.39779999999999,1,3,1,3,6,3,0.5208371951853752,0,55.58528581102235,41.56763141529687,0,True,True,I,"{""Alcohol"": 1, ""Ether"": 1}"
diglycerin,C(C(COCC(CO)O)O)O,166.173,-2.290599999999999,90.15,37.00419999999999,4,5,4,5,6,5,0.3563936904674923,0,64.85444183810351,77.04182793626707,0,True,True,I,"{""Alcohol"": 1, ""Ether"": 1}"
dihexadecyl phosphate,CCCCCCCCCCCCCCCCOP(=O)(O)OCCCCCCCCCCCCCCCC,546.8580000000004,12.082599999999982,55.760000000000005,162.35329999999968,1,3,1,4,32,5,0.0673029215126854,0,232.6233914598093,433.70443804168696,2,False,False,IV,{}
dihydroxyaluminum aminoacetate,C(C(=O)[O-])N.O.[OH-].[OH-].[Al+3],153.07,-3.8641,157.64999999999998,27.3008,1,5,6,6,1,7,0.3807771148095145,0,62.71561296870848,50.22265344735046,0,True,False,III,"{""Primary_Amine"": 1}"
diisopropanolamine,CC(CNCC(C)O)O,133.191,-0.6623999999999998,52.49,36.23129999999999,3,3,3,3,4,3,0.4768607478597694,0,55.70229128781265,56.07820003461551,0,True,True,I,"{""Alcohol"": 1, ""Secondary_Amine"": 1}"
diisopropyl adipate,CC(C)OC(=O)CCCCC(=O)OC(C)C,230.304,2.45,52.60000000000001,60.92400000000005,0,4,0,4,7,4,0.4976899218155573,0,97.30374894529352,197.05865002596164,0,True,True,I,"{""Ester"": 1, ""Ether"": 1}"
dimethicone,C[Si](C)(C)O[Si](C)(C)C,162.38099999999997,2.6728000000000005,9.23,47.77700000000003,0,1,0,1,2,3,0.5673199651770209,0,60.68613837789019,76.2114326716684,0,True,True,I,{}
dimethicone 1000,CCCCCCCCCCCCCCCC[Si](C)(OC)O[Si](C)(C)C,388.7850000000001,8.037600000000008,18.46,118.17700000000008,0,2,0,2,18,4,0.1745845311576757,0,161.3971438522545,292.1108615790864,1,False,False,IV,{}
dimethicone 12500,CCCCCCCCCCCCCCCC[Si](C)(OC)O[Si](C)(C)C,388.7850000000001,8.037600000000008,18.46,118.17700000000008,0,2,0,2,18,4,0.1745845311576757,0,161.3971438522545,292.1108615790864,1,False,False,IV,{}
dimethicone 200,CO[Si](C)(C)O[Si](C)(C)C.O=[Si]=O,238.464,1.5677,52.6,56.04900000000004,0,4,0,4,3,7,0.7004256495399727,0,83.95675916882978,169.20840262051135,0,True,True,I,{}
dimethicone 350,C[Si](C)(C)O[Si](C)(C)O[Si](C)(C)C,236.536,3.391200000000002,18.46,66.34400000000004,0,2,0,2,4,5,0.6967679858322218,0,86.15721213938389,149.20840262051135,0,True,True,I,{}
dimethicone 410,CO[Si](C)(C)O[Si](C)(C)C.O=[Si]=O,238.464,1.5677,52.6,56.04900000000004,0,4,0,4,3,7,0.7004256495399727,0,83.95675916882978,169.20840262051135,0,True,True,I,{}
dimethicone peg-8 adipate,COC(=O)C(C(C(C(C(=O)OC)(F)F)(F)F)(F)F)(F)F,318.116,1.8736,52.60000000000001,43.82,0,4,0,4,5,12,0.573593512061321,0,105.16826371111698,367.2810529194598,0,True,True,I,"{""Ester"": 1, ""Ether"": 1, ""Fluorine"": 1}"
dimethyl ether,COC,46.069,0.2626,9.23,12.933000000000002,0,1,0,1,0,1,0.3800398096193344,0,20.21773837173304,2.754887502163468,0,True,True,I,"{""Ether"": 1}"
dimethyl isosorbide,CO[C@@H]1CO[C@H]2[C@@H]1OC[C@@H]2OC,174.19599999999997,-0.1860000000000001,36.92,41.07400000000001,0,4,0,4,2,4,0.5813613493708809,0,71.73636443957486,143.1368500605771,0,True,True,I,"{""Ether"": 1}"
dimethyl sulfone,CS(=O)(=O)C,94.135,-0.3391999999999999,34.14,20.7678,0,2,0,2,0,3,0.4113012117885555,0,31.72959152401275,90.81635834269238,0,True,True,I,"{""Sulfone"": 1}"
dimethylaminoethyl methacrylate - butyl methacrylate - methyl methacrylate copolymer,CC1=C(C(=O)N(N1C)C2=CC=CC=C2)N(C)C,231.29900000000004,1.55042,30.17,70.07400000000004,0,2,0,4,2,4,0.7846896255721666,0,100.68682649695074,578.702310213792,0,True,True,I,"{""Benzene_Ring"": 1, ""Tertiary_Amine"": 1}"
"dipalmitoylphosphatidylcholine, dl-",CCCCCCCCCCCCCCCC(=O)OCC(COP(=O)([O-])OCC[N+](C)(C)C)OC(=O)CCCCCCCCCCCCCCC,734.0529999999993,10.611799999999995,111.19,203.8728999999992,0,8,0,9,38,10,0.0266798202576407,0,308.06286819088194,834.6618622102566,2,False,False,IV,"{""Ester"": 1, ""Ether"": 1}"
dipropylene glycol,CC(CO)OC(C)CO.CC(COCC(C)O)O,268.35,-0.4708,99.38,68.36120000000005,4,6,4,6,8,6,0.4748116674197232,0,109.16347090751924,146.64662506490407,0,True,True,I,"{""Alcohol"": 1, ""Ether"": 1}"
dipyrithione,C1=CC=[N+](C(=C1)SSC2=CC=CC=[N+]2[O-])[O-],252.32,1.7527999999999997,53.88,62.51800000000002,0,4,0,4,3,6,0.4742528318025517,0,100.4904629010728,448.2501750083662,0,True,True,I,"{""Pyridine_Ring"": 1}"
disodium citrate sesquihydrate,C(C(=O)[O-])C(CC(=O)[O-])(C(=O)O)O.C(C(=O)[O-])C(CC(=O)[O-])(C(=O)O)O.O.O.O.[Na+].[Na+].[Na+].[Na+],526.2190000000003,-22.293900000000008,370.08,74.50859999999997,4,12,10,17,10,21,0.1919996705423783,0,273.17830683364303,526.804318315593,2,False,False,IV,"{""Alcohol"": 1, ""Carboxylic_Acid"": 1}"
disodium cocoamphodiacetate,CCCCCCCCCCCC(=O)NCCN(CCOCC(=O)[O-])CC(=O)[O-].[Na+].[Na+],446.49600000000027,-6.150100000000013,121.83,102.12670000000008,1,7,1,8,20,10,0.1458986367891338,1,224.99622533463065,441.5197540374367,0,True,True,I,"{""Amide"": 1, ""Ether"": 1, ""Tertiary_Amine"": 1}"
disodium ethylenediaminediacetate,C(CNCC(=O)[O-])NCC(=O)[O-].[Na+].[Na+],220.136,-10.326600000000006,104.32,35.7534,2,6,2,6,7,8,0.3258896969801326,0,126.40199691693212,149.91049395640275,0,True,True,I,"{""Secondary_Amine"": 1}"
disodium hydrogen citrate,C(C(=O)[O-])C(CC(=O)[O-])(C(=O)O)O.[Na+].[Na+],236.087,-9.909900000000002,137.79,31.833599999999983,2,6,2,7,5,9,0.4516617943047212,0,129.0522621541518,235.86496481873445,0,True,True,I,"{""Alcohol"": 1, ""Carboxylic_Acid"": 1}"
disodium laureth sulfosuccinate,CCCCCCCCCCCCCOC(=O)CC(C(=O)OCCCCCCCCCCCCC)S(=O)(=O)[O-].[Na+],584.8360000000006,5.002700000000004,109.8,152.9421999999998,0,7,0,7,28,9,0.0550703852602754,0,261.9147426371852,670.2219458277497,2,False,False,IV,"{""Ester"": 1, ""Ether"": 1}"
disodium lauryl sulfosuccinate,CCCCCCCCCCCCOC(=O)C(CCC(=O)[O-])S(=O)(=O)[O-].[Na+].[Na+],424.4670000000001,-4.097599999999995,123.63,90.52920000000006,0,7,0,7,16,10,0.1067753945372114,0,207.2645832954304,483.6735922428368,0,True,True,I,"{""Ester"": 1, ""Ether"": 1}"
disodium oleamido monoethanolamine sulfosuccinate,CCCCCCCC/C=C\CCCCCCCC(=O)O.C(CO)N,343.552,5.045900000000005,83.55,103.22800000000008,3,3,4,4,16,4,0.2704824862574098,0,149.07925962415862,265.60957573422434,1,False,False,IV,"{""Alcohol"": 1, ""Alkene"": 1, ""Carboxylic_Acid"": 1, ""Primary_Amine"": 1}"
disodium stearoyl glutamate,CCCCCCCCCCCCCCCCCC(=O)N[C@@H](CCC(=O)[O-])C(=O)[O-].[Na+].[Na+],457.56300000000016,-2.979299999999993,109.36,110.72470000000008,1,5,1,6,21,8,0.1461768477767801,1,233.2176727781102,449.6827677492341,0,True,True,I,"{""Amide"": 1}"
disodium sulfosalicylate,C1=CC(=C(C=C1S(=O)(=O)[O-])C(=O)O)[O-].[Na+].[Na+],262.15,-6.629499999999999,117.56000000000002,40.810500000000005,1,5,1,6,2,9,0.4179515293376731,0,136.00177009379388,483.65046009167554,0,True,True,I,"{""Benzene_Ring"": 1, ""Carboxylic_Acid"": 1}"
disteardimonium hectorite,[Li+].CCCCCCCCCCCCCCCCCC[N+](C)(C)CCCCCCCCCCCCCCCCCC.[OH-].[OH-].[O-][Si]12O[Si](O1)(O[Si]3(O[Si](O3)(O2)[O-])[O-])[O-].[Na+].[Mg+2],911.6490000000008,0.1697999999999981,207.62,220.08599999999905,0,12,2,13,34,20,0.0481508548613445,0,409.4980317536795,831.4217245701844,2,False,False,IV,{}
distearoylethyl hydroxyethylmonium methosulfate,CCCCCCCCCCCCCCCCCC(=O)OCC[N+](C)(CCO)CCOC(=O)CCCCCCCCCCCCCCCCC.COS(=O)(=O)[O-],808.2609999999996,11.127699999999994,139.26000000000002,225.5873999999989,1,9,1,10,41,11,0.0210121636253979,0,339.7029517841143,880.2295661239192,2,False,False,IV,"{""Alcohol"": 1, ""Ester"": 1, ""Ether"": 1}"
"distearoylphosphatidylcholine, dl-",CCCCCCCCCCCCCCCCCC(=O)OCC(COP(=O)([O-])OCC[N+](C)(C)C)OC(=O)CCCCCCCCCCCCCCCCC,790.1609999999991,12.172199999999988,111.19,222.34089999999887,0,8,0,9,42,10,0.0260053944034776,0,333.5226366484683,896.3032498621243,2,False,False,IV,"{""Ester"": 1, ""Ether"": 1}"
"distearoylphosphatidylglycerol, dl-",CCCCCCCCCCCCCCCCCC(=O)OCC(COP(=O)(O)OCC(CO)O)OC(=O)CCCCCCCCCCCCCCCCC,779.0899999999991,11.451199999999991,148.82,214.7528999999991,3,9,3,10,42,11,0.0310403376736236,0,324.41141476726847,857.7781177963141,2,False,False,IV,"{""Alcohol"": 1, ""Ester"": 1, ""Ether"": 1}"
distearyl phthalamic acid,CCCCCCCCCCCCCCCCCCN(CCCCCCCCCCCCCCCCCC)C(=O)C1=CC=CC=C1C(=O)O,670.1200000000006,14.349999999999971,57.61,208.3967999999992,1,2,1,4,36,4,0.07234180363885,1,298.1763150890551,832.4575345227014,2,False,False,IV,"{""Amide"": 1, ""Benzene_Ring"": 1, ""Carboxylic_Acid"": 1}"
ditetracycline tetrasodium edetate,C[C@@]1([C@H]2C[C@H]3[C@@H](C(=O)C(=C([C@]3(C(=O)C2=C(C4=C1C=CC=C4O)O)O)O)C(=O)N)N(C)C)O.C[C@@]1([C@H]2C[C@H]3[C@@H](C(=O)C(=C([C@]3(C(=O)C2=C(C4=C1C=CC=C4O)O)O)O)C(=O)N)N(C)C)O.C(CN(CC(=O)[O-])CC(=O)[O-])N(CC(=O)[O-])CC(=O)[O-].[Na+].[Na+].[Na+].[Na+],1269.052,-20.13599999999995,530.24,273.1308,12,28,14,30,15,34,0.0581865165843833,2,589.141537484233,3097.783040463853,3,False,False,IV,"{""Alcohol"": 1, ""Alkene"": 1, ""Amide"": 1, ""Benzene_Ring"": 1, ""Ketone"": 1, ""Phenol"": 1, ""Tertiary_Amine"": 1}"
dl-lactide and glycolide (50:50) copolymer 12000 ethyl ester,C1C(=O)OCC(=O)O1,116.072,-0.9136000000000002,52.60000000000001,21.917999999999992,0,4,0,4,0,4,0.3841624923922664,0,45.37838087659143,100.0,0,True,True,I,"{""Ester"": 1, ""Ether"": 1}"
dl-lactide and glycolide (50:50) copolymer 46000 acid,C1C(=O)OCC(=O)O1,116.072,-0.9136000000000002,52.60000000000001,21.917999999999992,0,4,0,4,0,4,0.3841624923922664,0,45.37838087659143,100.0,0,True,True,I,"{""Ester"": 1, ""Ether"": 1}"
dl-lactide and glycolide (50:50) copolymer 63000 acid,C1C(=O)OCC(=O)O1,116.072,-0.9136000000000002,52.60000000000001,21.917999999999992,0,4,0,4,0,4,0.3841624923922664,0,45.37838087659143,100.0,0,True,True,I,"{""Ester"": 1, ""Ether"": 1}"
dl-lactide and glycolide (75:25) copolymer 140000 acid,C1C(=O)OCC(=O)O1,116.072,-0.9136000000000002,52.60000000000001,21.917999999999992,0,4,0,4,0,4,0.3841624923922664,0,45.37838087659143,100.0,0,True,True,I,"{""Ester"": 1, ""Ether"": 1}"
dmdm hydantoin,CC1(C(=O)N(C(=O)N1CO)CO)C,188.183,-1.0712000000000002,81.08000000000001,42.331600000000016,2,4,2,6,2,6,0.5404749504659038,3,75.35425160556625,250.87709722476785,0,True,True,I,"{""Alcohol"": 1, ""Amide"": 1, ""Urea"": 1}"
dmso,CS(=O)C,78.13600000000001,-0.0052999999999999,17.07,19.9904,0,1,0,1,0,2,0.3981850774633207,0,28.47844734580208,29.01955000865388,0,True,True,I,{}
doconexent,CC/C=C\C/C=C\C/C=C\C/C=C\C/C=C\C/C=C\CCC(=O)O,328.4960000000001,6.548900000000006,37.3,105.08580000000008,1,1,1,2,14,2,0.3670786920502773,0,147.2211730892925,462.3615868473694,1,False,False,IV,"{""Alkene"": 1, ""Carboxylic_Acid"": 1}"
docosanol,CCCCCCCCCCCCCCCCCCCCCCO,326.60900000000004,7.800600000000008,20.23,105.09980000000007,1,1,1,1,20,1,0.226191976485649,0,147.19726918235438,170.4117611359987,1,False,False,IV,"{""Alcohol"": 1}"
docusate sodium,CCCCC(CC)COC(=O)CC(C(=O)OCC(CC)CCCC)S(=O)(=O)[O-].[Na+],444.56600000000026,0.8135000000000032,109.8,106.63220000000008,0,7,0,7,16,9,0.1968261040411011,0,198.265321493219,551.0329672298398,0,True,True,I,"{""Ester"": 1, ""Ether"": 1}"
docusate sodium/sodium benzoate,CCCCC(CC)COC(=O)CC(C(=O)OCC(CC)CCCC)S(=O)(=O)[O-].C1=CC=C(C=C1)C(=O)[O-].[Na+].[Na+],588.6710000000004,-2.13239999999999,149.93,137.40469999999996,0,9,0,9,17,12,0.1129557810862645,0,278.0623444421605,895.7786020927335,1,False,False,IV,"{""Benzene_Ring"": 1, ""Ester"": 1, ""Ether"": 1}"
dodecylphosphocholine,CCCCCCCCCCCCOP(=O)([O-])OCC[N+](C)(C)C,351.46800000000013,4.115100000000004,58.59,94.25390000000009,0,4,0,5,16,6,0.2384296322500844,0,143.11906490065886,318.2054529277149,0,True,True,I,{}
"dpbs 1x, no calcium, no magnesium",[O-2].[O-2].[Mg+2].[Ca+2],96.381,-0.9992,57.0,12.881,0,0,0,2,0,4,0.3474871288553567,0,70.71564842005293,6.0,0,True,True,I,{}
edetate calcium disodium,C(CN(CC(=O)[O-])CC(=O)[O-])N(CC(=O)[O-])CC(=O)[O-].[Na+].[Na+].[Ca+2],374.27,-13.782800000000009,167.0,58.66200000000002,0,10,0,10,11,13,0.3166797913329394,0,206.30898804741287,331.0572441442842,0,True,False,III,"{""Tertiary_Amine"": 1}"
edetate calcium disodium anhydrous,C(CN(CC(=O)[O-])CC(=O)[O-])N(CC(=O)[O-])CC(=O)[O-].[Na+].[Na+].[Ca+2],374.27,-13.782800000000009,167.0,58.66200000000002,0,10,0,10,11,13,0.3166797913329394,0,206.30898804741287,331.0572441442842,0,True,False,III,"{""Tertiary_Amine"": 1}"
edetate disodium,C(CN(CC(=O)O)CC(=O)[O-])N(CC(=O)O)CC(=O)[O-].O.O.[Na+].[Na+],372.2380000000001,-12.382000000000003,224.34,65.39320000000002,2,8,6,12,11,14,0.3253935130170492,0,181.1547269090176,327.835138223407,0,True,False,III,"{""Carboxylic_Acid"": 1, ""Tertiary_Amine"": 1}"
edetate disodium anhydrous,C(CN(CC(=O)O)CC(=O)[O-])N(CC(=O)O)CC(=O)[O-].O.O.[Na+].[Na+],372.2380000000001,-12.382000000000003,224.34,65.39320000000002,2,8,6,12,11,14,0.3253935130170492,0,181.1547269090176,327.835138223407,0,True,False,III,"{""Carboxylic_Acid"": 1, ""Tertiary_Amine"": 1}"
edetate sodium,C(CN(CC(=O)[O-])CC(=O)[O-])N(CC(=O)[O-])CC(=O)[O-].[Na+].[Na+].[Na+].[Na+],380.172,-19.393999999999984,167.0,52.90800000000002,0,10,0,10,11,14,0.3139356094426555,0,227.02001929761263,331.05441917228063,0,True,False,III,"{""Tertiary_Amine"": 1}"
edetate sodium tetrahydrate,C(CN(CC(=O)[O-])CC(=O)[O-])N(CC(=O)[O-])CC(=O)[O-].O.O.O.O.[Na+].[Na+].[Na+].[Na+],452.2320000000002,-22.6928,293.0,67.36320000000002,0,10,8,14,11,18,0.2663617418121643,0,248.94303301127016,336.6017069639319,0,True,False,III,"{""Tertiary_Amine"": 1}"
edetate trisodium,C(CN(CC(=O)[O-])CC(=O)[O-])N(CC(=O)O)CC(=O)[O-].[Na+].[Na+].[Na+],358.19000000000005,-15.063299999999996,164.17000000000002,55.53680000000002,1,9,1,10,11,13,0.3505887094357736,0,198.6066196749007,328.3023566421207,0,True,False,III,"{""Carboxylic_Acid"": 1, ""Tertiary_Amine"": 1}"
edetic acid,C(CN(CC(=O)O)CC(=O)O)N(CC(=O)O)CC(=O)O,292.244,-2.071199999999996,155.68,63.423200000000016,4,6,4,10,11,10,0.3332947371239629,0,113.36642080676488,315.45388105272013,0,True,False,III,"{""Carboxylic_Acid"": 1, ""Tertiary_Amine"": 1}"
egg phospholipids,CCCCC/C=C\C/C=C\CCCCCCCC(=O)NCCC[N+](CC(O)COP(=O)(OCC(O)C[N+](CCCNC(=O)CCCCCCC/C=C\C/C=C\CCCCC)(C)C)OCC(O)C[N+](CCCNC(=O)CCCCCCC/C=C\C/C=C\CCCCC)(C)C)(C)C.[Cl-].[Cl-].[Cl-],1469.4229999999986,7.427600000000007,192.75,399.9642000000016,6,10,6,16,69,20,0.015458911437,3,619.4779713418459,1857.5447175343168,3,False,False,IV,"{""Alcohol"": 1, ""Alkene"": 1, ""Amide"": 1, ""Chlorine"": 1}"
emu oil,CCCCCOC(=O)C1=CC=CC=C1C(=O)OCCCCC,306.4020000000001,4.380600000000004,52.60000000000001,86.05700000000006,0,4,0,4,10,4,0.4752630490370072,0,132.3608431513576,424.90988971896695,0,True,True,I,"{""Benzene_Ring"": 1, ""Ester"": 1, ""Ether"": 1}"
equine collagen,CC(C)C[C@@H](C(=O)N[C@@H](CCCCN)C(=O)NCC(=O)N[C@@H](CC(=O)O)C(=O)N[C@@H](CCCCN)C(=O)O)NC(=O)[C@H](CCCNC(=N)N)NC(=O)[C@H](CC(C)C)NC(=O)[C@H](CC(=O)O)NC(=O)[C@H](CC1=CC=CC=C1)NC(=O)[C@H](CC2=CC=C(C=C2)O)NC(=O)[C@H](CC3=CC=CC=C3)NC(=O)[C@H](CCC(=O)O)NC(=O)CN,1587.799000000001,-3.65993,658.59,408.2874000000009,23,21,27,39,54,39,0.0147129539250193,12,652.7309944737358,3687.906302783899,3,False,False,IV,"{""Amide"": 1, ""Benzene_Ring"": 1, ""Carboxylic_Acid"": 1, ""Phenol"": 1, ""Primary_Amine"": 1, ""Secondary_Amine"": 1}"
erythrosine sodium anhydrous,C1=CC=C(C(=C1)C2=C3C=C(C(=O)C(=C3OC4=C(C(=C(C=C24)I)[O-])I)I)I)C(=O)[O-].[Na+].[Na+],879.8589999999999,-1.5717,93.4,139.1864999999999,0,5,0,5,2,11,0.1381302795576723,0,275.1617033159794,1370.393241795036,1,False,True,II,"{""Benzene_Ring"": 1, ""Iodine"": 1}"
ethyl 2-methylbutyrate,CCC(C)C(=O)OCC,130.18699999999998,1.5956,26.3,36.088,0,2,0,2,3,2,0.5422095914375367,0,56.20397104375984,88.91694057588535,0,True,True,I,"{""Ester"": 1, ""Ether"": 1}"
ethyl acetate,CCOC(=O)C,88.106,0.5694,26.3,22.30699999999999,0,2,0,2,1,2,0.4378508777786624,0,37.10914470057002,49.50977500432694,0,True,True,I,"{""Ester"": 1, ""Ether"": 1}"
ethyl acrylate,CCOC(=O)C=C,100.117,0.7355,26.3,26.829999999999988,0,2,0,2,2,2,0.3775448287483148,0,42.78448378278237,76.14933958998697,0,True,True,I,"{""Alkene"": 1, ""Ester"": 1, ""Ether"": 1}"
ethyl acrylate and methyl methacrylate copolymer (2:1; 600000 mw),CC(=C)C(=O)OCCOC(=O)C(=C)C,198.218,1.225,52.6,51.54600000000003,0,4,0,4,5,4,0.3784671259823138,0,83.19465865213179,237.29556359515863,0,True,True,I,"{""Alkene"": 1, ""Ester"": 1, ""Ether"": 1}"
ethyl acrylate and methyl methacrylate copolymer (2:1; 750000 mw),CC(=C)C(=O)OCCOC(=O)C(=C)C,198.218,1.225,52.6,51.54600000000003,0,4,0,4,5,4,0.3784671259823138,0,83.19465865213179,237.29556359515863,0,True,True,I,"{""Alkene"": 1, ""Ester"": 1, ""Ether"": 1}"
ethyl butyrate,CCCC(=O)OCC,116.15999999999998,1.3496,26.3,31.540999999999983,0,2,0,2,3,2,0.5200986676423002,0,49.83902892936323,60.92878689342031,0,True,True,I,"{""Ester"": 1, ""Ether"": 1}"
ethyl isovalerate,CCOC(=O)CC(C)C,130.18699999999998,1.5956,26.3,36.088,0,2,0,2,3,2,0.5422095914375367,0,56.20397104375983,86.91694057588533,0,True,True,I,"{""Ester"": 1, ""Ether"": 1}"
ethyl lactate,CCOC(=O)C(C)O,118.13199999999998,-0.0697,46.53,28.313799999999983,1,3,1,3,2,3,0.5161288838079469,0,48.26832056716263,77.74296763342026,0,True,True,I,"{""Alcohol"": 1, ""Ester"": 1, ""Ether"": 1}"
ethyl levulinate,CCOC(=O)CCC(=O)C,144.17,0.9187,43.370000000000005,36.548,0,3,0,3,4,3,0.5508382023018105,0,60.3654931438036,128.81290899230692,0,True,True,I,"{""Ester"": 1, ""Ether"": 1, ""Ketone"": 1}"
ethyl maltol,CCC1=C(C(=O)C=CO1)O,140.13799999999998,0.9078,50.44,36.0208,1,3,1,3,1,3,0.6302567435089557,0,57.921860024539,274.4248627543818,0,True,True,I,"{""Phenol"": 1}"
ethyl menthane carboxamide,CCNC(=O)C1CC(CCC1C(C)C)C,211.349,2.830900000000001,29.1,63.51670000000005,1,1,1,2,3,2,0.7638667876255839,1,93.8241095307114,212.58149257691613,0,True,True,I,"{""Amide"": 1}"
ethyl oleate,CCCCCCCC/C=C\CCCCCCCC(=O)OCC,310.522,6.587000000000008,26.3,96.08500000000008,0,2,0,2,16,2,0.1825650283818698,0,138.25861549873153,258.43285882910067,1,False,False,IV,"{""Alkene"": 1, ""Ester"": 1, ""Ether"": 1}"
ethyl valerate,CCCCC(=O)OCC,130.18699999999998,1.7397,26.3,36.158,0,2,0,2,4,2,0.5416729314973412,0,56.20397104375984,78.98533616859814,0,True,True,I,"{""Ester"": 1, ""Ether"": 1}"
ethyl vanillin,CCOC1=C(C=CC(=C1)C=O)O,166.176,1.6034,46.53,44.66330000000002,1,3,1,3,3,3,0.6935743887715065,0,70.59553054443344,281.102178757748,0,True,True,I,"{""Aldehyde"": 1, ""Benzene_Ring"": 1, ""Ether"": 1, ""Phenol"": 1}"
ethylcellulose (10 mpa.s),CC(=O)OC[C@@H]1[C@H]([C@@H]([C@H]([C@@H](O1)O[C@@H]2[C@H](O[C@H]([C@@H]([C@H]2O)OC(=O)C3=CC=CC=C3C(=O)O)O)COC(=O)C)O)OC(=O)C4=CC=CC=C4C(=O)O)O,722.6050000000005,-1.1297999999999948,288.41,160.90979999999985,6,17,6,19,12,19,0.1115685495942155,0,287.3050290264215,1624.9753633731643,3,False,False,IV,"{""Alcohol"": 1, ""Benzene_Ring"": 1, ""Carboxylic_Acid"": 1, ""Ester"": 1, ""Ether"": 1}"
ethylcellulose (100 mpa.s),CC(=O)OC[C@@H]1[C@H]([C@@H]([C@H]([C@@H](O1)O[C@@H]2[C@H](O[C@H]([C@@H]([C@H]2O)OC(=O)C3=CC=CC=C3C(=O)O)O)COC(=O)C)O)OC(=O)C4=CC=CC=C4C(=O)O)O,722.6050000000005,-1.1297999999999948,288.41,160.90979999999985,6,17,6,19,12,19,0.1115685495942155,0,287.3050290264215,1624.9753633731643,3,False,False,IV,"{""Alcohol"": 1, ""Benzene_Ring"": 1, ""Carboxylic_Acid"": 1, ""Ester"": 1, ""Ether"": 1}"
ethylcellulose (20 mpa.s),CC(=O)OC[C@@H]1[C@H]([C@@H]([C@H]([C@@H](O1)O[C@@H]2[C@H](O[C@H]([C@@H]([C@H]2O)OC(=O)C3=CC=CC=C3C(=O)O)O)COC(=O)C)O)OC(=O)C4=CC=CC=C4C(=O)O)O,722.6050000000005,-1.1297999999999948,288.41,160.90979999999985,6,17,6,19,12,19,0.1115685495942155,0,287.3050290264215,1624.9753633731643,3,False,False,IV,"{""Alcohol"": 1, ""Benzene_Ring"": 1, ""Carboxylic_Acid"": 1, ""Ester"": 1, ""Ether"": 1}"
ethylcellulose (4 mpa.s),CC(=O)OC[C@@H]1[C@H]([C@@H]([C@H]([C@@H](O1)O[C@@H]2[C@H](O[C@H]([C@@H]([C@H]2O)OC(=O)C3=CC=CC=C3C(=O)O)O)COC(=O)C)O)OC(=O)C4=CC=CC=C4C(=O)O)O,722.6050000000005,-1.1297999999999948,288.41,160.90979999999985,6,17,6,19,12,19,0.1115685495942155,0,287.3050290264215,1624.9753633731643,3,False,False,IV,"{""Alcohol"": 1, ""Benzene_Ring"": 1, ""Carboxylic_Acid"": 1, ""Ester"": 1, ""Ether"": 1}"
ethylcellulose (45 mpa.s),CC(=O)OC[C@@H]1[C@H]([C@@H]([C@H]([C@@H](O1)O[C@@H]2[C@H](O[C@H]([C@@H]([C@H]2O)OC(=O)C3=CC=CC=C3C(=O)O)O)COC(=O)C)O)OC(=O)C4=CC=CC=C4C(=O)O)O,722.6050000000005,-1.1297999999999948,288.41,160.90979999999985,6,17,6,19,12,19,0.1115685495942155,0,287.3050290264215,1624.9753633731643,3,False,False,IV,"{""Alcohol"": 1, ""Benzene_Ring"": 1, ""Carboxylic_Acid"": 1, ""Ester"": 1, ""Ether"": 1}"
ethylcellulose (7 mpa.s),CC(=O)OC[C@@H]1[C@H]([C@@H]([C@H]([C@@H](O1)O[C@@H]2[C@H](O[C@H]([C@@H]([C@H]2O)OC(=O)C3=CC=CC=C3C(=O)O)O)COC(=O)C)O)OC(=O)C4=CC=CC=C4C(=O)O)O,722.6050000000005,-1.1297999999999948,288.41,160.90979999999985,6,17,6,19,12,19,0.1115685495942155,0,287.3050290264215,1624.9753633731643,3,False,False,IV,"{""Alcohol"": 1, ""Benzene_Ring"": 1, ""Carboxylic_Acid"": 1, ""Ester"": 1, ""Ether"": 1}"
ethylcelluloses,CCC(COCC1C(C(C(C(O1)OC2C(OC(C(C2OCC(CC)O)OCC(CC)O)OCC(CC)O)COCC(CC)O)OCC(CC)O)OCC(CC)O)OCC(CC)O)O.COCC1C(C(C(C(O1)OC2C(OC(C(C2OC)OC)OC)COC)OC)OC)OC,1373.6659999999997,0.7999999999999974,364.90000000000015,335.8084000000006,8,30,8,30,48,30,0.0417591462118943,0,557.5649758409475,1843.199174911421,3,False,False,IV,"{""Alcohol"": 1, ""Ether"": 1}"
ethylene brassylate,C1CCCCCC(=O)OCCOC(=O)CCCCC1,270.369,3.377500000000002,52.6,72.70500000000006,0,4,0,4,0,4,0.6331610373197499,0,115.39274413495416,236.8711889381276,0,True,True,I,"{""Ester"": 1, ""Ether"": 1}"
ethylene distearamide,CCCCCCCCCCCCCCCCCC(=O)NCCNC(=O)CCCCCCCCCCCCCCCCC,593.0380000000001,11.741799999999987,58.2,185.11139999999943,2,2,2,4,35,4,0.0719007888991575,2,263.6648778278077,503.2124863150828,2,False,False,IV,"{""Amide"": 1}"
ethylene glycol,C(CO)O,62.068000000000005,-1.029,40.46,14.171600000000002,2,2,2,2,1,2,0.407527890666417,0,24.69266064661818,6.0,0,True,True,I,"{""Alcohol"": 1}"
ethylene glycol monoethyl ether,CCOCCO,90.122,0.0152,29.46,23.5788,1,2,1,2,3,2,0.4947212507995219,0,37.741856352722266,17.509775004326936,0,True,True,I,"{""Alcohol"": 1, ""Ether"": 1}"
ethylenediamine,C(CN)N,60.09999999999999,-1.0961999999999998,52.04,18.10880000000001,2,2,4,2,1,2,0.4034955207762654,0,25.783974536251588,6.0,0,True,True,I,"{""Primary_Amine"": 1}"
ethylhexyl acetate,CCCCC(CC)COC(=O)C,172.26799999999997,2.765900000000001,26.3,49.93900000000003,0,2,0,2,6,2,0.5757551591270549,0,75.29879738694964,121.0069869280358,0,True,True,I,"{""Ester"": 1, ""Ether"": 1}"
ethylhexyl hydroxystearate,CCCCCCC(CCCCCCCCCCC(=O)OCC(CC)CCCC)O,412.6990000000002,7.978300000000008,46.53,125.20080000000011,1,3,1,3,22,3,0.1447323655931569,0,181.93210496949143,342.84514056252567,1,False,False,IV,"{""Alcohol"": 1, ""Ester"": 1, ""Ether"": 1}"
ethylhexyl methoxycrylene,CCCCC(CC)COC(=O)C(=C(C1=CC=CC=C1)C2=CC=C(C=C2)OC)C#N,391.51100000000014,5.780280000000006,59.32,115.33600000000006,0,4,0,4,10,4,0.2925354553609643,0,173.32433402105892,847.8872475001086,1,False,False,IV,"{""Alkene"": 1, ""Benzene_Ring"": 1, ""Ester"": 1, ""Ether"": 1, ""Nitrile"": 1}"
ethylhexyl palmitate,CCCCCCCCCCCCCCCC(=O)OCC(CC)CCCC,368.6460000000002,8.227300000000008,26.3,114.5770000000001,0,2,0,2,20,2,0.1596843532337074,0,164.40798698850224,287.9352303717598,1,False,False,IV,"{""Ester"": 1, ""Ether"": 1}"
ethylhexyl stearate,CCCCCCCCCCCCCCCCCC(=O)OCC(CC)CCCC,396.7000000000002,9.007500000000002,26.3,123.8110000000001,0,2,0,2,22,2,0.1346868821158932,0,177.13787121729547,313.5546763899308,1,False,False,IV,"{""Ester"": 1, ""Ether"": 1}"
ethylhexylglycerin,CCCCC(CC)COCC(CO)O,204.31,1.5725999999999996,49.69,57.21760000000005,2,3,2,3,9,3,0.5991706452301653,0,87.09068490569453,117.10027141924562,0,True,True,I,"{""Alcohol"": 1, ""Ether"": 1}"
ethylparaben,CCOC(=O)C1=CC=C(C=C1)O,166.176,1.5688999999999995,46.53,44.06330000000003,1,3,1,3,2,3,0.6781016736351199,0,70.59553054443344,263.6070662599115,0,True,True,I,"{""Benzene_Ring"": 1, ""Ester"": 1, ""Ether"": 1, ""Phenol"": 1}"
ethylparaben sodium,CCOC(=O)C1=CC=C(C=C1)[O-].[Na+],188.158,-2.059099999999998,49.36,41.844500000000025,0,3,0,3,2,4,0.3959239162186945,0,99.0089301671454,268.6932325870918,0,True,True,I,"{""Benzene_Ring"": 1, ""Ester"": 1, ""Ether"": 1}"
eucalyptol,CC1(C2CCC(O1)(CC2)C)C,154.253,2.7441000000000013,9.23,45.52700000000002,0,1,0,1,0,1,0.5210255264729504,0,69.12561297984743,160.9567031494677,0,True,True,I,"{""Ether"": 1}"
eucalyptus oil,CC1(C2CCC(O1)(CC2)C)C,154.253,2.7441000000000013,9.23,45.52700000000002,0,1,0,1,0,1,0.5210255264729504,0,69.12561297984743,160.9567031494677,0,True,True,I,"{""Ether"": 1}"
"fat, hard",COP(=O)(OC)OC=C(Cl)Cl,220.976,2.680400000000001,44.760000000000005,42.498500000000014,0,4,0,4,4,7,0.5401938935101219,0,74.64125315559419,180.53107956171817,0,True,True,I,"{""Alkene"": 1, ""Chlorine"": 1}"
fd&c blue no. 1,CCN(CC1=CC(=CC=C1)S(=O)(=O)[O-])C2=CC=C(C=C2)C(=C3C=CC(=[N+](CC)CC4=CC(=CC=C4)S(=O)(=O)[O-])C=C3)C5=CC=CC=C5S(=O)(=O)[O-].[Na+].[Na+],792.8650000000004,-0.9650999999999944,177.85,190.1959999999996,0,10,0,11,12,16,0.0986476470522502,0,354.8501278929675,2408.7216445377267,1,False,False,IV,"{""Alkene"": 1, ""Benzene_Ring"": 1, ""Tertiary_Amine"": 1}"
fd&c blue no. 1 aluminum lake,CCN(CC1=CC(=CC=C1)S(=O)(=O)[O-])C2=CC=C(C=C2)C(=C3C=CC(=[N+](CC)CC4=CC(=CC=C4)S(=O)(=O)[O-])C=C3)C5=CC=CC=C5S(=O)(=O)[O-].CCN(CC1=CC(=CC=C1)S(=O)(=O)[O-])C2=CC=C(C=C2)C(=C3C=CC(=[N+](CC)CC4=CC(=CC=C4)S(=O)(=O)[O-])C=C3)C5=CC=CC=C5S(=O)(=O)[O-].CCN(CC1=CC(=CC=C1)S(=O)(=O)[O-])C2=CC=C(C=C2)C(=C3C=CC(=[N+](CC)CC4=CC(=CC=C4)S(=O)(=O)[O-])C=C3)C5=CC=CC=C5S(=O)(=O)[O-].[Al+3].[Al+3],2294.618999999998,14.319099999999978,533.55,582.096000000002,0,30,0,33,36,44,0.0199841112294865,0,925.080056406798,8017.811364414753,3,False,False,IV,"{""Alkene"": 1, ""Benzene_Ring"": 1, ""Tertiary_Amine"": 1}"
fd&c blue no. 2,C1=CC2=C(C=C1S(=O)(=O)[O-])C(=C(N2)C3=NC4=C(C3=O)C=C(C=C4)S(=O)(=O)[O-])O.[Na+].[Na+],466.3600000000001,-4.993199999999998,179.85,92.8594,2,9,2,10,3,14,0.2843638936655745,0,214.0385249571796,1443.3959038542257,0,True,False,III,"{""Benzene_Ring"": 1, ""Ketone"": 1, ""Phenol"": 1}"
fd&c blue no. 2--aluminum lake,C1=CC2=C(C=C1S(=O)(=O)[O-])C(=C(N2)C3=NC4=C(C3=O)C=C(C=C4)S(=O)(=O)[O-])O.C1=CC2=C(C=C1S(=O)(=O)[O-])C(=C(N2)C3=NC4=C(C3=O)C=C(C=C4)S(=O)(=O)[O-])O.C1=CC2=C(C=C1S(=O)(=O)[O-])C(=C(N2)C3=NC4=C(C3=O)C=C(C=C4)S(=O)(=O)[O-])O.[Al+3].[Al+3],1315.104,2.234800000000001,539.55,290.08620000000013,6,27,6,30,9,38,0.0890979980404772,0,502.6452475994329,4838.693267666318,3,False,False,IV,"{""Benzene_Ring"": 1, ""Ketone"": 1, ""Phenol"": 1}"
fd&c green no. 3,CCN(CC1=CC(=CC=C1)S(=O)(=O)[O-])C2=CC=C(C=C2)C(=C3C=CC(=[N+](CC)CC4=CC(=CC=C4)S(=O)(=O)[O-])C=C3)C5=C(C=C(C=C5)O)S(=O)(=O)[O-].[Na+].[Na+],808.8640000000004,-1.2594999999999943,198.08,191.86079999999964,1,11,1,12,12,17,0.1019380836916123,0,359.64436164516354,2462.6997185890305,2,False,False,IV,"{""Alkene"": 1, ""Benzene_Ring"": 1, ""Phenol"": 1, ""Tertiary_Amine"": 1}"
fd&c red no. 3,C1=CC=C(C(=C1)C2=C3C=C(C(=O)C(=C3OC4=C(C(=C(C=C24)I)[O-])I)I)I)C(=O)[O-].O.[Na+].[Na+],897.8739999999999,-2.3963999999999994,124.9,142.80029999999994,0,5,2,6,2,12,0.1263602671969745,0,280.64245674439377,1372.9130216431531,1,False,True,II,"{""Benzene_Ring"": 1, ""Iodine"": 1}"
fd&c red no. 4,CC1=CC(=C(C=C1N=NC2=C(C3=CC=CC=C3C(=C2)S(=O)(=O)[O-])O)S(=O)(=O)[O-])C.[Na+].[Na+],480.4310000000002,-2.6061599999999965,159.35,101.63120000000004,1,9,1,9,4,13,0.2433470544484847,0,223.2251289482797,1389.7739280839678,0,True,False,III,"{""Azo"": 1, ""Benzene_Ring"": 1, ""Phenol"": 1}"
fd&c red no. 4 free acid,CC1=CC(=C(C=C1N=NC2=C(C3=CC=CC=C3C(=C2)S(=O)(=O)O)O)S(=O)(=O)O)C,436.46700000000016,4.071040000000004,153.69,105.33400000000006,3,7,3,9,4,11,0.4112397351789668,0,166.3983297028558,1379.0752913206743,0,True,False,III,"{""Azo"": 1, ""Benzene_Ring"": 1, ""Phenol"": 1}"
fd&c red no. 40,CC1=CC(=C(C=C1S(=O)(=O)[O-])OC)N=NC2=C(C=CC3=C2C=CC(=C3)S(=O)(=O)[O-])O.[Na+].[Na+],496.4300000000002,-2.9059799999999965,168.57999999999998,103.44620000000002,1,10,1,10,5,14,0.2227893707539205,0,228.3386741777865,1408.2371401652254,0,True,False,III,"{""Azo"": 1, ""Benzene_Ring"": 1, ""Ether"": 1, ""Phenol"": 1}"
fd&c red no. 40 aluminum lake,CC1=CC(=C(C=C1S(=O)(=O)[O-])OC)N=NC2=C(C=CC3=C2C=CC(=C3)S(=O)(=O)[O-])[O-].[Al+3],476.4240000000002,2.0732200000000005,171.41,106.98140000000002,0,10,0,10,5,13,0.3057379468509185,0,188.3853879243493,1403.8172257872186,0,True,False,III,"{""Azo"": 1, ""Benzene_Ring"": 1, ""Ether"": 1}"
fd&c yellow no. 5,C1=CC(=CC=C1N=NC2C(=NN(C2=O)C3=CC=C(C=C3)S(=O)(=O)[O-])C(=O)[O-])S(=O)(=O)[O-].[Na+].[Na+].[Na+],534.3710000000002,-9.888200000000008,211.92,97.04240000000004,0,12,0,13,6,18,0.1952164776858284,1,259.6292534909064,1330.7877263914304,2,False,False,IV,"{""Amide"": 1, ""Azo"": 1, ""Benzene_Ring"": 1}"
fd&c yellow no. 5 aluminum lake,C1=CC(=CC=C1N=NC2=C(NN(C2=O)C3=CC=C(C=C3)S(=O)(=O)[O-])C(=O)[O-])S(=O)(=O)[O-].[Al+3],492.38300000000027,-0.6281000000000001,217.04,103.01860000000002,1,11,1,13,6,16,0.262650078439176,0,190.21260791182308,1457.1419362533934,1,True,False,III,"{""Azo"": 1, ""Benzene_Ring"": 1}"
fd&c yellow no. 6,C1=CC(=CC=C1N=NC2=C(C=CC3=C2C=CC(=C3)S(=O)(=O)[O-])O)S(=O)(=O)[O-].[Na+].[Na+],452.3770000000002,-3.2229999999999968,159.35,92.15720000000005,1,9,1,9,4,13,0.2475552232287474,0,210.49524471948644,1276.6161715165297,0,True,False,III,"{""Azo"": 1, ""Benzene_Ring"": 1, ""Phenol"": 1}"
fd&c yellow no. 6 aluminum lake,C1=CC(=CC=C1N=NC2=C(C=CC3=C2C=CC(=C3)S(=O)(=O)[O-])[O-])S(=O)(=O)[O-].[Al+3],432.3710000000002,1.7562000000000015,162.18,95.69240000000003,0,9,0,9,4,12,0.3443558717768599,0,170.54195846604927,1272.340660475443,0,True,False,III,"{""Azo"": 1, ""Benzene_Ring"": 1}"
"ferric acetate, basic",CC(=O)[O-].CC(=O)[O-].[OH-].[Fe+3],190.94,-2.666899999999999,110.26,23.297799999999995,0,5,1,5,0,6,0.3874420483255173,0,68.82779392966329,71.64874049174456,0,True,True,I,{}
ferric ammonium citrate,C(C(=O)O)C(CC(=O)O)(C(=O)O)O.N.[Fe+3],264.999,-1.088999999999999,167.13,42.1133,5,5,7,8,5,9,0.3904821090367811,0,94.9568335448953,237.86496481873445,0,True,False,III,"{""Alcohol"": 1, ""Carboxylic_Acid"": 1}"
ferric chloride,Cl[Fe](Cl)Cl,162.204,2.066,0.0,17.558999999999997,0,0,0,0,0,4,0.4782004746117934,0,41.5934857026574,8.0,0,True,True,I,"{""Chlorine"": 1}"
ferric oxide yellow,O.[OH-].[O-2].[Fe+3],106.866,-1.1228,90.0,6.2361,0,1,3,3,0,4,0.3599644055395977,0,34.406358317367605,3.245112497836532,0,True,True,I,{}
ferric sulfate,[O-]S(=O)(=O)[O-].[O-]S(=O)(=O)[O-].[O-]S(=O)(=O)[O-].[Fe+3].[Fe+3],399.879,-4.019,240.78,31.4238,0,12,0,12,0,17,0.2144642782460236,0,117.47283267981686,340.6558969276571,1,True,False,III,{}
ferrosoferric oxide,O=[Fe].O=[Fe]O[Fe]=O,231.531,-0.4323,60.440000000000005,3.1445000000000003,0,4,0,4,2,7,0.6051854948270005,0,60.75500815232343,44.89659695223976,0,True,True,I,{}
ferrosoferric phosphate,O.[O-]P(=O)([O-])[O-].[O-]P(=O)([O-])[O-].[O-]P(=O)([O-])[O-].[Fe+2].[Fe+2].[Fe+2].[Fe+3],526.3050000000001,-9.308499999999997,290.25,26.4333,0,12,2,13,0,20,0.2098580927835576,0,154.04614153097816,211.6485312551548,2,False,False,IV,{}
ferrous bisglycinate,C(C(=O)[O-])N.C(C(=O)[O-])N.[Fe+2],203.963,-4.6125,132.3,28.1228,2,6,4,6,2,7,0.4344436649594774,0,74.02682189527434,104.6596856226232,0,True,True,I,"{""Primary_Amine"": 1}"
ferrous cysteine glycinate,C([C@@H](C(=O)O)N)S.C([C@@H](C(=O)[O-])N)[S-].C(C(=O)O)N.[Fe+2],371.2180000000001,-4.034199999999998,192.79,71.36880000000002,6,9,8,9,5,12,0.1573873077084189,0,137.09820138244598,264.93782450808413,1,True,False,III,"{""Carboxylic_Acid"": 1, ""Primary_Amine"": 1, ""Thiol"": 1}"
ferrous fumarate,C(=C/C(=O)[O-])\C(=O)[O-].[Fe+2],169.90099999999998,-2.9601,80.25999999999999,19.154,0,4,0,4,2,5,0.3271514378058762,0,61.65160631553543,123.50306161549236,0,True,True,I,"{""Alkene"": 1}"
ferrous gluconate,C([C@H]([C@H]([C@@H]([C@H](C(=O)[O-])O)O)O)O)O.C([C@H]([C@H]([C@@H]([C@H](C(=O)[O-])O)O)O)O)O.[Fe+2],446.1390000000001,-9.6581,282.56,72.24000000000001,10,14,10,14,10,15,0.1395113623853424,0,162.2089149383819,384.9019346626658,2,True,False,III,"{""Alcohol"": 1}"
ferrous oxide,[O-2].[Fe+2],71.844,-0.1213,28.5,0.6865,0,0,0,1,0,2,0.3566429819221636,0,23.44485146053885,2.0,0,True,True,I,{}
ferrous sulfate,[O-]S(=O)(=O)[O-].[Fe+2],151.908,-1.3404999999999996,80.25999999999999,10.4746,0,4,0,4,0,6,0.2440775939070462,0,45.60180282394836,90.7164928725825,0,True,True,I,{}
ferulic acid,COC1=C(C=CC(=C1)/C=C/C(=O)O)O,194.186,1.4986,66.76,51.328600000000016,2,3,2,4,3,4,0.715320210715463,0,81.06510337884183,368.38478965282144,0,True,True,I,"{""Alkene"": 1, ""Benzene_Ring"": 1, ""Carboxylic_Acid"": 1, ""Ether"": 1, ""Phenol"": 1}"
"fetal serum, bovine",CCCCCCCCCCCCCCCCCC(=O)N[C@@H](COP(=O)([O-])OCC[N+](C)(C)C)[C@@H](/C=C/CCCCCCCCCCCCC)O,731.0969999999994,10.558699999999996,107.92,210.11139999999915,2,6,2,8,38,9,0.0283365388005179,1,309.6936906498409,834.3695788120826,2,False,False,IV,"{""Alcohol"": 1, ""Alkene"": 1, ""Amide"": 1}"
fish oil,C1=CC(=C(C=C1C2=C(C(=O)C3=C(O2)C=C(C=C3)O)O)O)O,286.239,2.282400000000001,111.13,74.5792,4,6,4,6,1,6,0.5106223467843569,0,117.3134357901331,909.9162849554008,0,True,True,I,"{""Benzene_Ring"": 1, ""Phenol"": 1}"
flavin adenine dinucleotide,CC1=CC2=C(C=C1C)N(C3=NC(=O)NC(=O)C3=N2)C[C@@H]([C@@H]([C@@H](COP(=O)(O)OP(=O)(O)OC[C@@H]4[C@H]([C@H]([C@@H](O4)N5C=NC6=C(N=CN=C65)N)O)O)O)O)O,785.5570000000001,-2.423959999999997,362.93,176.8336999999998,9,19,10,24,13,26,0.0442606359358853,0,295.20403238474165,2354.7322590762788,3,False,False,IV,"{""Alcohol"": 1, ""Benzene_Ring"": 1, ""Ether"": 1, ""Primary_Amine"": 1}"
fluorescein,C1=CC=C2C(=C1)C(=O)OC23C4=C(C=C(C=C4)O)OC5=C3C=CC(=C5)O,332.31100000000004,3.665800000000002,75.99000000000001,88.02710000000002,2,5,2,5,0,5,0.6144482281821224,0,142.24089351680936,1002.2022048152164,0,True,True,I,"{""Benzene_Ring"": 1, ""Ester"": 1, ""Ether"": 1, ""Phenol"": 1}"
fluorescein sodium,C1=CC=C(C(=C1)C2=C3C=CC(=O)C=C3OC4=C2C=CC(=C4)[O-])C(=O)[O-].[Na+].[Na+],376.2750000000001,-3.990099999999998,93.4,88.31850000000003,0,5,0,5,2,7,0.2627554711395337,0,198.1143508318049,1166.550448297903,0,True,True,I,"{""Benzene_Ring"": 1}"
folic acid,C1=CC(=CC=C1C(=O)N[C@@H](CCC(=O)O)C(=O)O)NCC2=CN=C3C(=N2)C(=O)NC(=N3)N,441.40400000000017,-0.0447999999999986,213.28,111.89460000000004,6,9,7,13,9,13,0.2588540145061838,1,179.27751955065443,1225.0586856369828,1,True,False,III,"{""Amide"": 1, ""Benzene_Ring"": 1, ""Carboxylic_Acid"": 1, ""Primary_Amine"": 1, ""Secondary_Amine"": 1}"
formaldehyde,C=O,30.026,-0.1849,17.07,7.121,0,1,0,1,0,1,0.3606244583419022,0,12.900773127873316,2.0,0,True,True,I,{}
formic acid,C(=O)O,46.025000000000006,-0.2991999999999999,37.3,8.6928,1,1,1,2,0,2,0.3801607209681124,0,17.695006880069332,10.264662506490405,0,True,True,I,"{""Carboxylic_Acid"": 1}"
frankincense,CC1CCCCC(C(OC23C4=C(C=CC=C4O)C(=O)N2C(=O)CC1O3)C(C)C(=O)C5=CC=CN5)C,480.56100000000026,4.352300000000003,108.93,126.40750000000006,2,6,2,8,3,8,0.4993553614418852,2,204.1499044122744,1144.5451748094713,0,True,True,I,"{""Amide"": 1, ""Benzene_Ring"": 1, ""Ether"": 1, ""Ketone"": 1, ""Phenol"": 1}"
frankincense oil,CC1CCCCC(C(OC23C4=C(C=CC=C4O)C(=O)N2C(=O)CC1O3)C(C)C(=O)C5=CC=CN5)C,480.56100000000026,4.352300000000003,108.93,126.40750000000006,2,6,2,8,3,8,0.4993553614418852,2,204.1499044122744,1144.5451748094713,0,True,True,I,"{""Amide"": 1, ""Benzene_Ring"": 1, ""Ether"": 1, ""Ketone"": 1, ""Phenol"": 1}"
fructose,C1[C@H]([C@H]([C@@H](C(O1)(CO)O)O)O)O,180.156,-3.219799999999999,110.38,36.00799999999999,5,6,5,6,1,6,0.2901781933520807,0,68.64284443677028,162.11730005192322,0,True,True,I,"{""Alcohol"": 1, ""Ether"": 1}"
fruit,C1=CC=C2C(=C1)C=CC=C2CC(=O)O,186.20999999999995,2.466899999999999,37.3,55.28780000000002,1,1,1,2,2,2,0.7817752108880085,0,81.79870773226519,469.2103531933549,0,True,True,I,"{""Benzene_Ring"": 1, ""Carboxylic_Acid"": 1}"
fumaric acid,C(=C/C(=O)O)\C(=O)O,116.07199999999996,-0.2881999999999998,74.6,24.4116,2,2,2,4,2,4,0.4859839100851221,0,45.05598604331467,118.97373660251154,0,True,True,I,"{""Alkene"": 1, ""Carboxylic_Acid"": 1}"
fumaryl diketopiperazine,C(C[C@@H]1NC(=O)[C@@H](NC1=O)CCCCNC(=O)/C=C/C(=O)O)CCNC(=O)/C=C/C(=O)O,452.46400000000017,-1.175799999999995,191.0,111.13440000000008,6,6,6,12,14,12,0.1401299650759803,4,184.0451628225541,713.5614381022527,1,True,False,III,"{""Alkene"": 1, ""Amide"": 1, ""Carboxylic_Acid"": 1}"
fusel oil,C(C(=O)N)F,77.05799999999999,-0.5588000000000002,43.09,15.1694,1,1,2,2,1,3,0.4476282862758779,1,28.77114134220887,44.912609383243264,0,True,True,I,"{""Amide"": 1, ""Fluorine"": 1}"
galactose,C([C@@H]1[C@@H]([C@@H]([C@H](C(O1)O)O)O)O)O,180.156,-3.2213999999999987,110.38,35.98599999999999,5,6,5,6,1,6,0.290152854529958,0,68.64284443677028,146.2188491003481,0,True,True,I,"{""Alcohol"": 1, ""Ether"": 1}"
galactose monohydrate,C([C@H]([C@@H]([C@@H]([C@H](C=O)O)O)O)O)O.O,198.171,-4.203499999999998,149.72000000000003,40.7908,5,6,7,7,5,7,0.2825018342065655,0,74.17740588925078,138.94445687710405,0,True,False,III,"{""Alcohol"": 1, ""Aldehyde"": 1}"
garlic,C1CC(C2C(C1O)COC2=O)O,172.17999999999998,-0.7088000000000001,66.76,39.186600000000006,2,4,2,4,0,4,0.4736468942538354,0,70.14571835549,203.23454122869487,0,True,True,I,"{""Alcohol"": 1, ""Ester"": 1, ""Ether"": 1}"
gelatin type a porcine (160 bloom),CC[C@H](C)[C@@H](C(=O)N[C@@H](CC1=CN=CN1)C(=O)N2CCC[C@H]2C(=O)N[C@@H](CC3=CC=CC=C3)C(=O)N[C@@H](CC4=CN=CN4)C(=O)N[C@@H](CC(C)C)C(=O)N[C@@H](CC(C)C)C(=O)N[C@@H](C(C)C)C(=O)N[C@@H](CC5=CC=C(C=C5)O)C(=O)N[C@@H](CO)C(=O)O)NC(=O)[C@H](CC6=CC=C(C=C6)O)NC(=O)[C@H](C(C)C)NC(=O)[C@H](CCCNC(=N)N)NC(=O)[C@H](CC(=O)O)N,1759.046000000001,-1.5416300000000147,650.0799999999999,458.396000000001,23,22,25,41,51,41,0.0119140993057941,13,729.4402092843735,4479.60801946894,3,False,False,IV,"{""Alcohol"": 1, ""Amide"": 1, ""Benzene_Ring"": 1, ""Carboxylic_Acid"": 1, ""Phenol"": 1, ""Primary_Amine"": 1, ""Secondary_Amine"": 1}"
gelatin type a porcine (195 bloom),CC[C@H](C)[C@@H](C(=O)N[C@@H](CC1=CN=CN1)C(=O)N2CCC[C@H]2C(=O)N[C@@H](CC3=CC=CC=C3)C(=O)N[C@@H](CC4=CN=CN4)C(=O)N[C@@H](CC(C)C)C(=O)N[C@@H](CC(C)C)C(=O)N[C@@H](C(C)C)C(=O)N[C@@H](CC5=CC=C(C=C5)O)C(=O)N[C@@H](CO)C(=O)O)NC(=O)[C@H](CC6=CC=C(C=C6)O)NC(=O)[C@H](C(C)C)NC(=O)[C@H](CCCNC(=N)N)NC(=O)[C@H](CC(=O)O)N,1759.046000000001,-1.5416300000000147,650.0799999999999,458.396000000001,23,22,25,41,51,41,0.0119140993057941,13,729.4402092843735,4479.60801946894,3,False,False,IV,"{""Alcohol"": 1, ""Amide"": 1, ""Benzene_Ring"": 1, ""Carboxylic_Acid"": 1, ""Phenol"": 1, ""Primary_Amine"": 1, ""Secondary_Amine"": 1}"
"gelatin, unspecified",C[C@@H]\1C/C(=C/C[C@@H]2C[C@@H](C[C@@]3(O2)C/C(=N\OC)/[C@@H]([C@H](O3)/C(=C/C(C)C)/C)C)OC(=O)[C@@H]4C=C([C@H]([C@@H]5[C@]4(/C(=C/C=C1)/CO5)O)OC(=O)C6=CC=C(C=C6)[N+](=O)[O-])C)/C,788.9350000000002,7.501800000000011,165.25000000000003,212.0256999999993,1,12,1,13,6,13,0.131332871905305,0,334.1229185751632,1894.3615409208023,3,False,False,IV,"{""Alcohol"": 1, ""Alkene"": 1, ""Benzene_Ring"": 1, ""Ester"": 1, ""Ether"": 1, ""Nitro"": 1, ""Tertiary_Amine"": 1}"
gellan gum (low acyl),CC1CC(C(C(C=C(C(C(C=CC=C(C(=O)NC2=CC(=O)C(=C(C1)C2=O)N)C)OC)O)C)C)O)OC,502.6080000000004,1.617700000000001,148.18,135.2767,4,8,5,9,2,9,0.3288540044475102,1,211.9579456783195,1021.1395535064152,1,False,False,IV,"{""Alcohol"": 1, ""Alkene"": 1, ""Amide"": 1, ""Ether"": 1, ""Ketone"": 1, ""Primary_Amine"": 1}"
gentisic acid,C1=CC(=C(C=C1O)C(=O)O)O,154.12099999999998,0.7959999999999998,77.76,36.730900000000005,3,3,3,4,1,4,0.5224912248827285,0,62.34056859052537,292.4920897763861,0,True,True,I,"{""Benzene_Ring"": 1, ""Carboxylic_Acid"": 1, ""Phenol"": 1}"
geraniol,CC(=CCC/C(=C/CO)/C)C,154.253,2.671400000000001,20.23,49.50780000000003,1,1,1,1,4,1,0.6171312932317708,0,69.43875774522651,150.25571236699292,0,True,True,I,"{""Alcohol"": 1, ""Alkene"": 1}"
ginger,CCCCC[C@@H](CC(=O)CCC1=CC(=C(C=C1)O)OC)O,294.391,3.233800000000002,66.76,82.75260000000004,2,4,2,4,10,4,0.6501296660848443,0,126.30930121180234,442.4162903460975,0,True,True,I,"{""Alcohol"": 1, ""Benzene_Ring"": 1, ""Ether"": 1, ""Ketone"": 1, ""Phenol"": 1}"
ginger oil,CCCCC[C@@H](CC(=O)CCC1=CC(=C(C=C1)O)OC)O,294.391,3.233800000000002,66.76,82.75260000000004,2,4,2,4,10,4,0.6501296660848443,0,126.30930121180234,442.4162903460975,0,True,True,I,"{""Alcohol"": 1, ""Benzene_Ring"": 1, ""Ether"": 1, ""Ketone"": 1, ""Phenol"": 1}"
glatiramer acetate,CC(=CCC/C(=C/COC(=O)CC(=O)C)/C)C,238.327,3.2014000000000014,43.370000000000005,68.67900000000004,0,3,0,3,7,3,0.3884186888970681,0,103.54088188021134,320.35902376794377,0,True,True,I,"{""Alkene"": 1, ""Ester"": 1, ""Ether"": 1, ""Ketone"": 1}"
gluconic acid,C([C@H]([C@H]([C@@H]([C@H](C(=O)O)O)O)O)O)O,196.155,-3.4930999999999988,138.45000000000002,38.7488,6,6,6,7,5,7,0.2680535124390779,0,73.49088621303243,170.3657023879603,1,True,True,I,"{""Alcohol"": 1, ""Carboxylic_Acid"": 1}"
gluconolactone,C([C@@H]1[C@H]([C@@H]([C@H](C(=O)O1)O)O)O)O,178.14,-3.0131999999999985,107.22,34.98619999999999,4,6,4,6,1,6,0.3184070333040473,0,68.01013278461804,178.8771237954945,0,True,True,I,"{""Alcohol"": 1, ""Ester"": 1, ""Ether"": 1}"
glucosamine,C([C@@H]1[C@H]([C@@H]([C@H](C(O1)O)N)O)O)O,179.172,-3.254999999999998,116.17000000000002,37.95459999999999,5,6,6,6,1,6,0.2884398980046361,0,69.18850138158699,150.11898363023823,0,True,True,I,"{""Alcohol"": 1, ""Ether"": 1, ""Primary_Amine"": 1}"
glucosamine hydrochloride,C([C@H]([C@H]([C@@H]([C@H](C=O)N)O)O)O)O.Cl,215.633,-2.9905999999999984,124.01000000000002,46.39360000000001,5,6,6,6,5,7,0.3117417605016667,0,81.39540265820253,146.98630085707046,0,True,True,I,"{""Alcohol"": 1, ""Aldehyde"": 1, ""Chlorine"": 1, ""Primary_Amine"": 1}"
glucosamine sulfate,C([C@H]([C@H]([C@@H]([C@H](C=O)N)O)O)O)O.C([C@H]([C@H]([C@@H]([C@H](C=O)N)O)O)O)O.OS(=O)(=O)O,456.4230000000001,-7.477599999999999,322.62,92.4686,12,14,14,16,10,17,0.1071296541417556,0,164.75384584322643,494.6902819989372,2,True,False,III,"{""Alcohol"": 1, ""Aldehyde"": 1, ""Primary_Amine"": 1}"
glutamic acid,C(CC(=O)O)[C@@H](C(=O)O)N,147.13,-0.736899999999999,100.62,32.480999999999995,3,3,4,5,4,5,0.485975530954351,0,57.45042188690824,144.58337707694838,0,True,True,I,"{""Carboxylic_Acid"": 1, ""Primary_Amine"": 1}"
glutamic acid hydrochloride,C(CC(=O)O)[C@@H](C(=O)O)N.Cl,183.591,-0.3150999999999996,100.62,39.72899999999999,3,3,4,5,4,6,0.5549479811270007,0,69.60351513945766,149.417843933085,0,True,True,I,"{""Carboxylic_Acid"": 1, ""Chlorine"": 1, ""Primary_Amine"": 1}"
glutamine,C(CC(=O)N)[C@@H](C(=O)O)N,146.146,-1.336199999999999,106.41,34.03959999999999,3,3,5,5,4,5,0.4560917735982506,1,57.996078831724944,145.8284895747849,0,True,True,I,"{""Amide"": 1, ""Carboxylic_Acid"": 1, ""Primary_Amine"": 1}"
glutaral,C(CC=O)CC=O,100.117,0.5545,34.14,25.97899999999999,0,2,0,2,4,2,0.3817101954384689,0,42.52206368550351,51.100494005928034,0,True,True,I,"{""Aldehyde"": 1}"
glutathione,C(CC(=O)N[C@@H](CS)C(=O)NCC(=O)O)[C@@H](C(=O)O)N,307.32800000000003,-2.2060999999999984,158.82000000000002,71.27440000000003,6,6,6,9,9,10,0.2634372933480747,2,119.85296768959664,389.18921854622977,1,True,False,III,"{""Amide"": 1, ""Carboxylic_Acid"": 1, ""Primary_Amine"": 1, ""Thiol"": 1}"
glycereth-2 cocoate,C(C(COP(=O)([O-])[O-])O)O.O.[Ca+2],228.15,-4.020599999999999,144.38,36.018899999999995,2,6,4,7,4,9,0.3700069534310782,0,98.90574759302734,134.61317805208716,0,True,False,III,"{""Alcohol"": 1}"
glycereth-26,C(COCC(COCCO)OCCO)O,224.253,-1.6182999999999987,88.38000000000001,52.63540000000004,3,6,3,6,11,6,0.365611022677435,0,89.3821248881111,111.17019673443296,0,True,True,I,"{""Alcohol"": 1, ""Ether"": 1}"
glycerin,C(C(CO)O)O,92.09399999999998,-1.6681,60.69,20.178400000000003,3,3,3,3,2,3,0.3814944322102413,0,35.8518365132108,25.219280948873624,0,True,True,I,"{""Alcohol"": 1}"
glyceryl 1-stearate,CCCCCCCCCCCCCCCCCC(=O)OCC(CO)O,358.56300000000005,5.144300000000007,66.76,103.59760000000009,2,4,2,4,19,4,0.247608775706865,0,154.9016281497044,281.06961450124,1,False,False,IV,"{""Alcohol"": 1, ""Ester"": 1, ""Ether"": 1}"
glyceryl behenate/eicosadioate,CCCCCCCCCCCCCCCCCCCCCC(=O)OCC(COC(=O)CCCCCCCCCCCCCCCCCCC(=O)OCC(COC(=O)CCCCCCCCCCCCCCCCCCCCC)O)O,1135.8319999999987,20.5466,145.66000000000005,334.9836000000002,2,10,2,10,67,10,0.0342845011139988,0,494.6089937437895,1195.7979555944305,2,False,False,IV,"{""Alcohol"": 1, ""Ester"": 1, ""Ether"": 1}"
glyceryl citrate,C(C(COC(=O)CC(CC(=O)O)(C(=O)O)O)O)O,266.202,-2.436699999999998,161.59,53.50700000000002,5,7,5,9,8,9,0.3003366822464328,0,101.22806823362068,326.0,0,True,False,III,"{""Alcohol"": 1, ""Carboxylic_Acid"": 1, ""Ester"": 1, ""Ether"": 1}"
glyceryl cocoate,C(C(CO)O)O.[Zn],157.48399999999998,-1.6706,60.69,20.178400000000003,3,3,3,3,2,4,0.4202659530610421,0,54.73516455577565,29.36099039894992,0,True,True,I,"{""Alcohol"": 1}"
glyceryl dibehenate,CCCCCCCCCCCCCCCCCCCCCC(=O)O.C(C(CO)O)O,432.68600000000015,6.224800000000008,97.99,125.82820000000012,4,4,4,5,22,5,0.152114753233886,0,185.8421500357052,318.6608438934369,1,False,False,IV,"{""Alcohol"": 1, ""Carboxylic_Acid"": 1}"
glyceryl dilaurate,CCCCCCCCCCCC(=O)OCC(CO)OC(=O)CCCCCCCCCCC,456.7080000000005,7.27550000000001,72.83000000000001,131.61280000000005,1,5,1,5,24,5,0.1220157707232774,0,197.57211441343875,424.2697700384048,1,False,False,IV,"{""Alcohol"": 1, ""Ester"": 1, ""Ether"": 1}"
glyceryl dioleate,CCCCCCCC/C=C/CCCCCCCC(=O)OCC(COC(=O)CCCCCCC/C=C\CCCCCCCC)O,621.0000000000001,11.508699999999989,72.83,186.8287999999994,1,5,1,5,34,5,0.0439965603552705,0,272.57221372182954,615.4241258247573,2,False,False,IV,"{""Alcohol"": 1, ""Alkene"": 1, ""Ester"": 1, ""Ether"": 1}"
glyceryl distearate,CCCCCCCCCCCCCCCCCC(=O)OCC(COC(=O)CCCCCCCCCCCCCCCCC)O,625.0320000000002,11.956699999999984,72.83,187.0167999999994,1,5,1,5,36,5,0.0554317493263014,0,273.951419786198,543.0620490910691,2,False,False,IV,"{""Alcohol"": 1, ""Ester"": 1, ""Ether"": 1}"
glyceryl isostearate,CC(C)CCCCCCCCCCCCCCC(=O)OCC(CO)O,358.56300000000005,5.000200000000006,66.76,103.52760000000008,2,4,2,4,18,4,0.267175947964801,0,154.9016281497044,291.6206365834133,1,False,False,IV,"{""Alcohol"": 1, ""Ester"": 1, ""Ether"": 1}"
glyceryl laurate,CCCCCCCCCCCC(=O)OCC(CO)O,274.40099999999995,2.803700000000002,66.76,75.89560000000004,2,4,2,4,13,4,0.400176373452436,0,116.71197546332476,206.32225504134132,0,True,True,I,"{""Alcohol"": 1, ""Ester"": 1, ""Ether"": 1}"
glyceryl mono- and dicaprylate,CCCCCCCC(=O)O.C(C(CO)O)O,236.308,0.7633999999999999,97.99,61.19020000000005,4,4,4,5,8,5,0.4664505889368517,0,96.73296043415267,145.3103483230645,0,True,True,I,"{""Alcohol"": 1, ""Carboxylic_Acid"": 1}"
glyceryl mono- and dicaprylocaprate,CCCCCCCCCC(=O)O.CCCCCCCC(=O)O.C(C(CO)O)O,408.57600000000014,3.975100000000004,135.29,111.43600000000008,5,5,5,7,16,7,0.2437384826932947,0,170.34396858388777,317.875958728842,0,True,True,I,"{""Alcohol"": 1, ""Carboxylic_Acid"": 1}"
glyceryl mono- and dipalmitostearate,CCCCCCCCCCCCCCCCCC(=O)OC(CO)COC(=O)CCCCCCCCCCCCCCC,596.9780000000002,11.176499999999992,72.83000000000001,177.78279999999953,1,5,1,5,34,5,0.0590587016068159,0,261.2215355574048,564.3594814772907,2,False,False,IV,"{""Alcohol"": 1, ""Ester"": 1, ""Ether"": 1}"
glyceryl mono- and dipalmitostearate type b,CCCCCCCCCCCCCCCC(=O)OCC(COC(=O)[C@@H](CCC(=O)N)NC(=O)[C@H](C)NC(=O)C(C)O[C@@H]1[C@H]([C@H](O[C@@H]([C@H]1O)CO)O)NC(=O)C)OC(=O)CCCCCCCCCCCCCCC,1043.3909999999994,6.551000000000013,288.43999999999994,276.2978999999994,7,15,8,19,45,19,0.019336073726376,4,436.14591128958585,1538.3890457227112,4,False,False,IV,"{""Alcohol"": 1, ""Amide"": 1, ""Ester"": 1, ""Ether"": 1}"
glyceryl monocaprylate,CCCCCCCC(=O)OCC(CO)O,218.293,1.2433,66.76,57.42760000000005,2,4,2,4,9,4,0.451195482363478,0,91.25220700573831,158.66691118104077,0,True,True,I,"{""Alcohol"": 1, ""Ester"": 1, ""Ether"": 1}"
glyceryl monocaprylocaprate,CCCCCCCC(=O)OCC(CO)(CO)CO,262.34599999999995,0.8533999999999999,86.99000000000001,68.02540000000005,3,5,3,5,11,5,0.3794781108121071,0,108.77632498672756,205.1624806878228,0,True,True,I,"{""Alcohol"": 1, ""Ester"": 1, ""Ether"": 1}"
glyceryl monolinoleate,CCCCC/C=C\C/C=C\CCCCCCCC(=O)OC[C@H](CO)O,354.531,4.696300000000005,66.76,103.40960000000004,2,4,2,4,17,4,0.2257182387139135,0,153.52242208533588,349.8052120710373,0,True,True,I,"{""Alcohol"": 1, ""Alkene"": 1, ""Ester"": 1, ""Ether"": 1}"
glyceryl monooleate,CCCCCCCC/C=C\CCCCCCCC(=O)OCC(CO)O,356.547,4.920300000000006,66.76,103.50360000000006,2,4,2,4,18,4,0.2077369405139863,0,154.21202511752014,315.01791011000046,0,True,True,I,"{""Alcohol"": 1, ""Alkene"": 1, ""Ester"": 1, ""Ether"": 1}"
glyceryl monostearate,CCCCCCCCCCCCCCCCCC(=O)OCC(CO)O,358.56300000000005,5.144300000000007,66.76,103.59760000000009,2,4,2,4,19,4,0.247608775706865,0,154.9016281497044,281.06961450124,1,False,False,IV,"{""Alcohol"": 1, ""Ester"": 1, ""Ether"": 1}"
glyceryl myristate,CCCCCCCCCCCCCC(=O)OCC(CO)O,302.455,3.5839000000000025,66.76,85.12960000000005,2,4,2,4,15,4,0.3582606315981396,0,129.441859692118,230.8299976117137,0,True,True,I,"{""Alcohol"": 1, ""Ester"": 1, ""Ether"": 1}"
glyceryl oleate,CCCCCCCC/C=C\CCCCCCCC(=O)OCC(CO)O,356.547,4.920300000000006,66.76,103.50360000000006,2,4,2,4,18,4,0.2077369405139863,0,154.21202511752014,315.01791011000046,0,True,True,I,"{""Alcohol"": 1, ""Alkene"": 1, ""Ester"": 1, ""Ether"": 1}"
glyceryl palmitate,CCCCCCCCCCCCCCCC(=O)OCC(COC(=O)CCCCCCCCCCCCCCC)OC(=O)CCCCCCCCCCCCCCC,807.3389999999995,16.428499999999964,78.9,242.7339999999988,0,6,0,6,47,6,0.0346152110321355,0,354.8115587363116,797.5662097725631,2,False,False,IV,"{""Ester"": 1, ""Ether"": 1}"
glyceryl palmitostearate,CCCCCCCCCCCCCCCCCC(=O)O.CCCCCCCCCCCCCCCC(=O)O.C(C(CO)O)O,633.0080000000007,10.216699999999994,135.29,185.3079999999996,5,5,5,7,32,7,0.0465535549172002,0,272.1830424142336,537.9450842950646,2,False,False,IV,"{""Alcohol"": 1, ""Carboxylic_Acid"": 1}"
glyceryl ricinoleate,CCCCCC[C@H](C/C=C\CCCCCCCC(=O)OCC(CO)O)O,372.5460000000001,3.8911000000000047,86.99000000000001,104.89340000000006,3,5,3,5,18,5,0.1929723794195373,0,159.0062588697161,343.29313819653555,0,True,True,I,"{""Alcohol"": 1, ""Alkene"": 1, ""Ester"": 1, ""Ether"": 1}"
glyceryl stearate se,CCCCCCCCCCCCCCCCCC(=O)[O-].CCCCCCCCCCCCCCCCCC(=O)[O-].CCCCCCCCCCCCCCCCCC(=O)OC[C@@H](CO)O.CCCCCCCCCCCCCCCCCC(=O)OC[C@H](CO)O.CCCCCCCCCCCCCCCCCC(=O)OC(CO)CO.[Na+].[K+],1704.7290000000005,19.43649999999999,280.54,479.8988000000025,6,16,6,16,89,18,0.0142841952446165,0,788.3649833771959,1751.5263668033776,4,False,False,IV,"{""Alcohol"": 1, ""Ester"": 1, ""Ether"": 1}"
glyceryl triacetyl 12-hydroxystearate,CCCCCCC(CCCCCCCCCCC(=O)OCC(COC(=O)CCCCCCCCCCC(CCCCCC)OC(=O)C)OC(=O)CCCCCCCCCCC(CCCCCC)OC(=O)C)OC(=O)C,1065.608999999999,17.393899999999974,157.8,303.24699999999973,0,12,0,12,56,12,0.0322936273814321,0,459.0160660977226,1300.5319361139043,3,False,False,IV,"{""Ester"": 1, ""Ether"": 1}"
glyceryl trioleate,CCCCCCCC/C=C\CCCCCCCC(=O)OCC(OC(=O)CCCCCCC/C=C\CCCCCCCC)COC(=O)CCCCCCC/C=C\CCCCCCCC,885.4529999999991,18.097099999999976,78.9,270.15399999999903,0,6,0,6,50,6,0.0262042034458715,0,390.93240232613846,1006.8406749723669,2,False,False,IV,"{""Alkene"": 1, ""Ester"": 1, ""Ether"": 1}"
glycidyl methacrylate,CC(=C)C(=O)OCC1CO1,142.154,0.5045000000000001,38.83,35.513,0,3,0,3,3,3,0.3270748616036569,0,59.62208208755322,158.23415450316318,0,True,True,I,"{""Alkene"": 1, ""Ester"": 1, ""Ether"": 1}"
glycine,C(C(=O)O)N,75.06700000000001,-0.9703,63.31999999999999,16.6902,2,2,3,3,1,3,0.421170887936547,0,29.39983969147865,42.91260938324327,0,True,True,I,"{""Carboxylic_Acid"": 1, ""Primary_Amine"": 1}"
glycine hydrochloride,C(C(=O)O)N.Cl,111.528,-0.5484999999999998,63.31999999999999,23.9382,2,2,3,3,1,4,0.4774266379315683,0,41.55293294402807,46.81274391313339,0,True,True,I,"{""Carboxylic_Acid"": 1, ""Chlorine"": 1, ""Primary_Amine"": 1}"
glycol distearate,CCCCCCCCCCCCCCCCCC(=O)OCCOC(=O)CCCCCCCCCCCCCCCCC,595.0060000000002,12.59579999999998,52.6,181.00999999999945,0,4,0,4,35,4,0.054069552897699,0,262.7922439196054,499.2124863150828,2,False,False,IV,"{""Ester"": 1, ""Ether"": 1}"
glycol stearate,CCCCCCCCCCCCCCCCCC(=O)OCCO,328.53700000000003,5.783400000000007,46.53,97.59080000000009,1,3,1,3,18,3,0.2559925687197089,0,143.7424522831118,241.04128507813675,1,False,False,IV,"{""Alcohol"": 1, ""Ester"": 1, ""Ether"": 1}"
glycolic acid,C(C(=O)O)O,76.051,-0.9367,57.53,14.7216,2,2,2,3,1,3,0.4236140751255037,0,28.854182746661948,40.1577218810798,0,True,True,I,"{""Alcohol"": 1, ""Carboxylic_Acid"": 1}"
glycyrrhiza glabra,C[C@]12CC[C@](C[C@H]1C3=CC(=O)[C@@H]4[C@]5(CC[C@@H](C([C@@H]5CC[C@]4([C@@]3(CC2)C)C)(C)C)O[C@@H]6[C@@H]([C@H]([C@@H]([C@H](O6)C(=O)O)O)O)O[C@H]7[C@@H]([C@H]([C@@H]([C@H](O7)C(=O)O)O)O)O)C)(C)C(=O)O.N.N,857.0040000000007,2.569600000000004,337.04,209.48259999999945,10,15,14,18,7,18,0.1644726129582009,0,349.6970966748656,1743.7946722932568,3,False,False,IV,"{""Alcohol"": 1, ""Alkene"": 1, ""Carboxylic_Acid"": 1, ""Ether"": 1, ""Ketone"": 1}"
glycyrrhizin,C[C@]12CC[C@](C[C@H]1C3=CC(=O)[C@@H]4[C@]5(CC[C@@H](C([C@@H]5CC[C@]4([C@@]3(CC2)C)C)(C)C)O[C@@H]6[C@@H]([C@H]([C@@H]([C@H](O6)C(=O)O)O)O)O[C@H]7[C@@H]([C@H]([C@@H]([C@H](O7)C(=O)O)O)O)O)C)(C)C(=O)O,822.9420000000008,2.245600000000002,267.04,199.43839999999932,8,13,8,16,7,16,0.1712103476275688,0,337.42559594697235,1731.1441342741448,3,False,False,IV,"{""Alcohol"": 1, ""Alkene"": 1, ""Carboxylic_Acid"": 1, ""Ether"": 1, ""Ketone"": 1}"
glycyrrhizinate dipotassium,C[C@]12CC[C@](C[C@H]1C3=CC(=O)[C@@H]4[C@]5(CC[C@@H](C([C@@H]5CC[C@]4([C@@]3(CC2)C)C)(C)C)O[C@@H]6[C@@H]([C@H]([C@@H]([C@H](O6)C(=O)[O-])O)O)O[C@H]7[C@@H]([C@H]([C@@H]([C@H](O7)C(=O)[O-])O)O)O)C)(C)C(=O)O.[K+].[K+],899.1220000000006,-6.415800000000013,272.7,194.18079999999927,6,15,6,16,7,18,0.1024916558286149,0,435.2707253376975,1743.7946722932568,3,False,False,IV,"{""Alcohol"": 1, ""Alkene"": 1, ""Carboxylic_Acid"": 1, ""Ether"": 1, ""Ketone"": 1}"
gold,[Au],196.967,-0.0025,0.0,0.0,0,0,0,0,0,1,0.4791201514703665,0,23.001880613197383,0.0,0,True,True,I,{}
grape,CC/C=C\CCCCCCCCOC(=O)C,226.36,4.246400000000003,26.3,68.38300000000005,0,2,0,2,10,2,0.3161269796952439,0,100.06896281235188,185.17436284790148,0,True,True,I,"{""Alkene"": 1, ""Ester"": 1, ""Ether"": 1}"
grape seed oil,C([C@@H]1[C@H]([C@@H]([C@H](C(O1)O)O)O)O)O,180.156,-3.2213999999999987,110.38,35.98599999999999,5,6,5,6,1,6,0.290152854529958,0,68.64284443677028,146.2188491003481,0,True,True,I,"{""Alcohol"": 1, ""Ether"": 1}"
green tea leaf,CN(C)C1=CC=C(C=C1)C(=C2C=CC(=[N+](C)C)C=C2)C3=CC=CC=C3.[Cl-],364.92,1.3975999999999995,6.25,108.6284,0,1,0,2,3,3,0.7461168059120243,0,162.4464412290499,848.1836545217658,0,True,True,I,"{""Alkene"": 1, ""Benzene_Ring"": 1, ""Chlorine"": 1, ""Tertiary_Amine"": 1}"
guar gum,CCCCC1=CC2=C(C=C1)N=C(N2)NC(=O)OC,247.298,3.0838,67.01,70.73340000000003,2,3,2,5,4,5,0.871995349955413,1,105.5564582527313,548.1599744912176,0,True,True,I,"{""Benzene_Ring"": 1, ""Carbamate"": 1, ""Ester"": 1, ""Ether"": 1}"
helium,[He],4.003,0.0,0.0,0.0,0,0,0,0,0,1,0.3407358358967809,0,7.50422812385033,0.0,0,True,True,I,{}
hematite,O=[Fe]O[Fe]=O,159.68699999999998,-0.311,43.370000000000005,2.458,0,3,0,3,2,5,0.5196121706690733,0,41.44406355559186,34.1577218810798,0,True,True,I,{}
hemp,CN(C)P(=O)(N(C)C)N(C)C,179.204,0.7792999999999999,26.790000000000006,48.66750000000003,0,1,0,4,3,5,0.5980680831968047,0,69.30169063779014,138.6810057963953,0,True,True,I,"{""Tertiary_Amine"": 1}"
heparin sodium,CC(=O)NC1C(C(C(OC1O)COS(=O)(=O)O)OC2C(C(C(C(O2)C(=O)O)OC3C(C(C(C(O3)CO)OC4C(C(C(C(O4)C(=O)O)O)O)OS(=O)(=O)O)OS(=O)(=O)O)NS(=O)(=O)O)O)OS(=O)(=O)O)O.[Na+],1157.9240000000011,-13.707899999999997,610.4900000000001,200.7087999999998,15,30,15,39,21,45,0.0374788206224997,1,419.5546101708944,2449.87985186412,3,False,False,IV,"{""Alcohol"": 1, ""Amide"": 1, ""Carboxylic_Acid"": 1, ""Ether"": 1}"
heptane,CCCCCCC,100.205,2.976700000000002,0.0,34.432999999999986,0,0,0,0,4,0,0.4763098736533006,0,46.92890371420919,19.219280948873624,0,True,True,I,{}
heptyl undecylenate,CCCCCCCOC(=O)CCCCCCCCC=C,282.4679999999999,5.806800000000006,26.3,86.85100000000007,0,2,0,2,15,2,0.2152115016208081,0,125.5287312699383,223.4581119064012,1,False,False,IV,"{""Alkene"": 1, ""Ester"": 1, ""Ether"": 1}"
hetastarch,CC1([C@@H](N2[C@H](S1)[C@@H](C2=O)N3C(=O)[C@H](NC3(C)C)C4=CC=CC=C4)C(=O)[O-])C.[K+],427.5670000000001,-2.9195999999999964,92.78,98.13070000000003,1,6,1,7,3,9,0.4105241206474059,2,210.55216144313508,831.727460568417,0,True,True,I,"{""Amide"": 1, ""Benzene_Ring"": 1, ""Secondary_Amine"": 1, ""Sulfide"": 1}"
hexasodium hexametaphosphate,[O-]P1(=O)OP(=O)(OP(=O)(OP(=O)(OP(=O)(OP(=O)(O1)[O-])[O-])[O-])[O-])[O-].[Na+].[Na+].[Na+].[Na+].[Na+].[Na+],611.7660000000002,-21.066,296.16,52.14900000000001,0,18,0,18,0,30,0.1811512598803342,0,300.5932134332432,596.3810165413597,2,False,False,IV,{}
hexyl hexanoate,CCCCCCOC(=O)CCCCC,200.32199999999995,3.6902000000000026,26.3,59.24300000000005,0,2,0,2,9,2,0.418904544601119,0,88.02868161574288,132.28341890015258,0,True,True,I,"{""Ester"": 1, ""Ether"": 1}"
hexyl laurate,CCCCCCCCCCCC(=O)OCCCCCC,284.484,6.030800000000006,26.3,86.94500000000008,0,2,0,2,15,2,0.2709003907673502,0,126.21833430212256,201.5949030918267,1,False,False,IV,"{""Ester"": 1, ""Ether"": 1}"
hexyldecanol,CCCCCCCCC(CCCCCC)CO,242.44699999999992,5.315900000000006,20.23,77.32780000000007,1,1,1,1,13,1,0.4335587029948032,0,109.0076164959747,133.48686830125578,1,False,False,IV,"{""Alcohol"": 1}"
hexylene glycol,CC(CC(C)(C)O)O,118.17599999999996,0.5282,40.46,32.59559999999998,2,2,2,2,2,2,0.5548951576761242,0,50.15242910420461,61.419011889093376,0,True,True,I,"{""Alcohol"": 1}"
high density polyethylene,C1=C(NC=N1)CC(C(=O)NCC(=O)NC(CCC(=O)O)C(=O)O)NC(=O)CNC(=O)C(CCC(=O)N)N,526.5070000000003,-4.303599999999999,288.79,123.08190000000003,9,9,11,17,17,17,0.0934843252532288,5,209.66257979935608,982.4735984649028,2,False,False,IV,"{""Amide"": 1, ""Carboxylic_Acid"": 1, ""Primary_Amine"": 1}"
histidine,C1=C(NC=N1)C[C@@H](C(=O)O)N,155.15699999999998,-0.6358999999999995,92.0,37.9029,3,3,4,5,3,5,0.5411944991131042,0,63.25068441390008,231.9852514925044,0,True,True,I,"{""Carboxylic_Acid"": 1, ""Primary_Amine"": 1}"
histidine monohydrochloride,C1=C(NC=N1)C[C@@H](C(=O)O)N.Cl,191.618,-0.2140999999999996,92.0,45.15090000000001,3,3,4,5,3,6,0.6164131130631032,0,75.4037776664495,236.951053696148,0,True,True,I,"{""Carboxylic_Acid"": 1, ""Chlorine"": 1, ""Primary_Amine"": 1}"
histidine monohydrochloride monohydrate,C1=C(NC=N1)C[C@@H](C(=O)O)N.O.Cl,209.633,-1.0387999999999995,123.5,48.76470000000001,3,3,6,6,3,7,0.5883021039989493,0,80.88453109486387,239.28233252116488,0,True,True,I,"{""Carboxylic_Acid"": 1, ""Chlorine"": 1, ""Primary_Amine"": 1}"
honey,CCC(C)C(C(=O)NCC(=O)NC(C)C(=O)NC(C(C)C)C(=O)NC(CC(C)C)C(=O)NC(CCCCN)C(=O)NC(C(C)C)C(=O)NC(CC(C)C)C(=O)NC(C(C)O)C(=O)NC(C(C)C)C(=O)NCC(=O)NC(CC(C)C)C(=O)N1CCCC1C(=O)NC(C)C(=O)NC(CC(C)C)C(=O)NC(C(C)CC)C(=O)NC(CO)C(=O)NC(CC2=CNC3=CC=CC=C32)C(=O)NC(C(C)CC)C(=O)NC(CCCCN)C(=O)NC(CCCNC(=N)N)C(=O)NC(CCCCN)C(=O)NC(CNC(=O)N)C(=O)N(CCC(=O)N)C(=O)NC(CCC(=O)N)C(=O)N)NC(=O)CN,2803.4459999999976,-7.856329999999966,1116.5399999999995,732.1591000000043,38,36,47,69,93,69,0.0166141504588309,31,1155.7575903693555,6619.613317391166,3,False,False,IV,"{""Alcohol"": 1, ""Amide"": 1, ""Benzene_Ring"": 1, ""Primary_Amine"": 1, ""Secondary_Amine"": 1, ""Urea"": 1}"
human epidermal growth factor,CC[C@H](C)[C@@H](C(=O)NCC(=O)N[C@@H](CCC(=O)O)C(=O)N[C@@H](CCCNC(=N)N)C(=O)N[C@@H](CS)C(=O)N[C@@H](CCC(=O)N)C(=O)N[C@@H](CC1=CC=C(C=C1)O)C(=O)N[C@@H](CCCNC(=N)N)C(=O)N[C@@H](CC(=O)O)C(=O)N[C@@H](CC(C)C)C(=O)N[C@@H](CCCCN)C(=O)N[C@@H](CC2=CNC3=CC=CC=C32)C(=O)N[C@@H](CC4=CNC5=CC=CC=C54)C(=O)N[C@@H](CCC(=O)O)C(=O)N[C@@H](CC(C)C)C(=O)N[C@@H](CCCNC(=N)N)C(=O)O)NC(=O)[C@H](CC6=CC=C(C=C6)O)NC(=O)CNC(=O)[C@H](C(C)C)NC(=O)[C@H](C(C)C)NC(=O)[C@H](CS)NC(=O)[C@H](CC(=O)N)NC(=O)[C@H](CS)NC(=O)[C@H](C)NC(=O)[C@H](CC7=CC=C(C=C7)O)NC(=O)[C@H](CCCCN)NC(=O)[C@H](CC(=O)O)NC(=O)[C@H](CC(C)C)NC(=O)[C@H](C)NC(=O)[C@H](CCC(=O)O)NC(=O)[C@H]([C@@H](C)CC)NC(=O)[C@H](CC8=CC=C(C=C8)O)NC(=O)[C@H](CCSC)NC(=O)[C@H](CS)NC(=O)[C@H](C(C)C)NC(=O)CNC(=O)[C@H](CC(=O)O)NC(=O)[C@H](CC9=CN=CN9)NC(=O)[C@H](CC(C)C)NC(=O)[C@H](CS)NC(=O)[C@H](CC1=CC=C(C=C1)O)NC(=O)CNC(=O)[C@H](CC(=O)O)NC(=O)[C@H](CC1=CN=CN1)NC(=O)[C@H](CO)NC(=O)[C@H](CC(C)C)NC(=O)[C@@H]1CCCN1C(=O)[C@H](CS)NC(=O)[C@H](CCC(=O)O)NC(=O)[C@H](CO)NC(=O)[C@H](CC(=O)O)NC(=O)[C@H](CO)NC(=O)[C@H](CC(=O)N)N,6222.074999999984,-21.703090000000223,2521.220000000001,1568.249700000008,94,88,97,156,200,163,0.0072833286438884,55,2522.495088166458,18249.25177524468,3,False,False,IV,"{""Alcohol"": 1, ""Amide"": 1, ""Benzene_Ring"": 1, ""Carboxylic_Acid"": 1, ""Phenol"": 1, ""Primary_Amine"": 1, ""Secondary_Amine"": 1, ""Sulfide"": 1, ""Thiol"": 1}"
human transferrin holo,C[C@@H](C(=O)NCC(=O)N[C@@H](CC(=O)O)C(=O)N[C@@H](C(C)C)C(=O)N[C@@H](C)C(=O)N[C@@H](CC1=CC=CC=C1)C(=O)N[C@@H](C(C)C)C(=O)O)NC(=O)[C@H](CC(=O)N)N,791.86,-3.632100000000004,347.4099999999999,197.43929999999963,11,11,13,21,23,21,0.0510463301251475,8,322.74722962111,1605.0326400944664,3,False,False,IV,"{""Amide"": 1, ""Benzene_Ring"": 1, ""Carboxylic_Acid"": 1, ""Primary_Amine"": 1}"
hyaluronate sodium,C(CC(=O)[O-])C(=O)O.[Na+],140.07,-4.3949,77.42999999999999,21.8768,1,3,1,4,3,5,0.4013963378479953,0,74.15898869821088,97.13526283059372,0,True,True,I,"{""Carboxylic_Acid"": 1}"
hyaluronic acid,CC(=O)NC(C=O)C(C(C(CO)O)O)OC1C(C(C=C(O1)C(=O)[O-])O)O.[Na+],401.3000000000001,-8.494800000000005,205.91,77.6177,6,11,6,12,9,13,0.1579230252795103,1,175.22838540791307,557.1816459138282,2,True,False,III,"{""Alcohol"": 1, ""Aldehyde"": 1, ""Alkene"": 1, ""Amide"": 1, ""Ether"": 1}"
hydrated silica,O.O=[Si]=O,78.099,-1.4431,65.64,10.740799999999998,0,2,2,3,0,4,0.3328020496407844,0,24.88297822084252,24.264662506490403,0,True,True,I,{}
hydrochloric acid,Cl,36.461000000000006,0.4218,0.0,7.247999999999999,0,0,0,0,0,1,0.3651643237938947,0,13.521571012453132,0.0,0,True,True,I,"{""Chlorine"": 1}"
hydrocortisone,C[C@]12CCC(=O)C=C1CC[C@@H]3[C@@H]2[C@H](C[C@]4([C@H]3CC[C@@]4(C(=O)CO)O)C)O,362.46600000000007,1.7815999999999996,94.83,95.14240000000004,3,5,3,5,2,5,0.6960164410604961,0,154.0309111261361,683.8889217536757,0,True,True,I,"{""Alcohol"": 1, ""Alkene"": 1, ""Ketone"": 1}"
hydrofluoric acid,F,20.006,0.1525,0.0,2.503,0,0,0,0,0,1,0.3507949441763571,0,6.09714072430475,0.0,0,True,True,I,"{""Fluorine"": 1}"
hydrogen peroxide,OO,34.014,0.0173999999999999,40.46,5.2576,2,2,2,2,0,2,0.292487473410359,0,11.892071733563276,0.0,0,True,True,I,{}
hydrogenated castor oil,C1CC=CC(C1)C2=CC=C(C=C2)C3CCC=CC3,238.374,5.334000000000004,0.0,77.90600000000005,0,0,0,0,2,0,0.6104729226032157,0,110.41984012082928,435.611044134908,1,False,False,IV,"{""Alkene"": 1, ""Benzene_Ring"": 1}"
hydrogenated coconut oil,C1CC=CC(C1)C2=CC=C(C=C2)C3CCC=CC3,238.374,5.334000000000004,0.0,77.90600000000005,0,0,0,0,2,0,0.6104729226032157,0,110.41984012082928,435.611044134908,1,False,False,IV,"{""Alkene"": 1, ""Benzene_Ring"": 1}"
hydrogenated cottonseed oil,C1CC=CC(C1)C2=CC=C(C=C2)C3CCC=CC3,238.374,5.334000000000004,0.0,77.90600000000005,0,0,0,0,2,0,0.6104729226032157,0,110.41984012082928,435.611044134908,1,False,False,IV,"{""Alkene"": 1, ""Benzene_Ring"": 1}"
hydrogenated olive oil,C1CC=CC(C1)C2=CC=C(C=C2)C3CCC=CC3,238.374,5.334000000000004,0.0,77.90600000000005,0,0,0,0,2,0,0.6104729226032157,0,110.41984012082928,435.611044134908,1,False,False,IV,"{""Alkene"": 1, ""Benzene_Ring"": 1}"
hydrogenated palm kernel oil,C1CC=CC(C1)C2=CC=C(C=C2)C3CCC=CC3,238.374,5.334000000000004,0.0,77.90600000000005,0,0,0,0,2,0,0.6104729226032157,0,110.41984012082928,435.611044134908,1,False,False,IV,"{""Alkene"": 1, ""Benzene_Ring"": 1}"
hydrogenated palm oil,C1CC=CC(C1)C2=CC=C(C=C2)C3CCC=CC3,238.374,5.334000000000004,0.0,77.90600000000005,0,0,0,0,2,0,0.6104729226032157,0,110.41984012082928,435.611044134908,1,False,False,IV,"{""Alkene"": 1, ""Benzene_Ring"": 1}"
hydrogenated soybean oil,C1CC=CC(C1)C2=CC=C(C=C2)C3CCC=CC3,238.374,5.334000000000004,0.0,77.90600000000005,0,0,0,0,2,0,0.6104729226032157,0,110.41984012082928,435.611044134908,1,False,False,IV,"{""Alkene"": 1, ""Benzene_Ring"": 1}"
hydrogenated soybean phosphatidylcholine,O.O.O.O.O.O.O.O.O.O.O.O.OP(=O)([O-])[O-].[Na+].[Na+],358.13800000000003,-18.081000000000003,461.42,53.19090000000005,1,3,25,16,0,19,0.3247645049162808,0,150.9024612308925,60.884522146684965,0,True,False,III,{}
hydrolysed bovine collagen (enzymatic; 2000-5000 mw),CCCN(CC)C(=O)C1=CN=C2C(=C1)C=CC3=C2NC=C(C3=O)[N+](=O)[O-],354.3660000000001,2.8566000000000003,109.20000000000002,98.39260000000009,1,5,1,8,5,8,0.4303224735610697,1,148.15953442403074,1073.902853442485,0,True,True,I,"{""Amide"": 1, ""Benzene_Ring"": 1, ""Nitro"": 1, ""Pyridine_Ring"": 1, ""Tertiary_Amine"": 1}"
hydrolysed marine collagen (enzymatic; 2000 mw),CCCN(CC)C(=O)C1=CN=C2C(=C1)C=CC3=C2NC=C(C3=O)[N+](=O)[O-],354.3660000000001,2.8566000000000003,109.20000000000002,98.39260000000009,1,5,1,8,5,8,0.4303224735610697,1,148.15953442403074,1073.902853442485,0,True,True,I,"{""Amide"": 1, ""Benzene_Ring"": 1, ""Nitro"": 1, ""Pyridine_Ring"": 1, ""Tertiary_Amine"": 1}"
hydrolyzed placental protein (bovine),CCN(CC)C1=CC2=C(C=C1)C3(C4=C(O2)C=C(C=C4)N(CC)CC)C5=C(C=CC(=C5)N=C=S)C(=O)O3,499.6360000000003,6.681300000000007,54.370000000000005,146.5054999999998,0,7,0,6,7,7,0.2052960974776426,0,216.71067511545857,1327.0069233239706,1,False,False,IV,"{""Benzene_Ring"": 1, ""Ester"": 1, ""Ether"": 1, ""Tertiary_Amine"": 1}"
hydrolyzed porcine collagen (enzymatic; 3000 mw),CCCN(CC)C(=O)C1=CN=C2C(=C1)C=CC3=C2NC=C(C3=O)[N+](=O)[O-],354.3660000000001,2.8566000000000003,109.20000000000002,98.39260000000009,1,5,1,8,5,8,0.4303224735610697,1,148.15953442403074,1073.902853442485,0,True,True,I,"{""Amide"": 1, ""Benzene_Ring"": 1, ""Nitro"": 1, ""Pyridine_Ring"": 1, ""Tertiary_Amine"": 1}"
hydrolyzed soy protein (enzymatic; 2000 mw),CCN(CC)C1=CC2=C(C=C1)C3(C4=C(O2)C=C(C=C4)N(CC)CC)C5=C(C=CC(=C5)N=C=S)C(=O)O3,499.6360000000003,6.681300000000007,54.370000000000005,146.5054999999998,0,7,0,6,7,7,0.2052960974776426,0,216.71067511545857,1327.0069233239706,1,False,False,IV,"{""Benzene_Ring"": 1, ""Ester"": 1, ""Ether"": 1, ""Tertiary_Amine"": 1}"
hydroxide ion,[OH-],17.007,-0.1768,30.0,1.9358,0,1,1,1,0,1,0.3571155575962091,0,6.84923118831809,0.0,0,True,True,I,{}
hydroxocobalamin acetate,CC1=CC2=C(C=C1C)N(C=N2)[C@@H]3[C@@H]([C@@H]([C@H](O3)CO)OP(=O)([O-])O[C@H](C)CNC(=O)CC[C@@]\4([C@H](C5[C@]6([C@@]([C@@H](C(=N6)/C(=C\7/[C@@]([C@@H](C(=N7)/C=C\8/C([C@@H](C(=N8)/C(=C4\[N-]5)/C)CCC(=O)N)(C)C)CCC(=O)N)(C)CC(=O)N)/C)CCC(=O)N)(C)CC(=O)N)C)CC(=O)N)C)O.CC(=O)[O-].[Co+3],1388.413999999999,2.069040000000001,505.05,342.28220000000056,9,20,15,29,26,31,0.0608793540442775,7,561.9600108566609,3653.955170018415,3,False,False,IV,"{""Alcohol"": 1, ""Alkene"": 1, ""Amide"": 1, ""Benzene_Ring"": 1, ""Ether"": 1}"
hydroxyacetophenone,CC(=O)C1=CC=C(C=C1)O,136.14999999999998,1.5948,37.3,38.111300000000014,1,2,1,2,1,2,0.5951083320007401,0,59.11704320052995,235.9394333808838,0,True,True,I,"{""Benzene_Ring"": 1, ""Ketone"": 1, ""Phenol"": 1}"
hydroxyethyl behenamidopropyl dimonium chloride,CCCCCCCCCCCCCCCCCCCCCC(=O)NCCC[N+](C)(C)CCO.[Cl-],505.2720000000003,4.387300000000004,49.33,144.56889999999993,2,2,2,4,26,5,0.1354865941579902,1,219.58614667613057,418.93477876552447,1,False,True,II,"{""Alcohol"": 1, ""Amide"": 1, ""Chlorine"": 1}"
hydroxyethyl cellulose (1500 mpa.s at 1%),CC(COCC1C(C(C(C(O1)OC2C(OC(C(C2OCC(C)O)OCC(C)O)OCC(C)O)COCC(C)O)OCC(C)O)OCC(C)O)OCC(C)O)O,806.9370000000004,-2.156399999999985,263.36999999999995,191.9313999999995,8,19,8,19,28,19,0.0418851092038745,0,324.1034302667962,969.4696650108864,3,False,False,IV,"{""Alcohol"": 1, ""Ether"": 1}"
hydroxyethyl cellulose (280 mpa.s at 2%),CC(COCC1C(C(C(C(O1)OC2C(OC(C(C2OCC(C)O)OCC(C)O)OCC(C)O)COCC(C)O)OCC(C)O)OCC(C)O)OCC(C)O)O,806.9370000000004,-2.156399999999985,263.36999999999995,191.9313999999995,8,19,8,19,28,19,0.0418851092038745,0,324.1034302667962,969.4696650108864,3,False,False,IV,"{""Alcohol"": 1, ""Ether"": 1}"
hydroxyethyl cellulose (280 mpa.s at 5%),CC(COCC1C(C(C(C(O1)OC2C(OC(C(C2OCC(C)O)OCC(C)O)OCC(C)O)COCC(C)O)OCC(C)O)OCC(C)O)OCC(C)O)O,806.9370000000004,-2.156399999999985,263.36999999999995,191.9313999999995,8,19,8,19,28,19,0.0418851092038745,0,324.1034302667962,969.4696650108864,3,False,False,IV,"{""Alcohol"": 1, ""Ether"": 1}"
hydroxyethyl cellulose (3000 cps at 1%),CC(COCC1C(C(C(C(O1)OC2C(OC(C(C2OCC(C)O)OCC(C)O)OCC(C)O)COCC(C)O)OCC(C)O)OCC(C)O)OCC(C)O)O,806.9370000000004,-2.156399999999985,263.36999999999995,191.9313999999995,8,19,8,19,28,19,0.0418851092038745,0,324.1034302667962,969.4696650108864,3,False,False,IV,"{""Alcohol"": 1, ""Ether"": 1}"
hydroxyethyl cellulose (4000 mpa.s at 1%),CC(COCC1C(C(C(C(O1)OC2C(OC(C(C2OCC(C)O)OCC(C)O)OCC(C)O)COCC(C)O)OCC(C)O)OCC(C)O)OCC(C)O)O,806.9370000000004,-2.156399999999985,263.36999999999995,191.9313999999995,8,19,8,19,28,19,0.0418851092038745,0,324.1034302667962,969.4696650108864,3,False,False,IV,"{""Alcohol"": 1, ""Ether"": 1}"
hydroxyethyl cellulose (5000 cps at 1%),CC(COCC1C(C(C(C(O1)OC2C(OC(C(C2OCC(C)O)OCC(C)O)OCC(C)O)COCC(C)O)OCC(C)O)OCC(C)O)OCC(C)O)O,806.9370000000004,-2.156399999999985,263.36999999999995,191.9313999999995,8,19,8,19,28,19,0.0418851092038745,0,324.1034302667962,969.4696650108864,3,False,False,IV,"{""Alcohol"": 1, ""Ether"": 1}"
hydroxyethyl cellulose (5500 mpa.s at 2%),CC(COCC1C(C(C(C(O1)OC2C(OC(C(C2OCC(C)O)OCC(C)O)OCC(C)O)COCC(C)O)OCC(C)O)OCC(C)O)OCC(C)O)O,806.9370000000004,-2.156399999999985,263.36999999999995,191.9313999999995,8,19,8,19,28,19,0.0418851092038745,0,324.1034302667962,969.4696650108864,3,False,False,IV,"{""Alcohol"": 1, ""Ether"": 1}"
hydroxyethyl cellulose (6500 mpa.s at 2%),CC(COCC1C(C(C(C(O1)OC2C(OC(C(C2OCC(C)O)OCC(C)O)OCC(C)O)COCC(C)O)OCC(C)O)OCC(C)O)OCC(C)O)O,806.9370000000004,-2.156399999999985,263.36999999999995,191.9313999999995,8,19,8,19,28,19,0.0418851092038745,0,324.1034302667962,969.4696650108864,3,False,False,IV,"{""Alcohol"": 1, ""Ether"": 1}"
"hydroxyethyl cellulose, unspecified",CC(COCC1C(C(C(C(O1)OC2C(OC(C(C2OCC(C)O)OCC(C)O)OCC(C)O)COCC(C)O)OCC(C)O)OCC(C)O)OCC(C)O)O,806.9370000000004,-2.156399999999985,263.36999999999995,191.9313999999995,8,19,8,19,28,19,0.0418851092038745,0,324.1034302667962,969.4696650108864,3,False,False,IV,"{""Alcohol"": 1, ""Ether"": 1}"
hydroxyethylpiperazine ethane sulfonic acid,C1CN(CCN1CCO)CCS(=O)(=O)O,238.309,-1.5158999999999971,81.08,56.38140000000004,2,5,2,6,5,7,0.5664580841045198,0,90.23055177771992,272.366256651527,0,True,True,I,"{""Alcohol"": 1, ""Tertiary_Amine"": 1}"
hydroxylysine,C(C[C@@H](C(=O)O)N)[C@H](CN)O,162.189,-1.5018999999999985,109.57,39.9064,4,4,6,5,5,5,0.3929786066152814,0,64.99373259827381,128.99580316677543,0,True,True,I,"{""Alcohol"": 1, ""Carboxylic_Acid"": 1, ""Primary_Amine"": 1}"
hydroxymethyl cellulose,CC(=O)O.C(C(C(C(C(C=O)O)O)O)O)O.[Na],263.198,-3.668699999999998,155.51999999999998,56.24080000000003,6,7,6,8,5,9,0.2187548556372046,0,119.8015233181106,207.70185952129685,1,True,False,III,"{""Alcohol"": 1, ""Aldehyde"": 1, ""Carboxylic_Acid"": 1}"
hydroxyproline,C1[C@H](CN[C@@H]1C(=O)O)O,131.13099999999997,-1.2061999999999995,69.56,30.05029999999999,3,3,3,4,1,4,0.4175451335960042,0,52.493040119930576,125.3715149046361,0,True,True,I,"{""Alcohol"": 1, ""Carboxylic_Acid"": 1, ""Secondary_Amine"": 1}"
hydroxypropyl betadex,CC(COC[C@@H]1[C@@H]2C[C@H]([C@H](O1)O[C@@H]3[C@H](O[C@@H]([C@@H]([C@H]3O)OCC(C)O)O[C@@H]4[C@H](O[C@@H]([C@@H]([C@H]4O)OCC(C)O)O[C@@H]5[C@H](O[C@@H]([C@@H]([C@H]5O)O)O[C@@H]6[C@H](O[C@@H]([C@@H]([C@H]6O)O)O[C@@H]7[C@H](O[C@@H]([C@@H]([C@H]7OCC(C)O)O)O[C@@H]8[C@H](O[C@H](O2)[C@@H]([C@H]8O)O)COCC(C)O)CO)COCC(C)O)CO)CO)CO)O)O,1467.4680000000017,-11.770800000000044,589.2000000000003,319.5279999999999,20,40,20,40,25,40,0.0403537976002557,0,574.3797661830532,2321.265313979494,3,False,False,IV,"{""Alcohol"": 1, ""Ether"": 1}"
hydroxypropyl cellulose (110000 wamw),C[Si](C)(CCCO)Cl,152.697,1.8127,20.23,39.844800000000006,1,1,1,1,3,3,0.4833818303762242,0,56.38286658064196,59.93923454719788,0,True,True,I,"{""Alcohol"": 1, ""Chlorine"": 1}"
hydroxypropyl cellulose (1200000 wamw),C[Si](C)(CCCO)Cl,152.697,1.8127,20.23,39.844800000000006,1,1,1,1,3,3,0.4833818303762242,0,56.38286658064196,59.93923454719788,0,True,True,I,"{""Alcohol"": 1, ""Chlorine"": 1}"
hydroxypropyl cellulose (160000 wamw),C[Si](C)(CCCO)Cl,152.697,1.8127,20.23,39.844800000000006,1,1,1,1,3,3,0.4833818303762242,0,56.38286658064196,59.93923454719788,0,True,True,I,"{""Alcohol"": 1, ""Chlorine"": 1}"
hydroxypropyl cellulose (1600000 wamw),C[Si](C)(CCCO)Cl,152.697,1.8127,20.23,39.844800000000006,1,1,1,1,3,3,0.4833818303762242,0,56.38286658064196,59.93923454719788,0,True,True,I,"{""Alcohol"": 1, ""Chlorine"": 1}"
hydroxypropyl cellulose (20000 wamw),C[Si](C)(CCCO)Cl,152.697,1.8127,20.23,39.844800000000006,1,1,1,1,3,3,0.4833818303762242,0,56.38286658064196,59.93923454719788,0,True,True,I,"{""Alcohol"": 1, ""Chlorine"": 1}"
hydroxypropyl cellulose (430000 wamw),C[Si](C)(CCCO)Cl,152.697,1.8127,20.23,39.844800000000006,1,1,1,1,3,3,0.4833818303762242,0,56.38286658064196,59.93923454719788,0,True,True,I,"{""Alcohol"": 1, ""Chlorine"": 1}"
hydroxypropyl cellulose (45000 wamw),C[Si](C)(CCCO)Cl,152.697,1.8127,20.23,39.844800000000006,1,1,1,1,3,3,0.4833818303762242,0,56.38286658064196,59.93923454719788,0,True,True,I,"{""Alcohol"": 1, ""Chlorine"": 1}"
hydroxypropyl cellulose (70000 wamw),C[Si](C)(CCCO)Cl,152.697,1.8127,20.23,39.844800000000006,1,1,1,1,3,3,0.4833818303762242,0,56.38286658064196,59.93923454719788,0,True,True,I,"{""Alcohol"": 1, ""Chlorine"": 1}"
hydroxypropyl cellulose (90000 wamw),C[Si](C)(CCCO)Cl,152.697,1.8127,20.23,39.844800000000006,1,1,1,1,3,3,0.4833818303762242,0,56.38286658064196,59.93923454719788,0,True,True,I,"{""Alcohol"": 1, ""Chlorine"": 1}"
"hydroxypropyl cellulose, low substituted",CC(C)C[Si]12O[Si]3(O[Si](O1)(O[Si]4(O[Si]5(O[Si](O3)(O[Si](O2)(O[Si](O4)(O5)CC(C)C)CC(C)C)CC(C)C)CC(C)C)CC(C)C)CC(C)C)CCCO,875.5759999999993,7.739200000000009,130.99000000000004,213.0767999999992,1,13,1,13,17,21,0.1432552279476315,0,322.82291785517515,1229.1556879016716,3,False,False,IV,"{""Alcohol"": 1}"
"hydroxypropyl cellulose, unspecified",C[Si](C)(CCCO)Cl,152.697,1.8127,20.23,39.844800000000006,1,1,1,1,3,3,0.4833818303762242,0,56.38286658064196,59.93923454719788,0,True,True,I,"{""Alcohol"": 1, ""Chlorine"": 1}"
hypromellose 2208 (100 mpa.s),CC(CO)O.CC(=O)O.CO.C(CC(=O)O)C(=O)O,286.277,-1.0052999999999983,172.58999999999995,64.72480000000004,6,6,6,9,4,9,0.3783459341000801,0,110.29119233129413,207.0402168281892,1,True,False,III,"{""Alcohol"": 1, ""Carboxylic_Acid"": 1}"
hypromellose 2208 (100000 mpa.s),CC(CO)O.CC(=O)O.CO.C(CC(=O)O)C(=O)O,286.277,-1.0052999999999983,172.58999999999995,64.72480000000004,6,6,6,9,4,9,0.3783459341000801,0,110.29119233129413,207.0402168281892,1,True,False,III,"{""Alcohol"": 1, ""Carboxylic_Acid"": 1}"
hypromellose 2208 (15000 mpa.s),CC(CO)O.CC(=O)O.CO.C(CC(=O)O)C(=O)O,286.277,-1.0052999999999983,172.58999999999995,64.72480000000004,6,6,6,9,4,9,0.3783459341000801,0,110.29119233129413,207.0402168281892,1,True,False,III,"{""Alcohol"": 1, ""Carboxylic_Acid"": 1}"
hypromellose 2208 (200000 mpa.s),CC(CO)O.CC(=O)O.CO.C(CC(=O)O)C(=O)O,286.277,-1.0052999999999983,172.58999999999995,64.72480000000004,6,6,6,9,4,9,0.3783459341000801,0,110.29119233129413,207.0402168281892,1,True,False,III,"{""Alcohol"": 1, ""Carboxylic_Acid"": 1}"
hypromellose 2208 (3 mpa.s),CC(CO)O.CC(=O)O.CO.C(CC(=O)O)C(=O)O,286.277,-1.0052999999999983,172.58999999999995,64.72480000000004,6,6,6,9,4,9,0.3783459341000801,0,110.29119233129413,207.0402168281892,1,True,False,III,"{""Alcohol"": 1, ""Carboxylic_Acid"": 1}"
hypromellose 2208 (4 mpa.s),CC(CO)O.CC(=O)O.CO.C(CC(=O)O)C(=O)O,286.277,-1.0052999999999983,172.58999999999995,64.72480000000004,6,6,6,9,4,9,0.3783459341000801,0,110.29119233129413,207.0402168281892,1,True,False,III,"{""Alcohol"": 1, ""Carboxylic_Acid"": 1}"
hypromellose 2208 (4000 mpa.s),CC(CO)O.CC(=O)O.CO.C(CC(=O)O)C(=O)O,286.277,-1.0052999999999983,172.58999999999995,64.72480000000004,6,6,6,9,4,9,0.3783459341000801,0,110.29119233129413,207.0402168281892,1,True,False,III,"{""Alcohol"": 1, ""Carboxylic_Acid"": 1}"
hypromellose 2906 (4000 mpa.s),CC(CO)O.CC(=O)O.CO.C(CC(=O)O)C(=O)O,286.277,-1.0052999999999983,172.58999999999995,64.72480000000004,6,6,6,9,4,9,0.3783459341000801,0,110.29119233129413,207.0402168281892,1,True,False,III,"{""Alcohol"": 1, ""Carboxylic_Acid"": 1}"
hypromellose 2910 (10000 mpa.s),CC(CO)O.CC(=O)O.CO.C(CC(=O)O)C(=O)O,286.277,-1.0052999999999983,172.58999999999995,64.72480000000004,6,6,6,9,4,9,0.3783459341000801,0,110.29119233129413,207.0402168281892,1,True,False,III,"{""Alcohol"": 1, ""Carboxylic_Acid"": 1}"
hypromellose 2910 (15 mpa.s),CC(CO)O.CC(=O)O.CO.C(CC(=O)O)C(=O)O,286.277,-1.0052999999999983,172.58999999999995,64.72480000000004,6,6,6,9,4,9,0.3783459341000801,0,110.29119233129413,207.0402168281892,1,True,False,III,"{""Alcohol"": 1, ""Carboxylic_Acid"": 1}"
hypromellose 2910 (15000 mpa.s),CC(CO)O.CC(=O)O.CO.C(CC(=O)O)C(=O)O,286.277,-1.0052999999999983,172.58999999999995,64.72480000000004,6,6,6,9,4,9,0.3783459341000801,0,110.29119233129413,207.0402168281892,1,True,False,III,"{""Alcohol"": 1, ""Carboxylic_Acid"": 1}"
hypromellose 2910 (3 mpa.s),CC(CO)O.CC(=O)O.CO.C(CC(=O)O)C(=O)O,286.277,-1.0052999999999983,172.58999999999995,64.72480000000004,6,6,6,9,4,9,0.3783459341000801,0,110.29119233129413,207.0402168281892,1,True,False,III,"{""Alcohol"": 1, ""Carboxylic_Acid"": 1}"
hypromellose 2910 (4000 mpa.s),CC(CO)O.CC(=O)O.CO.C(CC(=O)O)C(=O)O,286.277,-1.0052999999999983,172.58999999999995,64.72480000000004,6,6,6,9,4,9,0.3783459341000801,0,110.29119233129413,207.0402168281892,1,True,False,III,"{""Alcohol"": 1, ""Carboxylic_Acid"": 1}"
hypromellose 2910 (5 mpa.s),CC(CO)O.CC(=O)O.CO.C(CC(=O)O)C(=O)O,286.277,-1.0052999999999983,172.58999999999995,64.72480000000004,6,6,6,9,4,9,0.3783459341000801,0,110.29119233129413,207.0402168281892,1,True,False,III,"{""Alcohol"": 1, ""Carboxylic_Acid"": 1}"
hypromellose 2910 (50 mpa.s),CC(CO)O.CC(=O)O.CO.C(CC(=O)O)C(=O)O,286.277,-1.0052999999999983,172.58999999999995,64.72480000000004,6,6,6,9,4,9,0.3783459341000801,0,110.29119233129413,207.0402168281892,1,True,False,III,"{""Alcohol"": 1, ""Carboxylic_Acid"": 1}"
hypromellose 2910 (6 mpa.s),CC(CO)O.CC(=O)O.CO.C(CC(=O)O)C(=O)O,286.277,-1.0052999999999983,172.58999999999995,64.72480000000004,6,6,6,9,4,9,0.3783459341000801,0,110.29119233129413,207.0402168281892,1,True,False,III,"{""Alcohol"": 1, ""Carboxylic_Acid"": 1}"
hypromellose acetate succinate 06081224 (3 mpa.s),CC(CO)O.CC(=O)O.CO.C(CC(=O)O)C(=O)O,286.277,-1.0052999999999983,172.58999999999995,64.72480000000004,6,6,6,9,4,9,0.3783459341000801,0,110.29119233129413,207.0402168281892,1,True,False,III,"{""Alcohol"": 1, ""Carboxylic_Acid"": 1}"
"hypromellose acetate succinate, unspecified",CC(CO)O.CC(=O)O.CO.C(CC(=O)O)C(=O)O,286.277,-1.0052999999999983,172.58999999999995,64.72480000000004,6,6,6,9,4,9,0.3783459341000801,0,110.29119233129413,207.0402168281892,1,True,False,III,"{""Alcohol"": 1, ""Carboxylic_Acid"": 1}"
"hypromellose, unspecified",CC(CO)O.CC(=O)O.CO.C(CC(=O)O)C(=O)O,286.277,-1.0052999999999983,172.58999999999995,64.72480000000004,6,6,6,9,4,9,0.3783459341000801,0,110.29119233129413,207.0402168281892,1,True,False,III,"{""Alcohol"": 1, ""Carboxylic_Acid"": 1}"
icodextrin,C([C@@H]1[C@@H]2[C@@H]([C@H]([C@H](O1)O[C@@H]3[C@H](O[C@@H]([C@@H]([C@H]3O)O)O[C@@H]4[C@H](O[C@@H]([C@@H]([C@H]4O)O)O[C@@H]5[C@H](O[C@@H]([C@@H]([C@H]5O)O)O[C@@H]6[C@H](O[C@@H]([C@@H]([C@H]6O)O)O[C@@H]7[C@H](O[C@@H]([C@@H]([C@H]7O)O)O[C@@H]8[C@H](O[C@@H]([C@@H]([C@H]8O)O)O[C@@H]9[C@H](O[C@H](O2)[C@@H]([C@H]9O)O)CO)CO)CO)CO)CO)CO)CO)O)O)O,1297.1280000000015,-17.406399999999977,633.2000000000003,261.0671999999994,24,40,24,40,8,40,0.1072896158845384,0,495.7173837475216,1704.4130590253585,3,False,False,IV,"{""Alcohol"": 1, ""Ether"": 1}"
icosapent,CC/C=C\C/C=C\C/C=C\C/C=C\C/C=C\CCCC(=O)O,302.458,5.9927000000000055,37.3,95.94580000000003,1,1,1,2,13,2,0.3348176579051081,0,135.1808918926836,397.93030678352864,1,False,False,IV,"{""Alkene"": 1, ""Carboxylic_Acid"": 1}"
imidurea,C(NC(=O)NC1C(=O)NC(=O)N1CO)NC(=O)NC2C(=O)NC(=O)N2CO,388.2970000000001,-4.802299999999996,221.54,80.70479999999999,8,8,8,16,6,16,0.162396889300519,10,149.7534504114468,627.2776763681841,1,True,False,III,"{""Alcohol"": 1, ""Amide"": 1, ""Urea"": 1}"
indigotindisulfonate sodium,C1=CC2=C(C=C1S(=O)(=O)[O-])C(=C(N2)C3=NC4=C(C3=O)C=C(C=C4)S(=O)(=O)[O-])O.[Na+].[Na+],466.3600000000001,-4.993199999999998,179.85,92.8594,2,9,2,10,3,14,0.2843638936655745,0,214.0385249571796,1443.3959038542257,0,True,False,III,"{""Benzene_Ring"": 1, ""Ketone"": 1, ""Phenol"": 1}"
inositol,C1(C(C(C(C(C1O)O)O)O)O)O,180.156,-3.834599999999999,121.38,36.04079999999999,6,6,6,6,0,6,0.226957499104292,0,68.32353295945941,103.58797503894242,1,True,True,I,"{""Alcohol"": 1}"
insulin human,CC[C@H](C)[C@H]1C(=O)N[C@H]2CSSC[C@@H](C(=O)N[C@@H](CSSC[C@@H](C(=O)NCC(=O)N[C@H](C(=O)N[C@H](C(=O)N[C@H](C(=O)N[C@H](C(=O)N[C@H](C(=O)N[C@H](C(=O)N[C@H](C(=O)N[C@H](C(=O)N[C@H](C(=O)N[C@H](C(=O)N[C@@H](CSSC[C@H](NC(=O)[C@@H](NC(=O)[C@@H](NC(=O)[C@@H](NC(=O)[C@@H](NC(=O)[C@@H](NC(=O)[C@@H](NC(=O)[C@@H](NC(=O)[C@@H](NC2=O)CO)CC(C)C)CC3=CC=C(C=C3)O)CCC(=O)N)CC(C)C)CCC(=O)O)CC(=O)N)CC4=CC=C(C=C4)O)C(=O)N[C@@H](CC(=O)N)C(=O)O)C(=O)NCC(=O)N[C@@H](CCC(=O)O)C(=O)N[C@@H](CCCNC(=N)N)C(=O)NCC(=O)N[C@@H](CC5=CC=CC=C5)C(=O)N[C@@H](CC6=CC=CC=C6)C(=O)N[C@@H](CC7=CC=C(C=C7)O)C(=O)N[C@@H]([C@@H](C)O)C(=O)N8CCC[C@H]8C(=O)N[C@@H](CCCCN)C(=O)N[C@@H]([C@@H](C)O)C(=O)O)C(C)C)CC(C)C)CC9=CC=C(C=C9)O)CC(C)C)C)CCC(=O)O)C(C)C)CC(C)C)CC2=CNC=N2)CO)NC(=O)[C@H](CC(C)C)NC(=O)[C@H](CC2=CNC=N2)NC(=O)[C@H](CCC(=O)N)NC(=O)[C@H](CC(=O)N)NC(=O)[C@H](C(C)C)NC(=O)[C@H](CC2=CC=CC=C2)N)C(=O)N[C@H](C(=O)N[C@H](C(=O)N1)CO)[C@@H](C)O)NC(=O)[C@H](CCC(=O)N)NC(=O)[C@H](CCC(=O)O)NC(=O)[C@H](C(C)C)NC(=O)[C@H]([C@@H](C)CC)NC(=O)CN,5807.670999999988,-19.37233000000035,2299.0700000000006,1463.1802000000089,78,83,88,142,126,148,0.0072833330733719,55,2355.287655205671,16525.940974183104,3,False,False,IV,"{""Alcohol"": 1, ""Amide"": 1, ""Benzene_Ring"": 1, ""Carboxylic_Acid"": 1, ""Phenol"": 1, ""Primary_Amine"": 1, ""Secondary_Amine"": 1}"
inulin,CCN1C[C@@]2(CC[C@@H]([C@@]34[C@@H]2[C@@H]([C@@](C31)([C@]5(C[C@@H]([C@H]6C[C@@H]4[C@@H]5[C@H]6OC)OC)O)O)OC)OC)COC(=O)C7=CC=CC=C7N,586.7260000000002,1.717900000000002,132.94000000000003,152.55349999999987,3,10,4,10,8,10,0.3055403740456384,0,247.3023512918197,1248.6224258656453,1,False,True,II,"{""Alcohol"": 1, ""Benzene_Ring"": 1, ""Ester"": 1, ""Ether"": 1, ""Primary_Amine"": 1, ""Tertiary_Amine"": 1}"
inulin lauryl carbamate,CC(C)(C)OC(=O)NC1=CC=CO1,183.207,2.6266000000000007,51.47,48.56470000000002,1,3,1,4,1,4,0.7276297807517845,1,76.87537246871554,271.54996286697656,0,True,True,I,"{""Carbamate"": 1, ""Ester"": 1, ""Ether"": 1}"
invert sugar,C(C(C(C(C(C=O)O)O)O)O)O.C(C(C(C(C(=O)CO)O)O)O)O,360.31200000000007,-6.755999999999991,236.44,74.376,10,12,10,12,10,12,0.163556824454819,0,136.0248271617691,350.93001187765793,2,True,False,III,"{""Alcohol"": 1, ""Aldehyde"": 1, ""Ketone"": 1}"
iodopropynyl butylcarbamate,CCCCNC(=O)OCC#CI,281.093,1.9086,38.33,56.054700000000025,1,2,1,3,4,4,0.4854066239387512,1,86.3798388546674,183.23221925887145,0,True,True,I,"{""Alkyne"": 1, ""Carbamate"": 1, ""Ester"": 1, ""Ether"": 1, ""Iodine"": 1}"
iron,[Fe],55.845,-0.0025,0.0,0.0,0,0,0,0,0,1,0.3423739914405948,0,17.964098032124472,0.0,0,True,True,I,{}
isoamyl acetate,CC(C)CCOC(=O)C,130.18699999999998,1.5956,26.3,36.088,0,2,0,2,3,2,0.5422095914375367,0,56.20397104375984,86.91694057588533,0,True,True,I,"{""Ester"": 1, ""Ether"": 1}"
isobutane,CC(C)C,58.124,1.6623,0.0,20.512,0,0,0,0,0,0,0.3971180036971562,0,27.83407737101937,4.754887502163469,0,True,True,I,{}
isobutyl alcohol,CC(C)CO,74.12299999999999,0.6347,20.23,21.9238,1,1,1,1,1,1,0.4834802442445536,0,32.62831112321538,17.609640474436812,0,True,True,I,"{""Alcohol"": 1}"
isobutylparaben,CC(C)COC(=O)C1=CC=C(C=C1)O,194.23,2.2050000000000005,46.53,53.22730000000004,1,3,1,3,3,3,0.7501787491095314,0,83.32541477322667,300.81361205191496,0,True,True,I,"{""Benzene_Ring"": 1, ""Ester"": 1, ""Ether"": 1, ""Phenol"": 1}"
isoceteth-20,CCCCCCCCCCCCCCCCCC(=O)OCCCCCCCCCCCCCC(C)C,508.91600000000057,12.128299999999983,26.3,160.74699999999973,0,2,0,2,30,2,0.071176194699548,0,228.0574081324684,417.4049365206669,2,False,False,IV,"{""Ester"": 1, ""Ether"": 1}"
isododecane,CC(CC(C)(C)C)CC(C)(C)C,170.33999999999995,4.494900000000004,0.0,57.30800000000005,0,0,0,0,2,0,0.5723496113021965,0,78.75361428619222,103.95418659385768,0,True,True,I,{}
isohexadecane,CC(C)CCCCCCCCCCCC=C,224.432,6.119500000000007,0.0,75.82200000000006,0,0,0,0,12,0,0.2765938348262468,0,103.52377971159444,134.97373660251156,1,False,False,IV,"{""Alkene"": 1}"
isoleucine,CC[C@H](C)[C@@H](C(=O)O)N,131.17499999999995,0.4443999999999999,63.31999999999999,35.06619999999998,2,2,3,3,3,3,0.5839472301812021,0,54.85960814906508,103.23098268032228,0,True,True,I,"{""Carboxylic_Acid"": 1, ""Primary_Amine"": 1}"
isomalt,C([C@@H]1[C@H]([C@@H]([C@H]([C@H](O1)OC[C@H]([C@H]([C@@H](C(CO)O)O)O)O)O)O)O)O,344.31300000000005,-5.761199999999993,200.53,70.83220000000003,9,11,9,11,8,11,0.2029803994672465,0,131.12297736144092,340.9686271756471,2,True,False,III,"{""Alcohol"": 1, ""Ether"": 1}"
isomethyl-.alpha.-ionone,CC1=CCCC(C1/C=C(\C)/C(=O)C)(C)C,206.329,3.904200000000003,17.07,64.70000000000005,0,1,0,1,2,1,0.4943773229770413,0,93.25998339713148,318.2304019029793,0,True,True,I,"{""Alkene"": 1, ""Ketone"": 1}"
isononyl isononanoate,CC(CCOC(=O)CC(C)CC(C)(C)C)CC(C)(C)C,284.484,5.454400000000006,26.3,86.66500000000008,0,2,0,2,7,2,0.5806334553615468,0,126.21833430212251,280.7737975996429,1,False,False,IV,"{""Ester"": 1, ""Ether"": 1}"
isopropyl acetate,CC(C)OC(=O)C,102.133,0.9579,26.3,26.901999999999987,0,2,0,2,1,2,0.4607479829633908,0,43.47408681496662,66.48040587771368,0,True,True,I,"{""Ester"": 1, ""Ether"": 1}"
isopropyl alcohol,CC(C)O,60.096,0.3871,20.23,17.354800000000004,1,1,1,1,0,1,0.4284047940316283,0,26.26336900881877,8.0,0,True,True,I,"{""Alcohol"": 1}"
isopropyl isostearate,CC(C)CCCCCCCCCCCCCCC(=O)OC(C)C,326.565,7.0554000000000086,26.3,100.7040000000001,0,2,0,2,16,2,0.2241194144127893,0,145.31316064531242,258.5671842277847,1,False,False,IV,"{""Ester"": 1, ""Ether"": 1}"
isopropyl myristate,CCCCCCCCCCCCCC(=O)OC(C)C,270.45699999999994,5.639100000000005,26.3,82.30600000000007,0,2,0,2,13,2,0.3196422387833502,0,119.85339218772594,199.43874567421344,1,False,False,IV,"{""Ester"": 1, ""Ether"": 1}"
isopropyl palmitate,CCCCCCCCCCCCCCCC(=O)OC(C)C,298.511,6.419300000000007,26.3,91.54000000000008,0,2,0,2,15,2,0.2574357174614592,0,132.58327641651917,223.6062431575413,1,False,False,IV,"{""Ester"": 1, ""Ether"": 1}"
isostearic acid,CCCCCCCCCCCCCCCCCC(=O)O,284.4839999999999,6.332500000000007,37.3,87.18180000000008,1,1,1,2,16,2,0.3360419785922725,0,125.89902282481172,201.5949030918267,1,False,False,IV,"{""Carboxylic_Acid"": 1}"
isostearyl alcohol,CC(C)CCCCCCCCCCCCCCCO,270.50099999999986,6.096100000000007,20.23,86.56180000000008,1,1,1,1,15,1,0.3566145111706689,0,121.73750072476794,153.76927278138976,1,False,False,IV,"{""Alcohol"": 1}"
isotonic sodium chloride solution,[Na+].[Cl-],58.443,-5.992,0.0,0.0,0,0,0,0,0,2,0.2433924207514857,0,41.93497063516508,2.0,0,True,True,I,"{""Chlorine"": 1}"
jojoba oil,C[N+]1=CC=CC2=C1N=C(O2)/C=C/3\C4=CC=CC=C4N(C=C3)CCC[N+](CCC[N+](CCCN5C6=CC=CC=C6/C(=C\C7=NC8=C(O7)C=CC=[N+]8C)/C=C5)(C)C)(C)C.[I-].[I-].[I-].[I-],1272.6350000000002,-4.594100000000013,66.3,229.50379999999933,0,6,0,10,14,14,0.0623349188918066,0,428.51124974215577,2367.1541098603766,1,False,True,II,"{""Alkene"": 1, ""Benzene_Ring"": 1, ""Iodine"": 1, ""Pyridine_Ring"": 1, ""Tertiary_Amine"": 1}"
kaolin,O.O.[O-][Si]([O-])([O-])O[Si]([O-])([O-])[O-].[Al+3].[Al+3],258.159,-10.375,210.59,31.328599999999994,0,7,4,9,2,13,0.4352160112873444,0,96.71039221893828,80.7682739858679,0,True,False,III,{}
kojic acid,C1=C(OC=C(C1=O)O)CO,142.11,-0.1623,70.67,32.56559999999999,2,4,2,4,1,4,0.5710344964963259,0,56.3511516623384,275.3214597066216,0,True,True,I,"{""Alcohol"": 1, ""Phenol"": 1}"
kojic dipalmitate,CCCCCCCCCCCCCCCC(=O)OC1=CC(=O)C(=CO1)OC(=O)CCCCCCCCCCCCCCC,604.913,11.413199999999987,82.81,176.87199999999947,0,6,0,6,30,6,0.0641351150627824,0,262.6260243633426,860.9092731255558,2,False,False,IV,"{""Ester"": 1, ""Ether"": 1}"
kollidon sr,CC1=CC(=NC(=C1)C)C,121.183,2.00686,12.89,38.44800000000001,0,1,0,1,0,1,0.5113064466209859,0,55.74587744363329,165.32984016148868,0,True,True,I,"{""Pyridine_Ring"": 1}"
kukui nut oil,COC1=C(C=CC(=C1O)C(=O)/C=C/C2=CC=C(C=C2)O)O,286.283,2.7081000000000017,86.99000000000001,77.79490000000001,3,5,3,5,4,5,0.5939334348171637,0,120.91643133710188,686.5586782554752,0,True,True,I,"{""Alkene"": 1, ""Benzene_Ring"": 1, ""Ether"": 1, ""Ketone"": 1, ""Phenol"": 1}"
lactic acid,CC(C(=O)O)O,90.078,-0.5482,57.53,19.3166,2,2,2,3,1,3,0.4539359506472031,0,35.21912486105855,57.058650025961626,0,True,True,I,"{""Alcohol"": 1, ""Carboxylic_Acid"": 1}"
"lactic acid lactate, dl-",CC(C(=O)OC(C)C(=O)O)O,162.141,-0.6164999999999998,83.83000000000001,34.87059999999999,2,4,2,5,3,5,0.5402933505522456,0,63.589018533799006,162.3555778371028,0,True,True,I,"{""Alcohol"": 1, ""Carboxylic_Acid"": 1, ""Ester"": 1, ""Ether"": 1}"
"lactic acid, dl-",CC(C(=O)O)O,90.078,-0.5482,57.53,19.3166,2,2,2,3,1,3,0.4539359506472031,0,35.21912486105855,57.058650025961626,0,True,True,I,"{""Alcohol"": 1, ""Carboxylic_Acid"": 1}"
"lactic acid, l-",C[C@@H](C(=O)O)O,90.078,-0.5482,57.53,19.3166,2,2,2,3,1,3,0.4539359506472031,0,35.21912486105855,57.058650025961626,0,True,True,I,"{""Alcohol"": 1, ""Carboxylic_Acid"": 1}"
lactitol monohydrate,C([C@@H]1[C@@H]([C@@H]([C@H]([C@@H](O1)O[C@H]([C@@H](CO)O)[C@@H]([C@H](CO)O)O)O)O)O)O.O,362.328,-6.585899999999992,232.03,74.44600000000001,9,11,11,12,8,12,0.19674797982189,0,136.6037307898553,341.99999999999994,2,True,False,III,"{""Alcohol"": 1, ""Ether"": 1}"
lactose monohydrate,C([C@@H]1[C@@H]([C@@H]([C@H]([C@@H](O1)O[C@@H]2[C@H](O[C@@H]([C@@H]([C@H]2O)O)O)CO)O)O)O)O.O,360.31200000000007,-6.221899999999992,221.03,72.23320000000002,8,11,10,12,4,12,0.2353737122278093,0,135.9172111136369,379.0498111861477,2,True,False,III,"{""Alcohol"": 1, ""Ether"": 1}"
"lactose, unspecified form",C([C@@H]1[C@@H]([C@@H]([C@H]([C@@H](O1)O[C@@H]2[C@H](OC([C@@H]([C@H]2O)O)O)CO)O)O)O)O,342.297,-5.397199999999994,189.53,68.61940000000003,8,11,8,11,4,11,0.2432584676077655,0,130.43645768522254,378.0184383617949,2,True,False,III,"{""Alcohol"": 1, ""Ether"": 1}"
lanolin,C[N@@+]12CCC3=CC(=C(C=C3[C@@H]1CC4=C(C2)C(=C(C=C4)OC)O)O)OC,342.415,2.9151000000000016,58.92,94.22200000000004,2,4,2,5,2,5,0.8241435202475623,0,147.1817350538799,848.0751772253556,0,True,True,I,"{""Benzene_Ring"": 1, ""Ether"": 1, ""Phenol"": 1}"
lanolin alcohols,CC/C=C\C/C=C\C/C=C\CCCCCCCCO,264.45299999999986,5.568200000000006,20.23,86.34980000000006,1,1,1,1,13,1,0.3404942493560671,0,119.66869162821516,238.07483807280337,1,False,False,IV,"{""Alcohol"": 1, ""Alkene"": 1}"
lanolin oil,C[C@H](CCCC(C)C)[C@H]1CC[C@@]2([C@@]1(CCC3=C2CC[C@@H]4[C@@]3(CC[C@@H](C4(C)C)O)C)C)C,428.7450000000002,8.559000000000006,20.23,132.90380000000005,1,1,1,1,5,1,0.4347189590240291,0,193.4038784512261,715.9233229364096,1,False,False,IV,"{""Alcohol"": 1, ""Alkene"": 1}"
laponite,[Li+].[Li+].[OH-].[OH-].[OH-].[OH-].[OH-].[OH-].[OH-].[OH-].[OH-].[OH-].[OH-].[OH-].[O-][Si]12O[Si]3(O[Si](O1)(O[Si](O2)(O3)[O-])[O-])[O-].[O-][Si]12O[Si]3(O[Si](O1)(O[Si](O2)(O3)[O-])[O-])[O-].[O-][Si]12O[Si]3(O[Si](O1)(O[Si](O2)(O3)[O-])[O-])[O-].[O-][Si]12O[Si]3(O[Si](O1)(O[Si](O2)(O3)[O-])[O-])[O-].[O-][Si]12O[Si]3(O[Si](O1)(O[Si](O2)(O3)[O-])[O-])[O-].[O-][Si]12O[Si]3(O[Si](O1)(O[Si](O2)(O3)[O-])[O-])[O-].[Na+].[Na+].[Mg+2].[Mg+2].[Mg+2].[Mg+2].[Mg+2].[Mg+2].[Mg+2].[Mg+2].[Mg+2].[Mg+2].[Mg+2].[Mg+2].[Mg+2].[Mg+2].[Mg+2].[Mg+2],2286.8300000000004,-60.33600000000003,1245.7199999999996,292.44960000000026,0,72,12,72,0,116,0.2032498936346114,0,992.9402792645496,1795.7327097327106,2,False,False,IV,{}
lauramine oxide,CCCCCCCCCCCC[N+](C)(C)[O-],229.408,4.481500000000004,23.06,72.18640000000006,0,1,0,2,11,2,0.2908599141948367,0,102.20157592345817,140.16099268937816,0,True,True,I,{}
laureth-12,CCCCCCCCCCCCOCCOCCOCCOCCOCCOCCOCCOCCOCCOCCOCCOCCO,714.9750000000001,4.0988000000000095,130.99000000000004,188.7577999999993,1,13,1,13,46,13,0.0909665184059973,0,297.6690015379896,517.0291180315857,2,False,True,II,"{""Alcohol"": 1, ""Ether"": 1}"
laureth-2,CCCCCCCCCCCCOCCOCCO,274.44499999999994,3.9328000000000034,38.69,80.56780000000006,1,3,1,3,16,3,0.4333615976080375,0,119.2347069549885,134.9294718557762,0,True,True,I,"{""Alcohol"": 1, ""Ether"": 1}"
laureth-23,CCCCCCCCCCCCOCCOCCO,274.44499999999994,3.9328000000000034,38.69,80.56780000000006,1,3,1,3,16,3,0.4333615976080375,0,119.2347069549885,134.9294718557762,0,True,True,I,"{""Alcohol"": 1, ""Ether"": 1}"
laureth-4,CCCCCCCCCCCCOCCOCCO,274.44499999999994,3.9328000000000034,38.69,80.56780000000006,1,3,1,3,16,3,0.4333615976080375,0,119.2347069549885,134.9294718557762,0,True,True,I,"{""Alcohol"": 1, ""Ether"": 1}"
laureth-7,CCCCCCCCCCCCOCCOCCO,274.44499999999994,3.9328000000000034,38.69,80.56780000000006,1,3,1,3,16,3,0.4333615976080375,0,119.2347069549885,134.9294718557762,0,True,True,I,"{""Alcohol"": 1, ""Ether"": 1}"
lauric diethanolamide,CCCCCCCCCCCC(=O)N(CCO)CCO,287.444,2.720500000000001,60.77000000000001,82.59560000000005,2,3,2,4,14,4,0.4829165123572757,1,123.72320601841788,215.7675243742064,0,True,True,I,"{""Alcohol"": 1, ""Amide"": 1}"
lauroyl peg-32 glycerides,CCCCCCCCCCCC(=O)OC(CO)CO,274.40099999999995,2.8037000000000014,66.76,75.89560000000004,2,4,2,4,13,4,0.400176373452436,0,116.71197546332476,202.32225504134132,0,True,True,I,"{""Alcohol"": 1, ""Ester"": 1, ""Ether"": 1}"
lauryl lactate,CCCCCCCCCCCCOC(=O)C(C)O,258.402,3.831300000000003,46.53,74.48380000000006,1,3,1,3,12,3,0.4272548682419908,0,111.91774171112876,190.1777353463783,0,True,True,I,"{""Alcohol"": 1, ""Ester"": 1, ""Ether"": 1}"
lauryl laurate,CCCCCCCCCCCCOC(=O)CCCCCCCCCCC,368.6460000000002,8.371400000000007,26.3,114.6470000000001,0,2,0,2,21,2,0.1501327260944641,0,164.40798698850224,275.3842082895865,1,False,False,IV,"{""Ester"": 1, ""Ether"": 1}"
lauryl sulfate,CCCCCCCCCCCCOS(=O)(=O)O,266.403,3.726700000000002,63.60000000000001,69.34460000000006,1,3,1,4,12,5,0.4316509402014865,0,105.70479940179776,249.23124340942925,0,True,True,I,{}
lavender oil,CC1(CCC(=O)O1)C=C,126.155,1.2681,26.3,33.92799999999999,0,2,0,2,1,2,0.3903694688016177,0,54.50853685804636,150.99514061050084,0,True,True,I,"{""Alkene"": 1, ""Ester"": 1, ""Ether"": 1}"
"lecithin, soybean",CCCCCC(=O)OCC(COP(=O)([O-])OCC[N+](C)(C)C)OC(=O)CCCCC,453.5130000000004,2.8098,111.19,111.5329000000001,0,8,0,9,18,10,0.1348077760008175,0,180.76402590294995,535.3897330238793,0,True,True,I,"{""Ester"": 1, ""Ether"": 1}"
"lecithin, sunflower",CCCCCC(=O)OCC(COP(=O)([O-])OCC[N+](C)(C)C)OC(=O)CCCCC,453.5130000000004,2.8098,111.19,111.5329000000001,0,8,0,9,18,10,0.1348077760008175,0,180.76402590294995,535.3897330238793,0,True,True,I,"{""Ester"": 1, ""Ether"": 1}"
lemon,CC(=CCC/C(=C/CO)/C)C,154.253,2.671400000000001,20.23,49.50780000000003,1,1,1,1,4,1,0.6171312932317708,0,69.43875774522651,150.25571236699292,0,True,True,I,"{""Alcohol"": 1, ""Alkene"": 1}"
lemon oil,CC(=CCC/C(=C/CO)/C)C,154.253,2.671400000000001,20.23,49.50780000000003,1,1,1,1,4,1,0.6171312932317708,0,69.43875774522651,150.25571236699292,0,True,True,I,"{""Alcohol"": 1, ""Alkene"": 1}"
leucine,CC(C)C[C@@H](C(=O)O)N,131.17499999999995,0.4443999999999999,63.31999999999999,35.06619999999998,2,2,3,3,3,3,0.5839472301812021,0,54.85960814906508,101.23098268032228,0,True,True,I,"{""Carboxylic_Acid"": 1, ""Primary_Amine"": 1}"
levomenol,CC1=CC[C@H](CC1)[C@](C)(CCC=C(C)C)O,222.372,4.230200000000004,20.23,70.38680000000004,1,1,1,1,4,1,0.7056993465961422,0,100.25763716368034,279.8100768023833,0,True,True,I,"{""Alcohol"": 1, ""Alkene"": 1}"
levomenthol,C[C@@H]1CC[C@H]([C@@H](C1)O)C(C)C,156.26899999999998,2.4395000000000007,20.23,47.34980000000002,1,1,1,1,1,1,0.6179494584335713,0,69.8121326560658,120.0411847243922,0,True,True,I,"{""Alcohol"": 1}"
levulinic acid,CC(=O)CCC(=O)O,116.116,0.4402,54.370000000000005,27.550799999999988,1,2,1,3,3,3,0.5816626924315285,0,47.31629743769952,92.24140984101264,0,True,True,I,"{""Carboxylic_Acid"": 1, ""Ketone"": 1}"
licorice,C[C@]12CC[C@](C[C@H]1C3=CC(=O)[C@@H]4[C@]5(CC[C@@H]([C@]([C@@H]5CC[C@]4([C@@]3(CC2)C)C)(C)CO)O[C@H]6[C@@H]([C@H]([C@@H]([C@H](O6)C(=O)O)O)O)O[C@H]7[C@@H]([C@H]([C@@H]([C@H](O7)C(=O)O)O)O)O)C)(C)C(=O)O,838.9410000000008,1.2180000000000053,287.27,200.8501999999994,9,14,9,17,8,17,0.1553797438442418,0,342.2198296991683,1753.752424830329,3,False,False,IV,"{""Alcohol"": 1, ""Alkene"": 1, ""Carboxylic_Acid"": 1, ""Ether"": 1, ""Ketone"": 1}"
lidocaine hydrochloride,CCN(CC)CC(=O)NC1=C(C=CC=C1C)C.Cl,270.804,3.005540000000002,32.34,79.58170000000004,1,2,1,3,5,4,0.8920955668269197,1,115.97525124107445,369.1304232836145,0,True,True,I,"{""Amide"": 1, ""Benzene_Ring"": 1, ""Chlorine"": 1, ""Tertiary_Amine"": 1}"
light mineral oil,C1=CC=CC=C1,78.11399999999999,1.6866,0.0,26.442,0,0,0,0,0,0,0.4426283718993647,0,37.43140311949697,71.96100505779535,0,True,True,I,"{""Benzene_Ring"": 1}"
lime,O=[Ca],56.077000000000005,-0.4996,17.07,6.440499999999999,0,1,0,1,0,2,0.3418504076552668,0,37.06721303913179,2.0,0,True,True,I,{}
lime (citrus),C1=CC(=C(C=C1Cl)Cl)OCC(=O)O,221.039,2.4567999999999994,46.53,49.59280000000001,1,2,1,3,3,5,0.85199274417323,0,84.8371208838002,325.16521978178946,0,True,True,I,"{""Benzene_Ring"": 1, ""Carboxylic_Acid"": 1, ""Chlorine"": 1, ""Ether"": 1}"
"limonene, (+)-",CC1=CC[C@@H](CC1)C(=C)C,136.238,3.308900000000002,0.0,45.91200000000003,0,0,0,0,1,0,0.4850344915595159,0,63.63869283950128,162.8771237954945,0,True,True,I,"{""Alkene"": 1}"
"limonene, (+/-)-",CC1=CCC(CC1)C(=C)C,136.238,3.308900000000002,0.0,45.91200000000003,0,0,0,0,1,0,0.4850344915595159,0,63.63869283950128,162.8771237954945,0,True,True,I,"{""Alkene"": 1}"
"linalool, (+/-)-",CC(=CCCC(C)(C=C)O)C,154.253,2.6698000000000013,20.23,49.485800000000026,1,1,1,1,4,1,0.6171290071333285,0,69.43875774522651,150.25571236699292,0,True,True,I,"{""Alcohol"": 1, ""Alkene"": 1}"
lingonberry,CC1=CC2=C(C(=C1)O)C(=O)C3=C(C2=O)C=C(C=C3O)O,270.23999999999995,1.88722,94.83,69.4804,3,5,3,5,0,5,0.5794952297659434,0,113.28323797189718,725.8362617815494,0,True,True,I,"{""Benzene_Ring"": 1, ""Ketone"": 1, ""Phenol"": 1}"
linseed oil,CCCCCC/C=C\C=C\CCCCCCCC(=O)O,280.4519999999999,5.884500000000006,37.3,86.99380000000006,1,1,1,2,14,2,0.3182616134760952,0,124.5198167604432,266.5917875070114,1,False,False,IV,"{""Alkene"": 1, ""Carboxylic_Acid"": 1}"
liothyronine,C1=CC(=C(C=C1OC2=C(C=C(C=C2I)C[C@@H](C(=O)O)N)I)I)O,650.9760000000001,3.9527000000000014,92.78,112.08900000000004,3,4,4,5,5,8,0.4267101714465896,0,173.5722635628371,728.4921149657531,1,False,True,II,"{""Benzene_Ring"": 1, ""Carboxylic_Acid"": 1, ""Ether"": 1, ""Iodine"": 1, ""Phenol"": 1, ""Primary_Amine"": 1}"
luprostiol,C1[C@H]([C@H]([C@@H]([C@H]1O)SC[C@@H](COC2=CC(=CC=C2)Cl)O)C/C=C\CCCC(=O)O)O,444.9770000000002,3.124400000000001,107.22,114.56420000000008,4,6,4,6,12,8,0.2895580868226426,0,180.0884792403142,670.3263331331168,0,True,True,I,"{""Alcohol"": 1, ""Alkene"": 1, ""Benzene_Ring"": 1, ""Carboxylic_Acid"": 1, ""Chlorine"": 1, ""Ether"": 1, ""Sulfide"": 1}"
lysine,C(CCN)C[C@@H](C(=O)O)N,146.19,-0.4726999999999987,89.34,38.5166,3,3,5,4,5,4,0.4571771584965571,0,60.1994988460778,105.9209386162151,0,True,True,I,"{""Carboxylic_Acid"": 1, ""Primary_Amine"": 1}"
lysine hydrochloride,C(CCN)C[C@@H](C(=O)O)N.Cl,182.651,-0.0509,89.34,45.76460000000001,3,3,5,4,5,5,0.5204164567238994,0,72.35259209862721,110.75540547235174,0,True,True,I,"{""Carboxylic_Acid"": 1, ""Chlorine"": 1, ""Primary_Amine"": 1}"
lysine monohydrate,C(CCN)C[C@@H](C(=O)O)N.O,164.20499999999998,-1.2973999999999986,120.84,42.1304,3,3,7,5,5,5,0.4371357653862599,0,65.68025227449216,108.00051797018828,0,True,True,I,"{""Carboxylic_Acid"": 1, ""Primary_Amine"": 1}"
"lysophosphatidylcholine, soybean",CC(=O)OC[C@H](COP(=O)([O-])OCC[N+](C)(C)C)O,299.26,-0.8817999999999988,105.12,65.04970000000004,1,7,1,8,9,9,0.3345940453282057,0,112.63377118162924,328.3300823478244,0,True,True,I,"{""Alcohol"": 1, ""Ester"": 1, ""Ether"": 1}"
lysyllysyllysine,C(CCN)C[C@@H](C(=O)N[C@@H](CCCCN)C(=O)N[C@@H](CCCCN)C(=O)O)N,402.5400000000002,-1.2450999999999937,199.58,108.18880000000006,7,7,11,10,17,10,0.1462855748206782,2,166.68135418016615,463.35677716600736,1,True,False,III,"{""Amide"": 1, ""Carboxylic_Acid"": 1, ""Primary_Amine"": 1}"
magaldrate anhydrous,[OH-].[OH-].[OH-].[OH-].[OH-].[OH-].[OH-].[OH-].[OH-].[OH-].[OH-].[OH-].[OH-].[OH-].[OH-].[OH-].[OH-].[OH-].[OH-].[OH-].[OH-].[OH-].[OH-].[OH-].[OH-].[OH-].[OH-].[OH-].[OH-].[OH-].[OH-].[O-]S(=O)(=O)[O-].[O-]S(=O)(=O)[O-].[Mg+2].[Mg+2].[Mg+2].[Mg+2].[Mg+2].[Mg+2].[Mg+2].[Mg+2].[Mg+2].[Mg+2].[Al+3].[Al+3].[Al+3].[Al+3].[Al+3],1097.3029999999997,-13.868799999999986,1090.5199999999998,167.26899999999986,0,39,31,39,0,56,0.1234432316960657,0,533.6137666652936,268.66570341279885,2,False,False,IV,{}
magnesium,[Mg],24.305,-0.3808,0.0,5.754,0,0,0,0,0,1,0.3158896948418247,0,23.638373567999984,0.0,0,True,True,I,{}
magnesium acetate,CC(=O)[O-].CC(=O)[O-].[Mg+2],142.393,-2.8683999999999985,80.25999999999999,27.116,0,4,0,4,0,5,0.3406327977098403,0,69.02131603712442,70.56842503028855,0,True,True,I,{}
magnesium aluminometasilicate type i-a,[O-2].[O-2].[O-2].[O-2].[O-2].[O-2].[Mg+2].[Al+3].[Al+3].[Si+4],202.349,-2.236,171.0,27.135,0,0,0,6,0,10,0.3869573242519989,0,101.04343699657876,15.709505944546686,0,True,False,III,{}
magnesium aluminometasilicate type i-b,[O-2].[O-2].[O-2].[O-2].[O-2].[O-2].[Mg+2].[Al+3].[Al+3].[Si+4],202.349,-2.236,171.0,27.135,0,0,0,6,0,10,0.3869573242519989,0,101.04343699657876,15.709505944546686,0,True,False,III,{}
magnesium aluminum silicate,[O-][Si]([O-])([O-])[O-].[Mg+2].[Al+3],143.369,-5.8984,92.24,17.262,0,4,0,4,0,7,0.3157191256002695,0,68.56895408331008,27.161259458730164,0,True,True,I,{}
magnesium aluminum silicate type ia,O.[O-2].[Mg+2].[Al+3].[Si+4],113.387,-2.0859,60.0,21.5623,0,0,2,2,0,5,0.3236855865613792,0,62.24691029093454,9.609640474436812,0,True,True,I,{}
magnesium aluminum silicate type ic,O.[O-2].[Mg+2].[Al+3].[Si+4],113.387,-2.0859,60.0,21.5623,0,0,2,2,0,5,0.3236855865613792,0,62.24691029093454,9.609640474436812,0,True,True,I,{}
magnesium aluminum silicate type iia,O.[O-2].[Mg+2].[Al+3].[Si+4],113.387,-2.0859,60.0,21.5623,0,0,2,2,0,5,0.3236855865613792,0,62.24691029093454,9.609640474436812,0,True,True,I,{}
magnesium ascorbate,C([C@@H]([C@@H]1C(=C(C(=O)O1)[O-])O)O)O.C([C@@H]([C@@H]1C(=C(C(=O)O1)[O-])O)O)O.[Mg+2],374.537,-5.590999999999996,220.1,71.00880000000001,6,12,6,12,4,13,0.200136507389101,0,155.5424775530602,520.4429237045329,2,True,False,III,"{""Alcohol"": 1, ""Alkene"": 1, ""Ester"": 1, ""Ether"": 1}"
magnesium carbonate,C(=O)([O-])[O-].[Mg+2],84.313,-2.8278,63.19,11.15,0,3,0,3,0,4,0.2972766004843957,0,44.759136440361615,29.87430298092722,0,True,True,I,{}
magnesium chloride,[Mg+2].[Cl-].[Cl-],95.211,-6.3728,0.0,5.754,0,0,0,0,0,3,0.2625521333619904,0,47.94456007309881,2.754887502163468,0,True,True,I,"{""Chlorine"": 1}"
magnesium disodium edta,C(CN(CC(=O)[O-])CC(=O)[O-])N(CC(=O)[O-])CC(=O)[O-].[Na+].[Na+].[Mg+2],358.497,-13.782800000000009,167.0,58.66200000000002,0,10,0,10,11,13,0.3232831496279049,0,192.46311586028503,331.0572441442842,0,True,False,III,"{""Tertiary_Amine"": 1}"
magnesium hydroxide,[OH-].[OH-].[Mg+2],58.319,-0.7343999999999999,60.0,9.6256,0,2,2,2,0,3,0.3446111519752743,0,34.59988042482873,2.754887502163468,0,True,True,I,{}
magnesium l-threonate,C([C@@H]([C@H](C(=O)[O-])O)O)O.C([C@@H]([C@H](C(=O)[O-])O)O)O.[Mg+2],294.49499999999995,-7.479999999999995,201.64,53.96680000000003,6,10,6,10,6,11,0.2552792991275643,0,123.24648700788696,233.91420714989133,1,True,False,III,"{""Alcohol"": 1}"
magnesium oxide,O=[Mg],40.304,-0.4996,17.07,6.440499999999999,0,1,0,1,0,2,0.3329664784220224,0,25.4526732223628,2.0,0,True,True,I,{}
magnesium palmitostearate,CCCCCCCCCCCCCCCCCC(=O)[O-].CCCCCCCCCCCCCCCC(=O)[O-].[Mg+2],563.2030000000005,8.834600000000004,80.25999999999999,165.62599999999966,0,4,0,4,30,5,0.0646364677544695,0,259.9695794690228,470.1116134465319,2,False,False,IV,{}
magnesium salicylate,C1=CC=C(C(=C1)C(=O)O)[O-].C1=CC=C(C(=C1)C(=O)O)[O-].[Mg+2],298.533,0.5359999999999995,120.72,71.44860000000003,2,4,2,6,2,7,0.7803457550338668,0,135.9940877248513,570.8662268292408,0,True,True,I,"{""Benzene_Ring"": 1, ""Carboxylic_Acid"": 1}"
magnesium silicate,[O-2].[O-2].[O-2].[Mg+2].[Si+4],100.388,-1.118,85.5,13.5675,0,0,0,3,0,5,0.3454700203662635,0,50.85415072736222,6.854752972273345,0,True,True,I,{}
magnesium stearate,CCCCCCCCCCCCCCCCCC(=O)[O-].CCCCCCCCCCCCCCCCCC(=O)[O-].[Mg+2],591.2570000000005,9.6148,80.25999999999999,174.85999999999953,0,4,0,4,32,5,0.0576591063246662,0,272.699463697816,453.9723145775002,2,False,False,IV,{}
magnesium sulfate heptahydrate,O.O.O.O.O.O.O.[O-]S(=O)(=O)[O-].[Mg+2],246.473,-7.491699999999994,300.76,41.52520000000001,0,4,14,11,0,13,0.2278875437800641,0,89.6413523587245,93.2586863990795,0,True,False,III,{}
"magnesium sulfate, unspecified form",[O-]S(=O)(=O)[O-].[Mg+2],120.368,-1.7187999999999997,80.25999999999999,16.2286,0,4,0,4,0,6,0.2163400452579594,0,51.27607835982386,90.7164928725825,0,True,True,I,{}
magnesium tartrate,[C@@H]([C@H](C(=O)[O-])O)(C(=O)[O-])O.[Mg+2],172.375,-5.172799999999999,120.72,27.78159999999999,2,6,2,6,3,7,0.4106067032147729,0,77.60395238798722,138.66127285260657,0,True,True,I,"{""Alcohol"": 1}"
magnesium trisilicate,[O-][Si](=O)O[Si]([O-])([O-])O[Si](=O)[O-].[Mg+2].[Mg+2],260.86,-7.0344,144.84,32.312999999999995,0,8,0,8,4,13,0.4534116374229902,0,109.09464459843872,160.22795262916523,0,True,False,III,{}
maleic acid,C(=C\C(=O)O)\C(=O)O,116.07199999999996,-0.2881999999999998,74.6,24.4116,2,2,2,4,2,4,0.4859839100851221,0,45.05598604331467,118.97373660251154,0,True,True,I,"{""Alkene"": 1, ""Carboxylic_Acid"": 1}"
malic acid,C(C(C(=O)O)O)C(=O)O,134.087,-1.0934,94.83,25.895399999999995,3,3,3,5,3,5,0.4553398825584314,0,50.53982282769493,128.919684538544,0,True,True,I,"{""Alcohol"": 1, ""Carboxylic_Acid"": 1}"
maltitol,C([C@@H]1[C@H]([C@@H]([C@H]([C@H](O1)O[C@H]([C@@H](CO)O)[C@@H]([C@H](CO)O)O)O)O)O)O,344.313,-5.7611999999999925,200.53,70.83220000000003,9,11,9,11,8,11,0.2029803994672465,0,131.12297736144092,340.9686271756471,2,True,False,III,"{""Alcohol"": 1, ""Ether"": 1}"
maltodextrin,CC(=O)N[C@@H]1[C@H]([C@@H]([C@H](O[C@H]1O)CO)O[C@H]2[C@@H]([C@H]([C@@H]([C@H](O2)CO)O)O)NC(=O)C)O,424.4030000000001,-5.109599999999992,207.27,91.81520000000002,8,11,8,13,6,13,0.2022089549401541,2,165.7305272057205,579.06926577698,2,True,False,III,"{""Alcohol"": 1, ""Amide"": 1, ""Ether"": 1}"
maltol,CC1=C(C(=O)C=CO1)O,126.11099999999996,0.6538199999999998,50.44,31.3798,1,3,1,3,0,3,0.55493871634951,0,51.5569179101424,261.2506372810443,0,True,True,I,"{""Phenol"": 1}"
maltose,C([C@@H]1[C@H]([C@@H]([C@H]([C@H](O1)O[C@@H]2[C@H](OC([C@@H]([C@H]2O)O)O)CO)O)O)O)O,342.297,-5.397199999999994,189.53,68.61940000000003,8,11,8,11,4,11,0.2432584676077655,0,130.43645768522254,378.0184383617949,2,True,False,III,"{""Alcohol"": 1, ""Ether"": 1}"
maltose monohydrate,C([C@@H]1[C@H]([C@@H]([C@H]([C@H](O1)O[C@H]([C@@H](CO)O)[C@@H]([C@H](C=O)O)O)O)O)O)O.O,360.31200000000007,-6.379299999999993,228.87,73.42420000000001,8,11,10,12,8,12,0.1896356461314972,0,135.97101913770302,365.9474732050232,2,True,False,III,"{""Alcohol"": 1, ""Aldehyde"": 1, ""Ether"": 1}"
mandarin oil,C/C=C\CCCCCCCC=O,168.28,3.4921000000000024,17.07,53.197000000000045,0,1,0,1,8,1,0.3078461561596229,0,75.86059123965515,116.17252007189916,0,True,True,I,"{""Aldehyde"": 1, ""Alkene"": 1}"
manganese sulfate,[O-]S(=O)(=O)[O-].[Mn+2],151.00099999999998,-1.3404999999999996,80.25999999999999,10.4746,0,4,0,4,0,6,0.2435043758690769,0,45.60180282394836,90.7164928725825,0,True,True,I,{}
mango,CC(=CCC1=C(C2=C(C=C1O)OC3=C(C2=O)C(=C(C(=C3)O)OC)CC=C(C)C)O)C,410.4660000000002,5.089000000000004,100.13,117.80640000000004,3,6,3,6,5,6,0.4001707200884568,0,173.8924747871093,1252.8859797417783,1,False,False,IV,"{""Alkene"": 1, ""Benzene_Ring"": 1, ""Ether"": 1, ""Phenol"": 1}"
mannitol,C([C@H]([C@H]([C@@H]([C@@H](CO)O)O)O)O)O,182.172,-3.585399999999998,121.38,38.19879999999999,6,6,6,6,5,6,0.2612626527203185,0,69.32936411298864,104.6059378176129,1,True,True,I,"{""Alcohol"": 1}"
"marine collagen, soluble",CCCN(CC)C(=O)C1=CN=C2C(=C1)C=CC3=C2NC=C(C3=O)[N+](=O)[O-],354.3660000000001,2.8566000000000003,109.20000000000002,98.39260000000009,1,5,1,8,5,8,0.4303224735610697,1,148.15953442403074,1073.902853442485,0,True,True,I,"{""Amide"": 1, ""Benzene_Ring"": 1, ""Nitro"": 1, ""Pyridine_Ring"": 1, ""Tertiary_Amine"": 1}"
mc-3,CCCCC/C=C\C/C=C\CCCCCCCCC(OC(=O)CCCN(C)C)CCCCCCCC/C=C\C/C=C\CCCCC,642.1100000000001,13.647199999999977,29.54,205.6179999999992,0,3,0,3,35,3,0.0391620937021168,0,288.343308703504,687.0748080144049,2,False,False,IV,"{""Alkene"": 1, ""Ester"": 1, ""Ether"": 1, ""Tertiary_Amine"": 1}"
mecasermin,CO[C@H]1[C@@H](C[C@@H]2CN3CCC4=C([C@H]3C[C@@H]2[C@@H]1C(=O)OC)NC5=C4C=C(C=C5)OC)OC(=O)C6=CC(=C(C(=C6)OC)OC)OC,608.6880000000003,4.171100000000004,117.78000000000002,160.68719999999962,1,10,1,11,8,11,0.3735666920618681,0,256.1734234680975,1526.4817827505703,1,False,True,II,"{""Benzene_Ring"": 1, ""Ester"": 1, ""Ether"": 1, ""Tertiary_Amine"": 1}"
mecetronium bromide,CCCCCCCCCCCCCCCC[N+](C)(C)CC.[Br-],378.483,3.5680000000000014,0.0,97.82840000000007,0,0,0,1,16,2,0.2845581919068909,0,152.15565847061131,203.8839249323144,0,True,True,I,"{""Bromine"": 1}"
meglumine,CNC[C@@H]([C@H]([C@@H]([C@@H](CO)O)O)O)O,195.215,-3.3582999999999976,113.18,45.03970000000002,6,6,6,6,6,6,0.2637995058731607,0,76.44993465879729,134.05130927524974,1,True,True,I,"{""Alcohol"": 1, ""Secondary_Amine"": 1}"
melatonin,CC(=O)NCCC1=CNC2=C1C=C(C=C2)OC,232.283,1.8551,54.120000000000005,67.23840000000003,2,2,2,4,4,4,0.8449349532973587,1,99.97186815738822,531.1990260144933,0,True,True,I,"{""Amide"": 1, ""Benzene_Ring"": 1, ""Ether"": 1}"
menaquinone 7,CC1=C(C(=O)C2=CC=CC=C2C1=O)C/C=C(\C)/CC/C=C(\C)/CC/C=C(\C)/CC/C=C(\C)/CC/C=C(\C)/CC/C=C(\C)/CCC=C(C)C,649.0160000000001,14.097399999999968,34.14,209.7969999999993,0,2,0,2,20,2,0.1318556085265006,0,293.8294764844455,1487.6363441376511,2,False,False,IV,"{""Alkene"": 1, ""Benzene_Ring"": 1, ""Ketone"": 1}"
menthol,CC1CCC(C(C1)O)C(C)C,156.26899999999998,2.4395000000000007,20.23,47.34980000000002,1,1,1,1,1,1,0.6179494584335713,0,69.8121326560658,120.0411847243922,0,True,True,I,"{""Alcohol"": 1}"
"menthone, (+)-",C[C@H]1CC[C@@H](C(=O)C1)C(C)C,154.253,2.6477000000000013,17.07,46.35000000000002,0,1,0,1,1,1,0.567161437022081,0,69.17942100391355,148.9517669080599,0,True,True,I,"{""Ketone"": 1}"
"menthyl acetate, (+/-)-",CC1CCC(C(C1)OC(=O)C)C(C)C,198.306,3.0103000000000018,26.3,56.89700000000005,0,2,0,2,2,2,0.6374825410921272,0,87.02285046221364,198.49841012019365,0,True,True,I,"{""Ester"": 1, ""Ether"": 1}"
"menthyl lactate, (-)-",C[C@@H]1CC[C@H]([C@@H](C1)OC(=O)[C@H](C)O)C(C)C,228.332,2.371200000000001,46.53,62.90380000000005,1,3,1,3,3,3,0.7543033298302833,0,98.18202632880626,235.33220565073853,0,True,True,I,"{""Alcohol"": 1, ""Ester"": 1, ""Ether"": 1}"
metacresol,CC1=CC(=CC=C1)O,108.13999999999996,1.7006199999999996,20.23,32.843799999999995,1,1,1,1,0,1,0.5359354364287862,0,48.59057898608958,164.24662946459569,0,True,True,I,"{""Benzene_Ring"": 1, ""Phenol"": 1}"
methacrylic acid,CC(=C)C(=O)O,86.08999999999999,0.6471,37.3,22.4498,1,1,1,2,1,2,0.4754507760803202,0,36.10023019107489,71.5488750216347,0,True,True,I,"{""Alkene"": 1, ""Carboxylic_Acid"": 1}"
methacrylic acid - ethyl acrylate copolymer (4500 mpa.s),CC(=C)C(=O)OC1=CC=C(C=C1)C(=O)O,206.197,1.8663,63.60000000000001,53.85030000000002,1,3,1,4,3,4,0.465492956078602,0,86.7973338410862,403.1010275485296,0,True,True,I,"{""Alkene"": 1, ""Benzene_Ring"": 1, ""Carboxylic_Acid"": 1, ""Ester"": 1, ""Ether"": 1}"
methacrylic acid - methyl methacrylate copolymer (1:1),CC(=C)C(=O)OC[Si](C)(C)C,172.29999999999998,1.9831,26.3,49.11900000000004,0,2,0,2,3,3,0.3695125230295067,0,69.2602973713493,167.42109659617782,0,True,True,I,"{""Alkene"": 1, ""Ester"": 1, ""Ether"": 1}"
methacrylic acid - methyl methacrylate copolymer (1:2),CC(=C)C(=O)OC[Si](C)(C)C,172.29999999999998,1.9831,26.3,49.11900000000004,0,2,0,2,3,3,0.3695125230295067,0,69.2602973713493,167.42109659617782,0,True,True,I,"{""Alkene"": 1, ""Ester"": 1, ""Ether"": 1}"
methacrylic acid and ethyl acrylate copolymer,CC(=C)C(=O)NCNC(=O)C(=C)C,182.223,0.3285,58.2,50.780400000000014,2,2,2,4,4,4,0.4859250593864916,2,77.70235044593751,230.34031643968072,0,True,True,I,"{""Alkene"": 1, ""Amide"": 1}"
methanesulfonic acid,CS(=O)(=O)O,96.107,-0.4959999999999998,54.370000000000005,17.472600000000003,1,2,1,3,0,4,0.4136209139685819,0,30.36788703787017,90.06147084052891,0,True,True,I,{}
methionine,CSCC[C@@H](C(=O)O)N,149.215,0.1514,63.31999999999999,38.61019999999999,2,3,3,3,4,4,0.596996208092774,0,58.61777606003371,96.95878455585176,0,True,True,I,"{""Carboxylic_Acid"": 1, ""Primary_Amine"": 1, ""Sulfide"": 1}"
methoxy peg-40,COC1=CC(=C(C=C1)Br)O,203.035,2.163300000000001,29.46,42.358800000000016,1,2,1,2,1,3,0.7571702572771599,0,67.57167182123783,235.04775799182192,0,True,True,I,"{""Benzene_Ring"": 1, ""Bromine"": 1, ""Ether"": 1, ""Phenol"": 1}"
methyl acrylate,COC(=O)C=C,86.09,0.3453999999999999,26.3,22.21299999999999,0,2,0,2,1,2,0.3396282505875381,0,36.41954166838576,65.94833690207419,0,True,True,I,"{""Alkene"": 1, ""Ester"": 1, ""Ether"": 1}"
methyl alcohol,CO,32.042,-0.3915,20.23,8.1428,1,1,1,1,0,1,0.3852844044738431,0,13.533484780025564,2.0,0,True,True,I,"{""Alcohol"": 1}"
methyl benzoin,COC(C1=CC=CC=C1)C(=O)C2=CC=CC=C2,226.275,3.257000000000001,26.3,66.96450000000004,0,2,0,2,4,2,0.7478645177424519,0,100.85839099830147,476.7897108620535,0,True,True,I,"{""Benzene_Ring"": 1, ""Ether"": 1, ""Ketone"": 1}"
methyl cinnamate,COC(=O)/C=C/C1=CC=CC=C1,162.188,1.8728,26.3,47.492000000000026,0,2,0,2,2,2,0.4898760055068554,0,71.47663587444978,275.14987048988627,0,True,True,I,"{""Alkene"": 1, ""Benzene_Ring"": 1, ""Ester"": 1, ""Ether"": 1}"
methyl dihydrojasmonate (synthetic),CCCCCC1C(CCC1=O)CC(=O)OC,226.316,2.725100000000001,43.370000000000005,61.996000000000045,0,3,0,3,6,3,0.5163837896421668,0,97.54931467665402,247.5622615053392,0,True,True,I,"{""Ester"": 1, ""Ether"": 1, ""Ketone"": 1}"
methyl diisopropyl propionamide,CC(C)C(C)(C(C)C)C(=O)NC,171.284,2.0507,29.1,51.849700000000034,1,1,1,2,3,2,0.6915297084546358,1,75.73511434105082,153.2215145706365,0,True,True,I,"{""Amide"": 1}"
methyl ethyl ketone,CCC(=O)C,72.107,0.9854,17.07,20.972,0,1,0,1,1,1,0.4510508050249619,0,31.995599471063137,38.912609383243264,0,True,True,I,"{""Ketone"": 1}"
methyl gluceth-10,CN(CCO)CC(=O)O,133.147,-1.0049000000000006,60.77,32.21859999999999,2,3,2,4,4,4,0.5158353983792625,0,53.708842760055134,94.2038970536883,0,True,True,I,"{""Alcohol"": 1, ""Carboxylic_Acid"": 1, ""Tertiary_Amine"": 1}"
methyl gluceth-20,CN(CCO)CC(=O)O,133.147,-1.0049000000000006,60.77,32.21859999999999,2,3,2,4,4,4,0.5158353983792625,0,53.708842760055134,94.2038970536883,0,True,True,I,"{""Alcohol"": 1, ""Carboxylic_Acid"": 1, ""Tertiary_Amine"": 1}"
methyl glucose sesquistearate,CCCCCCCCCCCCCCCCCC(=O)[O-].CCCCCCCCCCCCCCCCCC(=O)[O-].CCCCCCCCCCCCCCCCCC(=O)[O-].COC1[C@@H]([C@H]([C@@H]([C@H](O1)CO)O)O)O.COC1[C@@H]([C@H]([C@@H]([C@H](O1)CO)O)O)O,1238.794,9.85879999999999,319.15,335.21140000000014,8,18,8,18,52,18,0.0262590752293659,0,522.8773534917754,1232.2198903879844,4,False,False,IV,"{""Alcohol"": 1, ""Ether"": 1}"
methyl hydrogenated rosinate,COC(=O)CC(=C)C(=O)O,144.126,0.1902999999999999,63.60000000000001,33.40879999999999,1,3,1,4,3,4,0.4533087133232844,0,58.10518174941876,170.58662974004122,0,True,True,I,"{""Alkene"": 1, ""Carboxylic_Acid"": 1, ""Ester"": 1, ""Ether"": 1}"
methyl laurate,CCCCCCCCCCCC(=O)OC,214.349,4.080300000000003,26.3,63.860000000000056,0,2,0,2,10,2,0.4043854520805285,0,94.39362373013952,143.47137920080513,0,True,True,I,"{""Ester"": 1, ""Ether"": 1}"
methyl methacrylate,CC(=C)C(=O)OC,100.117,0.7355,26.3,26.829999999999988,0,2,0,2,1,2,0.3585081503901225,0,42.78448378278237,94.25327665163482,0,True,True,I,"{""Alkene"": 1, ""Ester"": 1, ""Ether"": 1}"
methyl nicotinate,COC(=O)C1=CN=CC=C1,137.138,0.8681999999999999,39.19,35.5765,0,3,0,3,1,3,0.5388895828087218,0,58.65600265878734,220.3075329961489,0,True,True,I,"{""Ester"": 1, ""Ether"": 1, ""Pyridine_Ring"": 1}"
methyl pyrrolidone,CN1CCCC1=O,99.133,0.2385999999999999,20.31,26.870999999999988,0,1,0,2,0,2,0.4256862105726386,1,43.11454410213389,90.08094399727418,0,True,True,I,"{""Amide"": 1}"
methyl salicylate,COC(=O)C1=CC=CC=C1O,152.14899999999997,1.1787999999999998,46.53,39.446300000000015,1,3,1,3,1,3,0.6143884490200855,0,64.23058843003683,267.7946100817276,0,True,True,I,"{""Benzene_Ring"": 1, ""Ester"": 1, ""Ether"": 1, ""Phenol"": 1}"
methyl sorbate,C/C=C/C=C/C(=O)OC,126.155,1.2917,26.3,35.97,0,2,0,2,2,2,0.3163911386419707,0,54.824764979391325,133.85157716108912,0,True,True,I,"{""Alkene"": 1, ""Ester"": 1, ""Ether"": 1}"
methyl stearate,CCCCCCCCCCCCCCCCCC(=O)OC,298.511,6.420900000000007,26.3,91.56200000000008,0,2,0,2,16,2,0.2425821271038371,0,132.5832764165192,213.61189310154847,1,False,False,IV,"{""Ester"": 1, ""Ether"": 1}"
methyl vinyl ether and maleic acid copolymer (1750000 wamw),COCCOC=C,102.133,0.7929,18.46,28.024999999999988,0,2,0,2,4,2,0.3857326717739266,0,43.73650691224549,43.34481288877288,0,True,True,I,"{""Alkene"": 1, ""Ether"": 1}"
methylcellulose (100 mpa.s),CC(=O)OCCOC,118.132,0.1958999999999999,35.53,28.508999999999983,0,3,0,3,3,3,0.3918906534324243,0,48.5876320444735,70.07403392114696,0,True,True,I,"{""Ester"": 1, ""Ether"": 1}"
methylcellulose (15 cps),COC[C@H]([C@H]([C@@H]([C@H](C=O)O)O)O)O,194.183,-2.724699999999998,107.22,41.967200000000005,4,6,4,6,6,6,0.3420319449318534,0,75.38090605254388,149.9181934796156,0,True,True,I,"{""Alcohol"": 1, ""Aldehyde"": 1, ""Ether"": 1}"
methylcellulose (1500 mpa.s),COCC1[C@H](C(C(C(O1)OC)OC)OC)O[C@H]2C(C(C(C(O2)COC)OC)OC)OC,454.5130000000002,-0.1643999999999932,101.53000000000004,106.9410000000001,0,11,0,11,12,11,0.3929377803442666,0,183.9104864188824,495.7465448236162,1,True,True,I,"{""Ether"": 1}"
methylcellulose (25 cps),COC[C@H]([C@H]([C@@H]([C@H](C=O)O)O)O)O,194.183,-2.724699999999998,107.22,41.967200000000005,4,6,4,6,6,6,0.3420319449318534,0,75.38090605254388,149.9181934796156,0,True,True,I,"{""Alcohol"": 1, ""Aldehyde"": 1, ""Ether"": 1}"
methylcellulose (400 mpa.s),CC(=O)OCCOC,118.132,0.1958999999999999,35.53,28.508999999999983,0,3,0,3,3,3,0.3918906534324243,0,48.5876320444735,70.07403392114696,0,True,True,I,"{""Ester"": 1, ""Ether"": 1}"
methylcellulose (4000 mpa.s),CCC(COCC1C(C(C(C(O1)OC2C(OC(C(C2OCC(CC)O)OCC(CC)O)OCC(CC)O)COCC(CC)O)OCC(CC)O)OCC(CC)O)OCC(CC)O)O.COCC1C(C(C(C(O1)OC2C(OC(C(C2OC)OC)OC)COC)OC)OC)OC,1373.6659999999997,0.7999999999999974,364.90000000000015,335.8084000000006,8,30,8,30,48,30,0.0417591462118943,0,557.5649758409475,1843.199174911421,3,False,False,IV,"{""Alcohol"": 1, ""Ether"": 1}"
"methylcellulose, unspecified",CCC(COCC1C(C(C(C(O1)OC2C(OC(C(C2OCC(CC)O)OCC(CC)O)OCC(CC)O)COCC(CC)O)OCC(CC)O)OCC(CC)O)OCC(CC)O)O.COCC1C(C(C(C(O1)OC2C(OC(C(C2OC)OC)OC)COC)OC)OC)OC,1373.6659999999997,0.7999999999999974,364.90000000000015,335.8084000000006,8,30,8,30,48,30,0.0417591462118943,0,557.5649758409475,1843.199174911421,3,False,False,IV,"{""Alcohol"": 1, ""Ether"": 1}"
methylchloroisothiazolinone,CN1C(=O)C=C(S1)Cl,149.602,1.1002,22.0,34.57,0,2,0,2,0,4,0.5416689624731026,0,55.47220628771775,238.4315036874941,0,True,True,I,"{""Chlorine"": 1}"
methylene chloride,C(Cl)Cl,84.933,1.4215,0.0,16.573,0,0,0,0,0,2,0.3899621067041533,0,29.3457834815929,2.754887502163468,0,True,True,I,"{""Chlorine"": 1}"
methylisothiazolinone,CN1C(=O)C=CS1,115.15699999999998,0.4468,22.0,29.55999999999999,0,2,0,2,0,3,0.4807860323010969,0,45.16894006083608,199.4547535417141,0,True,True,I,{}
methylparaben,COC(=O)C1=CC=C(C=C1)O,152.149,1.1788,46.53,39.446300000000015,1,3,1,3,1,3,0.6143884490200855,0,64.23058843003683,250.5446100817276,0,True,True,I,"{""Benzene_Ring"": 1, ""Ester"": 1, ""Ether"": 1, ""Phenol"": 1}"
methylparaben sodium,COC(=O)C1=CC=C(C=C1)[O-].[Na+],174.131,-2.4491999999999985,49.36,37.22750000000001,0,3,0,3,1,4,0.3505811917704151,0,92.64398805274875,255.5104122853712,0,True,True,I,"{""Benzene_Ring"": 1, ""Ester"": 1, ""Ether"": 1}"
mica,O.[O-2].[O-2].[O-2].[O-2].[O-2].[O-2].[O-2].[O-2].[O-2].O=[Si]=O.O=[Si]=O.O=[Si]=O.O=[Si]=O.O=[Si]=O.O=[Si]=O.[F-].[F-].[Al+3].[Al+3].[Al+3].[Al+3].[Al+3].[Al+3].[K+].[K+],800.594,-19.873100000000004,492.8399999999999,87.0783,0,12,2,22,0,38,0.2062069819205834,0,372.92202751064144,285.4701499700667,2,False,False,IV,"{""Fluorine"": 1}"
microcrystalline cellulose 101,C[C@@H]1CC(=O)C=C([C@]12C(=O)C3=C(O2)C(=C(C=C3OC)OC)Cl)OC,352.77000000000004,2.8103000000000007,71.06000000000002,86.12550000000005,0,6,0,6,3,7,0.8326610784751868,0,143.82499238361365,768.8345393102228,0,True,True,I,"{""Alkene"": 1, ""Benzene_Ring"": 1, ""Chlorine"": 1, ""Ether"": 1, ""Ketone"": 1}"
microcrystalline cellulose 102,C[C@@H]1CC(=O)C=C([C@]12C(=O)C3=C(O2)C(=C(C=C3OC)OC)Cl)OC,352.77000000000004,2.8103000000000007,71.06000000000002,86.12550000000005,0,6,0,6,3,7,0.8326610784751868,0,143.82499238361365,768.8345393102228,0,True,True,I,"{""Alkene"": 1, ""Benzene_Ring"": 1, ""Chlorine"": 1, ""Ether"": 1, ""Ketone"": 1}"
microcrystalline cellulose 105,C[C@@H]1CC(=O)C=C([C@]12C(=O)C3=C(O2)C(=C(C=C3OC)OC)Cl)OC,352.77000000000004,2.8103000000000007,71.06000000000002,86.12550000000005,0,6,0,6,3,7,0.8326610784751868,0,143.82499238361365,768.8345393102228,0,True,True,I,"{""Alkene"": 1, ""Benzene_Ring"": 1, ""Chlorine"": 1, ""Ether"": 1, ""Ketone"": 1}"
microcrystalline cellulose 112,C[C@@H]1CC(=O)C=C([C@]12C(=O)C3=C(O2)C(=C(C=C3OC)OC)Cl)OC,352.77000000000004,2.8103000000000007,71.06000000000002,86.12550000000005,0,6,0,6,3,7,0.8326610784751868,0,143.82499238361365,768.8345393102228,0,True,True,I,"{""Alkene"": 1, ""Benzene_Ring"": 1, ""Chlorine"": 1, ""Ether"": 1, ""Ketone"": 1}"
microcrystalline cellulose 200,C[C@@H]1CC(=O)C=C([C@]12C(=O)C3=C(O2)C(=C(C=C3OC)OC)Cl)OC,352.77000000000004,2.8103000000000007,71.06000000000002,86.12550000000005,0,6,0,6,3,7,0.8326610784751868,0,143.82499238361365,768.8345393102228,0,True,True,I,"{""Alkene"": 1, ""Benzene_Ring"": 1, ""Chlorine"": 1, ""Ether"": 1, ""Ketone"": 1}"
microcrystalline cellulose 200 lm,C[C@@H]1CC(=O)C=C([C@]12C(=O)C3=C(O2)C(=C(C=C3OC)OC)Cl)OC,352.77000000000004,2.8103000000000007,71.06000000000002,86.12550000000005,0,6,0,6,3,7,0.8326610784751868,0,143.82499238361365,768.8345393102228,0,True,True,I,"{""Alkene"": 1, ""Benzene_Ring"": 1, ""Chlorine"": 1, ""Ether"": 1, ""Ketone"": 1}"
microcrystalline cellulose 301,C[C@@H]1CC(=O)C=C([C@]12C(=O)C3=C(O2)C(=C(C=C3OC)OC)Cl)OC,352.77000000000004,2.8103000000000007,71.06000000000002,86.12550000000005,0,6,0,6,3,7,0.8326610784751868,0,143.82499238361365,768.8345393102228,0,True,True,I,"{""Alkene"": 1, ""Benzene_Ring"": 1, ""Chlorine"": 1, ""Ether"": 1, ""Ketone"": 1}"
microcrystalline cellulose 302,C[C@@H]1CC(=O)C=C([C@]12C(=O)C3=C(O2)C(=C(C=C3OC)OC)Cl)OC,352.77000000000004,2.8103000000000007,71.06000000000002,86.12550000000005,0,6,0,6,3,7,0.8326610784751868,0,143.82499238361365,768.8345393102228,0,True,True,I,"{""Alkene"": 1, ""Benzene_Ring"": 1, ""Chlorine"": 1, ""Ether"": 1, ""Ketone"": 1}"
microcrystalline wax,C[C@@H]1CC(=O)C=C([C@]12C(=O)C3=C(O2)C(=C(C=C3OC)OC)Cl)OC,352.77000000000004,2.8103000000000007,71.06000000000002,86.12550000000005,0,6,0,6,3,7,0.8326610784751868,0,143.82499238361365,768.8345393102228,0,True,True,I,"{""Alkene"": 1, ""Benzene_Ring"": 1, ""Chlorine"": 1, ""Ether"": 1, ""Ketone"": 1}"
mineral oil,C1=CC=C(C=C1)N=NC2=C(C=CC3=CC(=CC(=C32)S(=O)(=O)[O-])S(=O)(=O)[O-])O.[Na+].[Na+],452.3770000000002,-3.2229999999999968,159.35,92.15720000000005,1,9,1,9,4,13,0.2475552232287474,0,210.49524471948644,1279.6161715165297,0,True,False,III,"{""Azo"": 1, ""Benzene_Ring"": 1, ""Phenol"": 1}"
mint,C1=CC=C2C(=C1)NC(=N2)C3=CSC=N3,201.254,2.686400000000001,41.57,57.20170000000002,1,3,1,3,1,4,0.6572828314318542,0,84.458981510615,520.5285963600785,0,True,True,I,"{""Benzene_Ring"": 1}"
miripirium chloride,CCCCCCCCCCCCCC[N+]1=CC=C(C=C1)C.[Cl-],325.968,2.9876200000000006,3.88,92.45200000000008,0,0,0,1,13,2,0.3876104449951073,0,144.48824755553738,334.06541011613643,0,True,True,I,"{""Chlorine"": 1, ""Pyridine_Ring"": 1}"
molasses,CCN1C(=C(C=N1)C(=O)C2=C(C(=C(C=C2)S(=O)(=O)C)OCCOC)C)OC(C)OC(=O)OC,484.5270000000004,2.37892,132.25,116.57330000000005,0,10,0,11,11,12,0.2025629070461222,0,191.9912048846897,1109.178877928176,0,True,True,I,"{""Benzene_Ring"": 1, ""Ester"": 1, ""Ether"": 1, ""Ketone"": 1, ""Sulfone"": 1}"
monosodium citrate,C(C(=O)O)C(CC(=O)[O-])(C(=O)O)O.[Na+],214.105,-5.579199999999998,134.96,34.462399999999995,3,5,3,7,5,8,0.3880486824914186,0,100.63886253143988,232.5645747934132,0,True,True,I,"{""Alcohol"": 1, ""Carboxylic_Acid"": 1}"
monosodium glutamate,C(CC(=O)[O-])[C@@H](C(=O)O)N.O.[Na+],187.127,-5.892299999999998,134.95,33.465999999999994,2,4,5,6,4,7,0.4222467423236579,0,91.34457493803455,150.7740056622918,0,True,True,I,"{""Carboxylic_Acid"": 1, ""Primary_Amine"": 1}"
monostearyl citrate,CCCCCCCCCCCCCCCCCCOC(=O)CC(CC(=O)[O-])(C(=O)[O-])O,442.5930000000002,2.8022000000000005,126.79,114.7028000000001,1,7,1,7,22,7,0.2016592783553777,0,187.11373244517776,492.3194835903645,0,True,True,I,"{""Alcohol"": 1, ""Ester"": 1, ""Ether"": 1}"
monothioglycerol,C(C(CS)O)O,108.16199999999996,-0.7305999999999999,40.46,26.94559999999999,3,3,2,2,2,3,0.4080765042644155,0,42.21266942441651,27.97416845103709,0,True,True,I,"{""Alcohol"": 1, ""Thiol"": 1}"
myristic acid,CCCCCCCCCCCCCC(=O)O,228.37599999999995,4.772100000000004,37.3,68.71380000000006,1,1,1,2,12,2,0.4883505038704481,0,100.43925436722527,154.8143311431168,0,True,True,I,"{""Carboxylic_Acid"": 1}"
myristyl alcohol,CCCCCCCCCCCCCCO,214.393,4.679800000000005,20.23,68.16380000000005,1,1,1,1,12,1,0.4676414309457237,0,96.2777322671815,89.51182269698973,0,True,True,I,"{""Alcohol"": 1}"
myristyl lactate,CCCCCCCCCCCCCCOC(=O)C(C)O,286.456,4.611500000000005,46.53,83.71780000000007,1,3,1,3,14,3,0.3744542271365048,0,124.64762593992198,214.2806560729506,0,True,True,I,"{""Alcohol"": 1, ""Ester"": 1, ""Ether"": 1}"
myrrh oil,C/C(=C\CCC1[C@]2(CC[C@@H](C([C@@H]2CC[C@@]1(C)O)(C)C)O)C)/CC/C=C(\C)/CC/C=C(\C)/CO,460.74300000000034,7.122600000000011,60.69,140.02539999999996,3,3,3,3,10,3,0.3040628322709639,0,203.624802198308,726.8237430563823,1,False,False,IV,"{""Alcohol"": 1, ""Alkene"": 1}"
"n,n-dimethylacetamide",CC(=O)N(C)C,87.122,0.0945,20.31,24.36799999999999,0,1,0,2,0,2,0.4099068828368629,1,37.75543314126651,58.568425030288566,0,True,True,I,"{""Amide"": 1}"
"n-(carbonyl-methoxypolyethylene glycol 2000)-1,2-distearoyl-sn-glycero-3-phosphoethanolamine",CCOC(=O)C(=P(C1=CC=CC=C1)(C2=CC=CC=C2)C3=CC=CC=C3)C,362.4090000000001,3.735900000000002,26.3,112.46200000000002,0,2,0,2,5,3,0.5106004650289602,0,154.9880606366068,812.777318842626,0,True,True,I,"{""Benzene_Ring"": 1, ""Ester"": 1, ""Ether"": 1}"
n-acetyl-d-alanine,C[C@H](C(=O)O)NC(=O)C,131.131,-0.4044000000000001,66.4,30.91449999999999,2,2,2,4,2,4,0.535275185417872,1,52.86615962130756,132.16479703638052,0,True,True,I,"{""Amide"": 1, ""Carboxylic_Acid"": 1}"
n-acetyl-dl-tryptophan,CC(=O)NC(CC1=CNC2=CC=CC=C21)C(=O)O,246.266,1.2997,82.19,67.24320000000003,3,2,3,5,4,5,0.7600582815273267,1,103.81407878012112,588.6888111996076,0,True,True,I,"{""Amide"": 1, ""Benzene_Ring"": 1, ""Carboxylic_Acid"": 1}"
n-acetyl-dl-tryptophan sodium,CC(=O)NC(CC1=CNC2=CC=CC=C21)C(=O)[O-].[Na+],268.248,-3.030999999999998,85.02,64.61440000000002,2,3,2,5,4,6,0.5784569243465146,1,132.22747840283307,594.3407839290741,0,True,True,I,"{""Amide"": 1, ""Benzene_Ring"": 1}"
n-acetyl-glucosamine thiazoline,CC1=N[C@@H]2[C@H]([C@@H]([C@H](O[C@@H]2S1)CO)O)O,219.262,-1.0408000000000004,82.28,52.24840000000003,3,6,3,5,1,6,0.5245160866672612,0,85.79686251886764,259.7258342521433,0,True,True,I,"{""Alcohol"": 1, ""Ether"": 1, ""Sulfide"": 1}"
n-acetyl-tyrosine,CC(=O)N[C@@H](CC1=CC=C(C=C1)O)C(=O)O,223.228,0.5239999999999998,86.63000000000001,57.05130000000002,3,3,3,5,4,5,0.6942784889376881,1,92.71748757956765,385.4759654533223,0,True,True,I,"{""Amide"": 1, ""Benzene_Ring"": 1, ""Carboxylic_Acid"": 1, ""Phenol"": 1}"
n-acetylglucosamine,CC(=O)N[C@@H](C=O)[C@H]([C@@H]([C@@H](CO)O)O)O,221.209,-3.2349999999999977,127.09000000000002,48.77490000000003,5,6,5,7,6,7,0.2999558491455229,1,86.34368722108545,221.1774339084234,0,True,True,I,"{""Alcohol"": 1, ""Aldehyde"": 1, ""Amide"": 1}"
n-dodecyl .beta.-d-maltoside,CCCCCCCCCCCCO[C@H]1[C@@H]([C@H]([C@@H]([C@H](O1)CO)O[C@@H]2[C@@H]([C@H]([C@@H]([C@H](O2)CO)O)O)O)O)O,510.6210000000002,-0.4519999999999984,178.53,124.1966000000001,7,11,7,11,16,11,0.1337235714540262,0,207.13507453529263,549.5634098284536,3,False,False,IV,"{""Alcohol"": 1, ""Ether"": 1}"
nadh,C1C=CN(C=C1C(=O)N)[C@H]2[C@@H]([C@@H]([C@H](O2)COP(=O)(O)OP(=O)(O)OC[C@@H]3[C@H]([C@H]([C@@H](O3)N4C=NC5=C(N=CN=C54)N)O)O)O)O,665.4460000000001,-2.6863999999999955,317.62,141.84660000000002,8,17,10,21,11,23,0.1132900531125509,1,246.667004981004,1555.958626810091,3,False,False,IV,"{""Alcohol"": 1, ""Alkene"": 1, ""Amide"": 1, ""Ether"": 1, ""Primary_Amine"": 1, ""Tertiary_Amine"": 1}"
nectarine,COC1=C(C=CC2=C3C=CC4=CC5=C(C=C4C3=NC=C21)OCO5)O,319.3160000000001,3.984100000000002,60.81,91.09480000000003,1,5,1,5,1,5,0.537665041281243,0,136.55496721162973,1131.6161281229984,0,True,True,I,"{""Benzene_Ring"": 1, ""Ether"": 1, ""Phenol"": 1, ""Pyridine_Ring"": 1}"
neotame,CC(C)(C)CCN[C@@H](CC(=O)O)C(=O)N[C@@H](CC1=CC=CC=C1)C(=O)OC,378.4690000000001,1.756,104.73,102.20820000000006,3,5,3,7,10,7,0.5359893310827412,1,160.0326623700998,625.0092833747594,0,True,True,I,"{""Amide"": 1, ""Benzene_Ring"": 1, ""Carboxylic_Acid"": 1, ""Ester"": 1, ""Ether"": 1, ""Secondary_Amine"": 1}"
niacinamide,C1=CC(=CN=C1)C(=O)N,122.12699999999998,0.1805,55.98,32.7549,1,2,2,3,1,3,0.5772627921564857,1,52.51740601189656,207.5576620543373,0,True,True,I,"{""Amide"": 1, ""Pyridine_Ring"": 1}"
nickel chloride,Cl[Ni]Cl,129.599,1.3765,0.0,11.706,0,0,0,0,0,3,0.4337810574408006,0,33.45844481201771,2.754887502163468,0,True,True,I,"{""Chlorine"": 1}"
nickel sulfate heptahydrate,O.O.O.O.O.O.O.[O-]S(=O)(=O)[O-].[Ni+2],280.861,-7.113399999999995,300.76,35.7712,0,4,14,11,0,13,0.2366891287374779,0,83.41820917034032,93.2586863990795,0,True,False,III,{}
nitric acid,[N+](=O)(O)[O-],63.01200000000001,-0.3477,63.370000000000005,8.7809,1,2,1,4,0,4,0.3085061818114063,0,21.775556887606736,26.264662506490403,0,True,True,I,"{""Nitro"": 1, ""Tertiary_Amine"": 1}"
nitrogen,N#N,28.014,0.03016,47.58,3.45,0,2,0,2,0,2,0.3515827913468266,0,12.12458843143809,4.754887502163469,0,True,True,I,{}
nonoxynol-100,CCCCCCCCCC1=CC=C(C=C1)OCCOCCOCCOCCOCCOCCOCCOCCOCCO,616.8330000000004,4.483600000000006,103.30000000000004,167.27179999999962,1,10,1,10,35,10,0.1098423552960077,0,260.10098102596345,661.5884227215855,1,False,True,II,"{""Alcohol"": 1, ""Benzene_Ring"": 1, ""Ether"": 1}"
nonoxynol-30,CCCCCCCCCC1=CC=C(C=C1)OCCOCCOCCOCCOCCOCCOCCOCCOCCO,616.8330000000004,4.483600000000006,103.30000000000004,167.27179999999962,1,10,1,10,35,10,0.1098423552960077,0,260.10098102596345,661.5884227215855,1,False,True,II,"{""Alcohol"": 1, ""Benzene_Ring"": 1, ""Ether"": 1}"
nonoxynol-9,CCCCCCCCCC1=CC=C(C=C1)OCCOCCOCCOCCOCCOCCOCCOCCOCCO,616.8330000000004,4.483600000000006,103.30000000000004,167.27179999999962,1,10,1,10,35,10,0.1098423552960077,0,260.10098102596345,661.5884227215855,1,False,True,II,"{""Alcohol"": 1, ""Benzene_Ring"": 1, ""Ether"": 1}"
norflurane,C(C(F)(F)F)F,102.03000000000002,1.5182000000000002,0.0,12.030000000000005,0,0,0,0,0,4,0.4065379407281916,0,31.7663347539311,35.30296890880646,0,True,True,I,"{""Fluorine"": 1}"
o-phenanthroline,C1=CC2=C(C3=C(C=CC=N3)C=C2)N=C1,180.21,2.7830000000000004,25.78,57.04400000000002,0,2,0,2,0,2,0.4969799703454515,0,81.23402814486039,547.2925174892929,0,True,True,I,"{""Benzene_Ring"": 1, ""Pyridine_Ring"": 1}"
oat,C[C@H]1CN([C@H](CO1)CC2=CC=C(C=C2)Cl)C3CCN(CC3)C4=NNC(=N4)N,390.9190000000002,2.3411,83.3,107.09410000000008,2,6,3,7,4,8,0.8332400643871087,0,164.38447772198526,742.9130793786139,0,True,True,I,"{""Benzene_Ring"": 1, ""Chlorine"": 1, ""Ether"": 1, ""Primary_Amine"": 1, ""Tertiary_Amine"": 1}"
octanoic acid,CCCCCCCC(=O)O,144.214,2.4315,37.3,41.0118,1,1,1,2,6,2,0.5811557038471341,0,62.24960168084558,89.25838096618138,0,True,True,I,"{""Carboxylic_Acid"": 1}"
octenylsuccinic acid,C=CCCCCCCOC(=O)CCC(=O)O,228.28799999999995,2.5309,63.60000000000001,61.11080000000004,1,3,1,4,10,4,0.3543285010626312,0,96.29483443579844,223.05865002596167,0,True,True,I,"{""Alkene"": 1, ""Carboxylic_Acid"": 1, ""Ester"": 1, ""Ether"": 1}"
octenylsuccinic anhydride,CCCCCC/C=C/C1CC(=O)OC1=O,210.273,2.6027000000000005,43.370000000000005,57.10500000000003,0,3,0,3,6,3,0.2927524818235886,0,90.49476953007316,255.59284654013777,0,True,True,I,"{""Alkene"": 1, ""Ester"": 1, ""Ether"": 1}"
octisalate,CCCCC(CC)COC(=O)C1=CC=CC=C1O,250.338,3.765400000000004,46.53,71.69530000000005,1,3,1,3,7,3,0.7492756839558368,0,108.7851832308131,373.7563927847224,0,True,True,I,"{""Benzene_Ring"": 1, ""Ester"": 1, ""Ether"": 1, ""Phenol"": 1}"
octoxynol-40,CC(C)(C)CC(C)(C)C1=CC=C(C=C1)OCCOCCOCCO,338.48800000000017,3.804700000000002,47.92,97.75880000000008,1,4,1,4,11,4,0.6234729747209657,0,146.67546216176618,445.7018072501416,0,True,True,I,"{""Alcohol"": 1, ""Benzene_Ring"": 1, ""Ether"": 1}"
octoxynol-9,CC(C)(C)CC(C)(C)C1=CC=C(C=C1)OCCOCCOCCO,338.48800000000017,3.804700000000002,47.92,97.75880000000008,1,4,1,4,11,4,0.6234729747209657,0,146.67546216176618,445.7018072501416,0,True,True,I,"{""Alcohol"": 1, ""Benzene_Ring"": 1, ""Ether"": 1}"
octyldodecanol,CCCCCCCCCCC(CCCCCCCC)CO,298.55499999999995,6.8763000000000085,20.23,95.79580000000009,1,1,1,1,17,1,0.2902221050400614,0,134.46738495356112,178.67722777610123,1,False,False,IV,"{""Alcohol"": 1}"
octyldodecyl neopentanoate,CCCCCCCCCCC(CCCCCCCC)COC(=O)C(C)(C)C,382.6730000000001,8.473300000000005,26.3,119.12400000000012,0,2,0,2,18,2,0.1753834046360538,0,170.77292910289884,329.7057946873766,1,False,False,IV,"{""Ester"": 1, ""Ether"": 1}"
octyldodecyl stearate,CCCCCCCCCCCCCCCCCC(=O)OCC(CCCCCCCC)CCCCCCCCCC,565.0240000000003,13.688699999999972,26.3,179.21499999999946,0,2,0,2,34,2,0.0573534731005513,0,253.5171765900548,474.1146471890188,2,False,False,IV,"{""Ester"": 1, ""Ether"": 1}"
oleic acid,CCCCCCCC/C=C\CCCCCCCC(=O)O,282.4679999999999,6.108500000000007,37.3,87.08780000000007,1,1,1,2,15,2,0.2905169417988814,0,125.20941979262746,233.5727213605218,1,False,False,IV,"{""Alkene"": 1, ""Carboxylic_Acid"": 1}"
oleth-2,CCCCCCCC/C=C\CCCCCCCCOCCOCCO,356.5910000000001,6.049400000000007,38.69,108.17580000000008,1,3,1,3,21,3,0.2009026281957428,0,156.73475660918388,253.65688697552093,1,False,False,IV,"{""Alcohol"": 1, ""Alkene"": 1, ""Ether"": 1}"
oleth-3 phosphate,CCCCCCCC/C=C\CCCCCCCCOCCOCCOCCOP(=O)(O)O,480.6230000000003,6.183000000000008,94.45,129.90510000000012,2,5,2,7,26,8,0.0866570297031922,0,196.035575723662,440.0636631192782,1,False,False,IV,"{""Alkene"": 1, ""Ether"": 1}"
oleyl alcohol,CCCCCCCC/C=C\CCCCCCCCO,268.4849999999999,6.016200000000008,20.23,86.53780000000006,1,1,1,1,15,1,0.2844253908778826,0,121.04789769258367,174.52909652496098,1,False,False,IV,"{""Alcohol"": 1, ""Alkene"": 1}"
oleyl oleate,CCCCCCCC/C=C\CCCCCCCCOC(=O)CCCCCCC/C=C\CCCCCCCC,532.9380000000004,12.60459999999998,26.3,169.8629999999996,0,2,0,2,31,2,0.0503808936526239,0,239.40808629689303,507.4716454161781,2,False,False,IV,"{""Alkene"": 1, ""Ester"": 1, ""Ether"": 1}"
olive oil,CCCCCC1=CC(=CC(=C1)O)O,180.247,2.8305000000000025,40.46,53.00060000000004,2,2,2,2,4,2,0.6993209272914829,0,78.84458119587204,248.5428308075413,0,True,True,I,"{""Benzene_Ring"": 1, ""Phenol"": 1}"
omega-3 fatty acids,CC/C=C\C/C=C\C/C=C\CCCCCCCC(=O)O.CC/C=C\C/C=C\C/C=C\C/C=C\C/C=C\CCCC(=O)O.CC/C=C\C/C=C\C/C=C\C/C=C\C/C=C\C/C=C\CCC(=O)O,909.3899999999998,18.202099999999977,111.9,287.9313999999998,3,3,3,6,40,6,0.0417039479422174,0,403.4953231904274,1518.905724366381,2,False,False,IV,"{""Alkene"": 1, ""Carboxylic_Acid"": 1}"
omega-3-acid ethyl esters,CCC(C)COC(=O)C,130.18699999999998,1.5956,26.3,36.088,0,2,0,2,3,2,0.5422095914375367,0,56.20397104375984,88.91694057588535,0,True,True,I,"{""Ester"": 1, ""Ether"": 1}"
onion,CCC(C)C(C(=O)OC)N.Cl,181.663,0.9546,52.32,46.69440000000002,1,3,2,3,3,4,0.6602131346051721,0,73.69695499332197,119.00820116821995,0,True,True,I,"{""Chlorine"": 1, ""Ester"": 1, ""Ether"": 1, ""Primary_Amine"": 1}"
orange,C1=CC=C2C(=C1)C=CC(=C2N=NC3=CC=C(C=C3)S(=O)(=O)[O-])O.[Na+],350.3310000000001,0.8689000000000004,102.15,84.19400000000003,1,6,1,6,3,8,0.430016253024123,0,160.45320908673386,1002.266076111682,0,True,True,I,"{""Azo"": 1, ""Benzene_Ring"": 1, ""Phenol"": 1}"
orange juice,CC1=CC(=CC(=C1O)CN(CC(=O)O)CC(=O)O)C2(C3=CC=CC=C3S(=O)(=O)O2)C4=CC(=C(C(=C4)C)O)CN(CC(=O)O)CC(=O)O,672.6650000000001,1.6678399999999998,239.51,161.37959999999978,6,11,6,15,14,16,0.1335321670871355,0,268.1631136063612,1747.5011736362594,3,False,False,IV,"{""Benzene_Ring"": 1, ""Carboxylic_Acid"": 1, ""Phenol"": 1, ""Tertiary_Amine"": 1}"
orange oil,C1=CC=C(C=C1)NC2=CC=C(C=C2)N=NC3=CC=C(C=C3)S(=O)(=O)[O-].[Na+],375.3850000000001,1.7537000000000005,93.95,94.74790000000002,1,6,1,6,5,8,0.4176356234391213,0,173.58426719247478,974.4546088096464,0,True,True,I,"{""Azo"": 1, ""Benzene_Ring"": 1, ""Secondary_Amine"": 1}"
orange peel,CC1=CC(=CC(=C1O)CN(CC(=O)O)CC(=O)O)C2(C3=CC=CC=C3S(=O)(=O)O2)C4=CC(=C(C(=C4)C)O)CN(CC(=O)O)CC(=O)O,672.6650000000001,1.6678399999999998,239.51,161.37959999999978,6,11,6,15,14,16,0.1335321670871355,0,268.1631136063612,1747.5011736362594,3,False,False,IV,"{""Benzene_Ring"": 1, ""Carboxylic_Acid"": 1, ""Phenol"": 1, ""Tertiary_Amine"": 1}"
ornithine,C(C[C@@H](C(=O)O)N)CN,132.16299999999998,-0.8627999999999987,89.33999999999999,33.89959999999999,3,3,5,4,4,4,0.4638861120098108,0,53.83455673168119,94.95878455585176,0,True,True,I,"{""Carboxylic_Acid"": 1, ""Primary_Amine"": 1}"
ornithine hydrochloride,C(C[C@@H](C(=O)O)N)CN.Cl,168.624,-0.4409999999999996,89.33999999999999,41.1476,3,3,5,4,4,5,0.5310730524554843,0,65.98764998423061,99.64874049174458,0,True,True,I,"{""Carboxylic_Acid"": 1, ""Chlorine"": 1, ""Primary_Amine"": 1}"
oxygen,O=O,31.998,0.067,34.14,6.734,0,2,0,2,0,2,0.3782961535412142,0,11.307062301569806,0.0,0,True,True,I,{}
oxyquinoline sulfate,C1=CC2=C(C(=C1)O)N=CC=C2.C1=CC2=C(C(=C1)O)N=CC=C2.OS(=O)(=O)O,388.40100000000007,3.2280000000000006,140.84,100.99300000000004,4,6,4,8,0,9,0.3365118488193951,0,154.52312580066962,1052.842054420126,0,True,False,III,"{""Benzene_Ring"": 1, ""Phenol"": 1, ""Pyridine_Ring"": 1}"
palm kernel oil,CCCCCCCCCCCCCCCC(=O)C1=C(C=C2C(=C1)CCC(O2)(C)C)OC,430.6730000000002,8.462800000000007,35.53,130.66450000000006,0,3,0,3,16,3,0.1947870560426007,0,190.8429110417508,662.4665714310236,1,False,False,IV,"{""Benzene_Ring"": 1, ""Ether"": 1, ""Ketone"": 1}"
palm oil,CCCCCCCCCCCCCCCCOC(=O)COC1=CC=CC2=C1C[C@H]3C[C@H]([C@@H]([C@H]3C2)CC[C@H](CCCCC)O)O,614.9520000000001,9.523099999999998,75.99000000000001,181.0925999999995,2,5,2,5,25,5,0.0847284899593862,0,269.43991065097623,900.4992109505473,2,False,False,IV,"{""Alcohol"": 1, ""Benzene_Ring"": 1, ""Ester"": 1, ""Ether"": 1}"
palmitic acid,CCCCCCCCCCCCCCCC(=O)O,256.4299999999999,5.552300000000005,37.3,77.94780000000007,1,1,1,2,14,2,0.4134897831112086,0,113.1691385960185,177.93577382145608,1,False,False,IV,"{""Carboxylic_Acid"": 1}"
palmitostearic acid,CCCCCCCCCCCCCCCCCC(=O)O,284.4839999999999,6.332500000000007,37.3,87.18180000000008,1,1,1,2,16,2,0.3360419785922725,0,125.89902282481172,201.5949030918267,1,False,False,IV,"{""Carboxylic_Acid"": 1}"
palmitoyl oligopeptide,CCCCCCCCCCCCCCCC(=O)N[C@@H](C(C)C)C(=O)NCC(=O)N[C@@H](C(C)C)C(=O)N[C@@H](C)C(=O)N1CCC[C@H]1C(=O)NCC(=O)O,736.9959999999999,3.5620000000000065,203.11,199.8442999999993,6,7,6,14,27,14,0.0687173978018308,6,310.6703111477208,1146.5640131058317,2,False,False,IV,"{""Amide"": 1, ""Carboxylic_Acid"": 1}"
palmitoyl tetrapeptide-7,CCCCCCCCCCCCCCCC(=O)NCC(=O)N[C@@H](CCC(=O)N)C(=O)N1CCC[C@H]1C(=O)N[C@@H](CCCN=C(N)N)C(=O)O,694.919,1.9482000000000064,252.4,187.8930999999996,7,7,10,15,28,15,0.0358422057576737,5,290.86429079977273,1067.134090062096,2,False,False,IV,"{""Amide"": 1, ""Carboxylic_Acid"": 1, ""Primary_Amine"": 1}"
panthenol,CC(C)(CO)C(C(=O)NCCCO)O,205.254,-1.1355999999999995,89.79,51.58610000000003,4,4,4,5,6,5,0.412780402657381,1,83.75287348324227,181.6507676913201,0,True,True,I,"{""Alcohol"": 1, ""Amide"": 1}"
pantothenic acid,CC(C)(CO)[C@H](C(=O)NCCC(=O)O)O,219.237,-1.0432999999999986,106.86,52.13610000000003,4,4,4,6,6,6,0.4560957521485702,1,87.91439558328604,238.6572029354464,0,True,True,I,"{""Alcohol"": 1, ""Amide"": 1, ""Carboxylic_Acid"": 1}"
papaya,CC(C)C(=O)OC(C)(C)CCC1=CC=CC=C1,234.339,3.597000000000002,26.3,69.77200000000005,0,2,0,2,5,2,0.7276008614211362,0,103.99094947861713,352.4443860643435,0,True,True,I,"{""Benzene_Ring"": 1, ""Ester"": 1, ""Ether"": 1}"
paraffin,CCCC(CCC(CC(C(CCC(CCC(C(CC(C)Cl)Cl)Cl)Cl)Cl)Cl)Cl)Cl,558.1159999999998,9.786399999999992,0.0,134.64599999999996,0,0,0,0,17,8,0.1560886144367859,0,212.09928101641853,368.1148491248889,2,False,False,IV,"{""Chlorine"": 1}"
patent blue v,CCN(CC)C1=CC=C(C=C1)C(=C2C=CC(=[N+](CC)CC)C=C2)C3=CC(=C(C=C3S(=O)(=O)[O-])S(=O)(=O)[O-])O.CCN(CC)C1=CC=C(C=C1)C(=C2C=CC(=[N+](CC)CC)C=C2)C3=CC(=C(C=C3S(=O)(=O)[O-])S(=O)(=O)[O-])O.[Ca+2],1159.4499999999998,6.554800000000008,281.76,295.12920000000014,2,16,2,18,18,23,0.0606324836664882,0,482.3565346480487,3290.740706975312,3,False,False,IV,"{""Alkene"": 1, ""Benzene_Ring"": 1, ""Phenol"": 1, ""Tertiary_Amine"": 1}"
pea,C[C@@H](C1=CC=C(C=C1)Br)NC(C2=C3C(=CC=C2)NC(=O)C(=O)N3)P(=O)(O)O,454.2170000000001,2.506000000000001,135.28,105.66720000000004,5,4,5,8,5,10,0.2971354581658159,0,161.49614607245584,1135.7543109187195,0,True,True,I,"{""Benzene_Ring"": 1, ""Bromine"": 1, ""Secondary_Amine"": 1}"
peach,CCCCCCCC1CCC(=O)O1,184.279,3.052500000000002,26.3,52.490000000000045,0,2,0,2,6,2,0.4682009755951634,0,80.65790834781706,154.16926858274718,0,True,True,I,"{""Ester"": 1, ""Ether"": 1}"
peanut oil,CCCCCOC(=O)/C(=C\C)/C,170.25199999999998,2.686000000000001,26.3,49.91500000000003,0,2,0,2,5,2,0.3600236336494683,0,74.60919435476539,159.22151457063651,0,True,True,I,"{""Alkene"": 1, ""Ester"": 1, ""Ether"": 1}"
pear,CCCCCCCCCCCCCCCCCC(=O)O,284.4839999999999,6.332500000000007,37.3,87.18180000000008,1,1,1,2,16,2,0.3360419785922725,0,125.89902282481172,201.5949030918267,1,False,False,IV,"{""Carboxylic_Acid"": 1}"
pectin,[C@@H]1([C@H]([C@H](O[C@H]([C@@H]1O)O)C(=O)O)O)O,194.139,-3.1290999999999984,127.45,36.536,5,6,5,7,1,7,0.2983577255502749,0,72.80436653681407,205.1594480971451,0,True,True,I,"{""Alcohol"": 1, ""Carboxylic_Acid"": 1, ""Ether"": 1}"
"pectin, citrus",C1=CC(=C(C=C1Cl)Cl)OCC(=O)O,221.039,2.4567999999999994,46.53,49.59280000000001,1,2,1,3,3,5,0.85199274417323,0,84.8371208838002,325.16521978178946,0,True,True,I,"{""Benzene_Ring"": 1, ""Carboxylic_Acid"": 1, ""Chlorine"": 1, ""Ether"": 1}"
peg-10 .beta.-sitosteryl ether,CC[C@H](CC[C@@H](C)[C@H]1CC[C@@H]2[C@@]1(CC[C@H]3[C@H]2CC=C4[C@@]3(CC[C@@H](C4)OS(=O)(=O)[O-])C)C)C(C)C.[Na+],516.7640000000004,4.513300000000004,66.43,136.78019999999998,0,4,0,4,8,6,0.2060239076875892,0,237.60928732295096,869.9075477040392,1,False,True,II,"{""Alkene"": 1}"
peg-10 cocamine,C(CO)N,61.084,-1.0626,46.25,16.140200000000004,2,2,3,2,1,2,0.4055784163621654,0,25.238317591434885,8.0,0,True,True,I,"{""Alcohol"": 1, ""Primary_Amine"": 1}"
peg-10 dimethicone (600 cst),CO[Si](C)(C)O[Si](C)(C)C.O=[Si]=O,238.464,1.5677,52.6,56.04900000000004,0,4,0,4,3,7,0.7004256495399727,0,83.95675916882978,169.20840262051135,0,True,True,I,{}
peg-10 glyceryl stearate,COC(=O)C(CCC(CCCCCC(CCC(CCCCCl)Cl)Cl)Cl)Cl,470.736,7.509000000000007,26.3,116.70400000000006,0,2,0,2,17,7,0.1248652691133151,0,184.0996075509276,343.8911694418034,1,False,False,IV,"{""Chlorine"": 1, ""Ester"": 1, ""Ether"": 1}"
peg-100 stearate,CCCCCCCCCCCCCCCCCC(=O)OC[C@@H]1[C@H]([C@@H]([C@](O1)(COC(=O)CCCCCCCCCCCCCCCCC)O[C@@H]2[C@@H]([C@H]([C@@H]([C@H](O2)CO)O)O)OC(=O)CCCCCCCCCCCCCCCCC)OC(=O)CCCCCCCCCCCCCCCCC)OC(=O)CCCCCCCCCCCCCCCCC,1674.6420000000005,28.666400000000067,219.88,485.7374000000025,3,16,3,16,90,16,0.0292777082553047,0,725.6854158676908,2233.5627262197804,3,False,False,IV,"{""Alcohol"": 1, ""Ester"": 1, ""Ether"": 1}"
peg-12,C1[C@H]2[C@@H]([C@@H](S1)CCCCC(=O)NCCOCCOCCOCCOCCOCCOCCOCCOCCOCCOCCOCCOCCC(=O)O)NC(=O)N2,844.031,0.5023000000000108,218.29,209.04789999999923,4,16,4,19,44,20,0.0485163519706033,3,341.2795442216483,977.96916689004,2,False,False,IV,"{""Amide"": 1, ""Carboxylic_Acid"": 1, ""Ether"": 1, ""Sulfide"": 1, ""Urea"": 1}"
peg-12 dimethicone (300 cst),CO[Si](C)(C)O[Si](C)(C)C.O=[Si]=O,238.464,1.5677,52.6,56.04900000000004,0,4,0,4,3,7,0.7004256495399727,0,83.95675916882978,169.20840262051135,0,True,True,I,{}
peg-120 methyl glucose dioleate,CCCCCCCCCCCCCCCCCC(=O)OC[C@@H]1[C@H]([C@@H]([C@H]([C@H](O1)OCC(COCC(COCC(COC(=O)CCCCCCCCCCCCCCCCC)O)O)O)O)O)O,935.3309999999994,8.5359,210.9,253.30179999999888,6,14,6,14,47,14,0.0249635373297755,0,393.7502436844354,1067.912946964805,4,False,False,IV,"{""Alcohol"": 1, ""Ester"": 1, ""Ether"": 1}"
peg-150 distearate,CCCCCCCCCCCCCCCCCC(=O)OCCOC(=O)CCCCCCCCCCCCCCCCC,595.0060000000002,12.59579999999998,52.6,181.00999999999945,0,4,0,4,35,4,0.054069552897699,0,262.7922439196054,499.2124863150828,2,False,False,IV,"{""Ester"": 1, ""Ether"": 1}"
peg-150 pentaerythrityl tetrastearate,CCCCCCCCCCCCCCCCCC(=O)OCC(COC(=O)CCCCCCCCCCCCCCCCC)(COC(=O)CCCCCCCCCCCCCCCCC)COC(=O)CCCCCCCCCCCCCCCCC,1202.022999999999,25.19160000000004,105.20000000000002,364.4530000000008,0,8,0,8,72,8,0.0336883646684825,0,529.5751210401737,1175.9206606960556,2,False,False,IV,"{""Ester"": 1, ""Ether"": 1}"
peg-20 methyl glucose sesquistearate,CCCCCCCCCCCCCCCCCC(=O)OC[C@@H]1[C@H]([C@@H]([C@H]([C@H](O1)OCC(COCC(COCC(COC(=O)CCCCCCCCCCCCCCCCC)O)O)O)O)O)O,935.3309999999994,8.5359,210.9,253.30179999999888,6,14,6,14,47,14,0.0249635373297755,0,393.7502436844354,1067.912946964805,4,False,False,IV,"{""Alcohol"": 1, ""Ester"": 1, ""Ether"": 1}"
peg-20 sorbitan stearate,CCCCCCCCCCCCCCCCCC(=O)OCCOC[C@H]([C@@H]1[C@H]([C@@H](CO1)OCCO)OCCO)OCCO,606.8380000000002,4.339000000000005,133.14,161.54139999999975,3,10,3,10,31,10,0.0773194054139095,0,254.27212015426832,593.6436697853067,1,False,True,II,"{""Alcohol"": 1, ""Ester"": 1, ""Ether"": 1}"
peg-25 propylene glycol stearate,CCCCCCCCC1OCC(O1)C,200.322,3.498400000000003,18.46,58.28000000000006,0,2,0,2,7,2,0.5855426409347788,0,87.97487359167675,136.28341890015258,0,True,True,I,"{""Ether"": 1}"
peg-25 stearate,CCCCCCCCCCCCCCCCCC(=O)OCCOCCO,372.59000000000015,5.800000000000007,55.760000000000005,108.40980000000008,1,4,1,4,21,4,0.2042672476020197,0,161.5858817414119,281.3158126968737,1,False,False,IV,"{""Alcohol"": 1, ""Ester"": 1, ""Ether"": 1}"
peg-3 distearoylamidoethylmonium methosulfate,CCCCCCCCCCCCCCCCCC(=O)NCC[N+](C)(CCNC(=O)CCCCCCCCCCCCCCCCC)CCOCCOCCO.COS(=O)(=O)[O-],894.3989999999995,10.306899999999995,163.32000000000002,251.32679999999883,3,9,3,12,47,13,0.0233528222584036,2,376.2624446089168,983.921060223554,2,False,False,IV,"{""Alcohol"": 1, ""Amide"": 1, ""Ether"": 1}"
peg-30 stearate,CCCCCCCCCCCCCCCCCC(=O)OCCOCCO,372.59000000000015,5.800000000000007,55.760000000000005,108.40980000000008,1,4,1,4,21,4,0.2042672476020197,0,161.5858817414119,281.3158126968737,1,False,False,IV,"{""Alcohol"": 1, ""Ester"": 1, ""Ether"": 1}"
peg-32 stearate,CCCCCCCCCCCCCCCCCC(=O)OCCOCCO,372.59000000000015,5.800000000000007,55.760000000000005,108.40980000000008,1,4,1,4,21,4,0.2042672476020197,0,161.5858817414119,281.3158126968737,1,False,False,IV,"{""Alcohol"": 1, ""Ester"": 1, ""Ether"": 1}"
peg-40 castor oil,CCCCCC[C@H](C/C=C\CCCCCCCC(=O)NCCC[N+](C)(C)C)O.[Cl-],433.1210000000001,2.211200000000002,49.33,121.3679000000001,2,2,2,4,19,5,0.1866275566633346,1,187.07183307196328,394.8321228936073,0,True,True,I,"{""Alcohol"": 1, ""Alkene"": 1, ""Amide"": 1, ""Chlorine"": 1}"
peg-40 sorbitan diisostearate,CC(C)CCCCCCCCCCCCCCC(=O)OCC(COCC(COC(=O)CCCCCCCCCCCCCCC(C)C)O)O,699.111,11.04599999999999,102.29,203.70259999999925,2,7,2,7,38,7,0.0488527027367355,0,302.95402511109074,653.1438459752313,2,False,False,IV,"{""Alcohol"": 1, ""Ester"": 1, ""Ether"": 1}"
peg-40 stearate,CCCCCCCCCCCCCCCCCC(=O)OCCOCCO,372.59000000000015,5.800000000000007,55.760000000000005,108.40980000000008,1,4,1,4,21,4,0.2042672476020197,0,161.5858817414119,281.3158126968737,1,False,False,IV,"{""Alcohol"": 1, ""Ester"": 1, ""Ether"": 1}"
peg-5 oleate,CCCCCCCC/C=C\CCCCCCCC(=O)OCCOCCOCCO,414.6270000000002,5.592600000000006,64.99000000000001,119.1348000000001,1,5,1,5,23,5,0.1340337315136709,0,178.73970816752777,357.1801815719782,1,False,False,IV,"{""Alcohol"": 1, ""Alkene"": 1, ""Ester"": 1, ""Ether"": 1}"
peg-50 hydrogenated castor oil,C1CC=CC(C1)C2=CC=C(C=C2)C3CCC=CC3,238.374,5.334000000000004,0.0,77.90600000000005,0,0,0,0,2,0,0.6104729226032157,0,110.41984012082928,435.611044134908,1,False,False,IV,"{""Alkene"": 1, ""Benzene_Ring"": 1}"
peg-54 hydrogenated castor oil,C1CC=CC(C1)C2=CC=C(C=C2)C3CCC=CC3,238.374,5.334000000000004,0.0,77.90600000000005,0,0,0,0,2,0,0.6104729226032157,0,110.41984012082928,435.611044134908,1,False,False,IV,"{""Alkene"": 1, ""Benzene_Ring"": 1}"
peg-6 isostearate,CC(C)CCCCCCCCCCCCCCC(=O)OCC(COC(=O)CCCCCCCCCCCCCCC(C)C)(COC(=O)CCCCCCCCCCCCCCC(C)C)COC(=O)CCCCCCCCCCCCCCC(C)C,1202.022999999999,24.61520000000004,105.20000000000002,364.1730000000008,0,8,0,8,68,8,0.0336883723397353,0,529.5751210401737,1225.0650273012684,2,False,False,IV,"{""Ester"": 1, ""Ether"": 1}"
peg-6 methyl ether,COCCOCCOCCOCCOCCOCCO,296.36,-0.291899999999998,75.61000000000001,73.05680000000005,1,7,1,7,17,7,0.3695714989634245,0,120.59406152982616,150.79866115943304,0,True,True,I,"{""Alcohol"": 1, ""Ether"": 1}"
peg-6 stearate,CCCCCCCCCCCCCCCCCC(=O)OCCOCCO,372.59000000000015,5.800000000000007,55.760000000000005,108.40980000000008,1,4,1,4,21,4,0.2042672476020197,0,161.5858817414119,281.3158126968737,1,False,False,IV,"{""Alcohol"": 1, ""Ester"": 1, ""Ether"": 1}"
peg-60 almond glycerides,CCCCCCCCCCCCCCCCCCOCC(CO)OC(=O)C,386.6170000000001,6.188500000000007,55.76,113.0048000000001,1,4,1,4,21,4,0.1887157273721236,0,167.95082385580852,306.75347330561345,1,False,False,IV,"{""Alcohol"": 1, ""Ester"": 1, ""Ether"": 1}"
peg-60 hydrogenated castor oil,C1CC=CC(C1)C2=CC=C(C=C2)C3CCC=CC3,238.374,5.334000000000004,0.0,77.90600000000005,0,0,0,0,2,0,0.6104729226032157,0,110.41984012082928,435.611044134908,1,False,False,IV,"{""Alkene"": 1, ""Benzene_Ring"": 1}"
peg-7 glyceryl cocoate,C=CC(=O)OCC(COCC(COCC(COC(=O)C=C)O)O)O,348.348,-1.439299999999999,131.75,81.97040000000003,3,9,3,9,14,9,0.2549619390241664,0,139.62916093971666,360.4059651267415,0,True,True,I,"{""Alcohol"": 1, ""Alkene"": 1, ""Ester"": 1, ""Ether"": 1}"
peg-7 linoleoyl glycerides,CCCCC/C=C\C/C=C\CCCCCCCC(=O)OCC(=O)COP(=O)(O)O,432.4940000000001,5.021500000000006,110.13000000000002,113.32010000000008,2,5,2,7,19,8,0.1275598414289936,0,174.34710008936162,537.1476985951737,1,False,False,IV,"{""Alkene"": 1, ""Ester"": 1, ""Ether"": 1, ""Ketone"": 1}"
peg-75 lanolin,C[C@@H]1C[C@@H]2[C@@H]([C@@H](C(=O)O2)C)[C@@H]([C@]3([C@H]1C=CC3=O)C)O,264.321,1.3261999999999998,63.60000000000001,68.06580000000002,1,4,1,4,0,4,0.6703304027883868,0,112.37216731840051,468.7660327256808,0,True,True,I,"{""Alcohol"": 1, ""Alkene"": 1, ""Ester"": 1, ""Ether"": 1, ""Ketone"": 1}"
peg-8 beeswax,CC1=NC=C(C(=C1O)CO)CO.Cl,205.641,0.5020199999999999,73.58000000000001,49.73240000000003,3,4,3,4,2,5,0.6576684884044585,0,82.28167195277076,290.96278259574564,0,True,True,I,"{""Alcohol"": 1, ""Chlorine"": 1, ""Phenol"": 1, ""Pyridine_Ring"": 1}"
peg-8 dimethicone,CCCCCCCCCCCC[Si](C)(O[Si](C)(C)OCCO)O[Si](C)(C)O[Si](C)(C)C,511.0130000000003,7.276500000000009,57.150000000000006,142.8717999999999,1,5,1,5,20,9,0.1377018505218654,0,198.03869878424808,457.6724389118918,2,False,False,IV,"{""Alcohol"": 1}"
peg-8 glyceryl isostearate,CCCCCCCCCCCCCCCCCC(=O)OCC(COC(=O)CCCCCCCCCCCCCCC)O,596.9780000000003,11.176499999999988,72.83,177.78279999999953,1,5,1,5,34,5,0.0590587016068159,0,261.2215355574048,564.3594814772907,2,False,False,IV,"{""Alcohol"": 1, ""Ester"": 1, ""Ether"": 1}"
peg-8 laurate,CCCCCCCCCCCC(=O)OCCOCCO,288.428,3.4594000000000027,55.760000000000005,80.70780000000006,1,4,1,4,15,4,0.3702163832900561,0,123.39622905503224,206.65355311778828,0,True,True,I,"{""Alcohol"": 1, ""Ester"": 1, ""Ether"": 1}"
peg-8 stearate,CCCCCCCCCCCCCCCCCC(=O)OCCOCCO,372.59000000000015,5.800000000000007,55.760000000000005,108.40980000000008,1,4,1,4,21,4,0.2042672476020197,0,161.5858817414119,281.3158126968737,1,False,False,IV,"{""Alcohol"": 1, ""Ester"": 1, ""Ether"": 1}"
pegoxol 7 stearate,CCCCCCCCCCCCCCCC(=O)CC(=O)OCC,326.521,5.990000000000006,43.370000000000005,96.56900000000007,0,3,0,3,17,3,0.1872155478129273,0,143.10974063095958,286.6113733067997,1,False,False,IV,"{""Ester"": 1, ""Ether"": 1, ""Ketone"": 1}"
pentadecalactone,C1CCCCCCCOC(=O)CCCCCC1,240.38699999999992,4.614500000000005,26.3,70.98000000000006,0,2,0,2,0,2,0.577687148559785,0,106.1176768054035,171.3608411238359,0,True,True,I,"{""Ester"": 1, ""Ether"": 1}"
pentaerythritol,C(C(CO)(CO)CO)O,136.147,-2.058,80.92,30.77619999999999,4,4,4,4,4,4,0.3581212523869495,0,53.37595449420002,51.84847143196431,0,True,True,I,"{""Alcohol"": 1}"
"pentaerythritol tetrakis(3-(3,5-di-tert-butyl-4-hydroxyphenyl)propionate)",CC(C)(C)C1=CC(=CC(=C1O)C(C)(C)C)CCC(=O)OCC(COC(=O)CCC2=CC(=C(C(=C2)C(C)(C)C)O)C(C)(C)C)(COC(=O)CCC3=CC(=C(C(=C3)C(C)(C)C)O)C(C)(C)C)COC(=O)CCC4=CC(=C(C(=C4)C(C)(C)C)O)C(C)(C)C,1177.6549999999986,15.879199999999962,186.12,341.5802000000007,4,12,4,12,20,12,0.0485393000201208,0,510.76205367010925,2473.401539904109,3,False,False,IV,"{""Benzene_Ring"": 1, ""Ester"": 1, ""Ether"": 1, ""Phenol"": 1}"
pentaerythrityl tetrastearate,CCCCCCCCCCCCCCCCCC(=O)OCC(COC(=O)CCCCCCCCCCCCCCCCC)(COC(=O)CCCCCCCCCCCCCCCCC)COC(=O)CCCCCCCCCCCCCCCCC,1202.022999999999,25.19160000000004,105.20000000000002,364.4530000000008,0,8,0,8,72,8,0.0336883646684825,0,529.5751210401737,1175.9206606960556,2,False,False,IV,"{""Ester"": 1, ""Ether"": 1}"
pentetic acid,C(CN(CC(=O)O)CC(=O)O)N(CCN(CC(=O)O)CC(=O)O)CC(=O)O,393.34900000000016,-2.684599999999993,196.22,87.49900000000005,5,8,5,13,16,13,0.1819171088019652,0,153.54177878679445,481.2612252678012,0,True,False,III,"{""Carboxylic_Acid"": 1, ""Tertiary_Amine"": 1}"
pentylene glycol,CCCC(CO)O,104.149,0.1397,40.46,28.000599999999988,2,2,2,2,3,2,0.5343568186867893,0,43.787486989808,37.06139398862029,0,True,True,I,"{""Alcohol"": 1}"
peppermint,C[C@@H]1CC[C@H]([C@@H](C1)O)C(C)C,156.26899999999998,2.4395000000000007,20.23,47.34980000000002,1,1,1,1,1,1,0.6179494584335713,0,69.8121326560658,120.0411847243922,0,True,True,I,"{""Alcohol"": 1}"
peppermint oil,C[C@@H]1CC[C@H]([C@@H](C1)O)C(C)C,156.26899999999998,2.4395000000000007,20.23,47.34980000000002,1,1,1,1,1,1,0.6179494584335713,0,69.8121326560658,120.0411847243922,0,True,True,I,"{""Alcohol"": 1}"
petrolatum,C1=CC=C(C=C1)N=NC2=C(C=CC3=CC(=CC(=C32)S(=O)(=O)[O-])S(=O)(=O)[O-])O.[Na+].[Na+],452.3770000000002,-3.2229999999999968,159.35,92.15720000000005,1,9,1,9,4,13,0.2475552232287474,0,210.49524471948644,1279.6161715165297,0,True,False,III,"{""Azo"": 1, ""Benzene_Ring"": 1, ""Phenol"": 1}"
phenol,C1=CC=C(C=C1)O,94.11299999999996,1.3921999999999997,20.23,28.1068,1,1,1,1,0,1,0.514729544768675,0,42.22563687169298,134.10736969541455,0,True,True,I,"{""Benzene_Ring"": 1, ""Phenol"": 1}"
phenolsulfonphthalein,C1=CC=C2C(=C1)C(OS2(=O)=O)(C3=CC=C(C=C3)O)C4=CC=C(C=C4)O,354.38300000000004,3.1086000000000023,83.83000000000001,90.80840000000002,2,5,2,5,2,6,0.6910303950713771,0,144.44111748423592,992.4323800368252,0,True,True,I,"{""Benzene_Ring"": 1, ""Phenol"": 1}"
phenoxyethanol,C1=CC=C(C=C1)OCCO,138.166,1.0576999999999996,29.46,39.02280000000001,1,2,1,2,3,2,0.6762728590662828,0,60.06906632999306,171.872282370036,0,True,True,I,"{""Alcohol"": 1, ""Benzene_Ring"": 1, ""Ether"": 1}"
phenyl trimethicone,C[Si](C)(C)C1=CC=CC=C1,150.29699999999997,2.2318,0.0,49.42200000000003,0,0,0,0,1,1,0.5385471703105037,0,63.9072167080639,195.7182929772493,0,True,True,I,"{""Benzene_Ring"": 1}"
phenylalanine,C1=CC=C(C=C1)C[C@@H](C(=O)O)N,165.19199999999998,0.641,63.31999999999999,45.75720000000001,2,2,3,3,3,3,0.6904627990029388,0,70.82187601193928,258.4908622767174,0,True,True,I,"{""Benzene_Ring"": 1, ""Carboxylic_Acid"": 1, ""Primary_Amine"": 1}"
phenylethyl alcohol,C1=CC=C(C=C1)CCO,122.16699999999996,1.2213999999999998,20.23,37.23180000000001,1,1,1,1,2,1,0.6249752698115418,0,54.9555211004862,157.4784207656209,0,True,True,I,"{""Alcohol"": 1, ""Benzene_Ring"": 1}"
phenylmercuric acetate,CC(=O)O[Hg]C1=CC=CC=C1,336.74000000000007,0.8725,26.3,37.84200000000001,0,2,0,2,2,3,0.7493411931730899,0,78.6604638419112,233.1071909292144,0,True,True,I,"{""Benzene_Ring"": 1}"
phosphatidyl serine,CCCCCCCCCCCCCCCCCC(=O)OC[C@H](COP(=O)(O)OC[C@@H](C(=O)O)N)OC(=O)CCCCCCCCCCCCCCCCC,792.088999999999,11.509899999999991,171.67999999999998,217.27149999999912,3,9,4,11,42,12,0.0305032597825919,0,329.1185938121289,936.7816980077284,2,False,False,IV,"{""Carboxylic_Acid"": 1, ""Ester"": 1, ""Ether"": 1, ""Primary_Amine"": 1}"
phosphoric acid,OP(=O)(O)O,97.994,-0.9286,77.76,14.2629,3,1,3,4,0,5,0.3418906594306998,0,28.30662084449607,49.78353986569365,0,True,True,I,{}
phosphorylcolamine,C(COP(=O)(O)O)N,141.06299999999996,-0.9456000000000002,92.78,27.0505,3,3,4,5,3,6,0.4405882093541757,0,46.69570724761287,98.2114326716684,0,True,True,I,"{""Primary_Amine"": 1}"
phytonadione,CC1=C(C(=O)C2=CC=CC=C2C1=O)C/C=C(\C)/CCC[C@H](C)CCC[C@H](C)CCCC(C)C,450.70700000000033,9.1576,34.14,140.89599999999993,0,2,0,2,14,2,0.2647058309953126,0,202.492962961602,855.4291361443762,1,False,False,IV,"{""Alkene"": 1, ""Benzene_Ring"": 1, ""Ketone"": 1}"
phytosphingosine,CCCCCCCCCCCCCC[C@H]([C@H]([C@H](CO)N)O)O,317.51399999999995,3.119000000000001,86.71000000000001,92.76980000000006,4,4,5,4,16,4,0.3294303315234465,0,136.66585892617266,226.37780806051805,0,True,True,I,"{""Alcohol"": 1, ""Primary_Amine"": 1}"
pigment red 48,CC1=CC(=C(C=C1Cl)N=NC2=C(C(=CC3=CC=CC=C32)C(=O)O)[O-])S(=O)(=O)[O-].[Na+].[Na+],464.7940000000002,-2.099079999999997,142.28,98.68150000000006,1,7,1,8,4,12,0.2661516453844059,0,220.8555150173605,1265.2565699844197,0,True,False,III,"{""Azo"": 1, ""Benzene_Ring"": 1, ""Carboxylic_Acid"": 1, ""Chlorine"": 1}"
pigment red 5,CCN(CC)S(=O)(=O)C1=CC(=C(C=C1)OC)N=NC2=C(C(=CC3=CC=CC=C32)C(=O)NC4=CC(=C(C=C4OC)OC)Cl)O,627.1190000000003,6.922800000000007,139.12,165.39879999999965,2,9,2,11,11,13,0.1721972706441218,1,254.2637003368908,1808.5283834751751,2,False,False,IV,"{""Amide"": 1, ""Azo"": 1, ""Benzene_Ring"": 1, ""Chlorine"": 1, ""Ether"": 1, ""Phenol"": 1, ""Sulfonamide"": 1}"
pineapple,CC1C(=O)C(=C(O1)C)O,128.12699999999998,0.7637,46.53,30.88279999999999,1,3,1,3,0,3,0.5235905714022909,0,52.93782849584575,180.7419942631984,0,True,True,I,"{""Alkene"": 1, ""Ether"": 1, ""Ketone"": 1}"
piperazine,C1CNCCN1,86.138,-0.8208,24.06,25.7394,2,2,2,2,0,2,0.4022372466625182,0,37.92797058470623,21.01955000865388,0,True,True,I,"{""Secondary_Amine"": 1}"
piperine,C1CCN(CC1)C(=O)/C=C/C=C/C2=CC3=C(C=C2)OCO3,285.3430000000001,2.997200000000001,38.77,81.17000000000004,0,3,0,4,3,4,0.632788302073214,1,124.2033442356936,571.3979945235307,0,True,True,I,"{""Alkene"": 1, ""Amide"": 1, ""Benzene_Ring"": 1, ""Ether"": 1}"
piroctone olamine,CC1=CC(=O)N(C(=C1)CC(C)CC(C)(C)C)O.C(CO)N,298.427,1.94622,88.48,85.70370000000004,3,4,4,5,4,5,0.7412563646246425,0,126.9251357998572,473.3909247801034,0,True,True,I,"{""Alcohol"": 1, ""Primary_Amine"": 1, ""Pyridine_Ring"": 1}"
plasacryl t20,CN1C2=CC=CC=C2C(=C1C3=CC=CC=C3)N=NC4=[N+](C=CS4)C.[Cl-],368.893,2.1507000000000005,33.53,98.02600000000004,0,3,0,4,3,6,0.3920640887228317,0,156.0461260347549,1034.2076301854388,0,True,True,I,"{""Azo"": 1, ""Benzene_Ring"": 1, ""Chlorine"": 1}"
plasmalyte a,CC(=O)[O-].C([C@H]([C@H]([C@@H]([C@H](C(=O)[O-])O)O)O)O)O.O.O.O.O.O.O.O.O.O.[Na+].[Na+].[Na+].[Mg+2].[Cl-].[Cl-].[Cl-].[Cl-].[K+],690.5110000000003,-37.84269999999996,464.91,85.07919999999996,5,9,23,18,5,27,0.1707059361241935,0,350.5541706851165,287.9041775536849,1,False,False,IV,"{""Alcohol"": 1, ""Chlorine"": 1}"
plum,CC1=CC(=O)C2=C(C1=O)C=CC=C2O,188.182,1.7175,54.370000000000005,50.52480000000002,1,3,1,3,0,3,0.6739307044863265,0,80.67795745805006,469.4210300141995,0,True,True,I,"{""Alkene"": 1, ""Benzene_Ring"": 1, ""Ketone"": 1, ""Phenol"": 1}"
polacrilin,C1=CC=C2C(=C1)C(=C3C=CC=CC3=N2)NC4=CN=CC=C4,271.323,4.526600000000003,37.81,86.76870000000001,1,3,1,3,2,3,0.5443349560323552,0,121.84098453453248,863.0220871690416,0,True,True,I,"{""Benzene_Ring"": 1, ""Pyridine_Ring"": 1, ""Secondary_Amine"": 1}"
polacrilin potassium,[Li+].[Li+].[O-][Nb](=O)=O.[O-][Nb](=O)=O.[O-][Nb](=O)=O.[O-][Nb](=O)=O.[O-][Nb](=O)=O.[K+].[K+].[K+],835.691,-22.1255,285.99999999999994,6.864999999999998,0,15,0,15,0,25,0.2048852686727517,0,325.5680987068308,397.4177320667444,2,False,False,IV,{}
polifeprosan 20,CCCC(C)(COC(=O)N)COC(=O)N,218.253,0.9834000000000004,104.64,54.08580000000003,2,4,4,6,6,6,0.6928160102714501,2,88.88870399612915,212.1522339557625,0,True,True,I,"{""Carbamate"": 1, ""Ester"": 1, ""Ether"": 1}"
poloxamer 124,C1CN1,43.069,-0.4104,21.94,12.869700000000002,1,1,1,1,0,1,0.3661388090399808,0,19.64822417230497,7.509775004326937,0,True,True,I,"{""Secondary_Amine"": 1}"
poloxamer 181,C1CN1,43.069,-0.4104,21.94,12.869700000000002,1,1,1,1,0,1,0.3661388090399808,0,19.64822417230497,7.509775004326937,0,True,True,I,"{""Secondary_Amine"": 1}"
poloxamer 182,C1CN1,43.069,-0.4104,21.94,12.869700000000002,1,1,1,1,0,1,0.3661388090399808,0,19.64822417230497,7.509775004326937,0,True,True,I,"{""Secondary_Amine"": 1}"
poloxamer 188,C1CN1,43.069,-0.4104,21.94,12.869700000000002,1,1,1,1,0,1,0.3661388090399808,0,19.64822417230497,7.509775004326937,0,True,True,I,"{""Secondary_Amine"": 1}"
poloxamer 338,C1CN1,43.069,-0.4104,21.94,12.869700000000002,1,1,1,1,0,1,0.3661388090399808,0,19.64822417230497,7.509775004326937,0,True,True,I,"{""Secondary_Amine"": 1}"
poloxamer 407,C1CN1,43.069,-0.4104,21.94,12.869700000000002,1,1,1,1,0,1,0.3661388090399808,0,19.64822417230497,7.509775004326937,0,True,True,I,"{""Secondary_Amine"": 1}"
"poly(dl-lactic-co-glycolic acid), (50:50; 12000 mw)",CC(C)CCOCC(=O)OCC=C,186.251,1.7783000000000002,35.53,51.43000000000004,0,3,0,3,7,3,0.3451873252247859,0,79.72273958427228,152.24884793672035,0,True,True,I,"{""Alkene"": 1, ""Ester"": 1, ""Ether"": 1}"
"poly(dl-lactic-co-glycolic acid), (50:50; 15000 mw)",CC(C)CCOCC(=O)OCC=C,186.251,1.7783000000000002,35.53,51.43000000000004,0,3,0,3,7,3,0.3451873252247859,0,79.72273958427228,152.24884793672035,0,True,True,I,"{""Alkene"": 1, ""Ester"": 1, ""Ether"": 1}"
"poly(dl-lactic-co-glycolic acid), (75:25; 20000 mw)",CC(C)CCOCC(=O)OCC=C,186.251,1.7783000000000002,35.53,51.43000000000004,0,3,0,3,7,3,0.3451873252247859,0,79.72273958427228,152.24884793672035,0,True,True,I,"{""Alkene"": 1, ""Ester"": 1, ""Ether"": 1}"
"poly(dl-lactic-co-glycolic acid), (75:25; 9500 mw)",CC(C)CCOCC(=O)OCC=C,186.251,1.7783000000000002,35.53,51.43000000000004,0,3,0,3,7,3,0.3451873252247859,0,79.72273958427228,152.24884793672035,0,True,True,I,"{""Alkene"": 1, ""Ester"": 1, ""Ether"": 1}"
"poly(dl-lactic-co-glycolic acid), (85:15; 23000 mw)",CC(C)CCOCC(=O)OCC=C,186.251,1.7783000000000002,35.53,51.43000000000004,0,3,0,3,7,3,0.3451873252247859,0,79.72273958427228,152.24884793672035,0,True,True,I,"{""Alkene"": 1, ""Ester"": 1, ""Ether"": 1}"
poly(methyl acrylate-co-methyl methacrylate-co-methacrylic acid 7:3:1; 280000 mw),CC(=C)C(=O)OC,100.117,0.7355,26.3,26.829999999999988,0,2,0,2,1,2,0.3585081503901225,0,42.78448378278237,94.25327665163482,0,True,True,I,"{""Alkene"": 1, ""Ester"": 1, ""Ether"": 1}"
polyacrylamide (10000 mw),CCCNC(=O)C=C,113.15999999999998,0.6985999999999999,29.1,33.49769999999999,1,1,1,2,3,2,0.5361282491464721,1,49.58574285128014,88.5293250129808,0,True,True,I,"{""Alkene"": 1, ""Amide"": 1}"
polyacrylamide (1500 mw),CCCNC(=O)C=C,113.15999999999998,0.6985999999999999,29.1,33.49769999999999,1,1,1,2,3,2,0.5361282491464721,1,49.58574285128014,88.5293250129808,0,True,True,I,"{""Alkene"": 1, ""Amide"": 1}"
polyacrylate-13,CCCC(=C)C(=O)OCC,142.19799999999998,1.9058,26.3,40.68100000000001,0,2,0,2,4,2,0.4424089901651702,0,61.8793101259722,111.21928094887362,0,True,True,I,"{""Alkene"": 1, ""Ester"": 1, ""Ether"": 1}"
polyacrylic acid (250000 mw),CC1=CC(=CC=C1)/C=C/C(=O)O,162.18799999999996,2.09282,37.3,47.84880000000002,1,1,1,2,2,2,0.6758950968412794,0,71.15732439713892,313.3695475100625,0,True,True,I,"{""Alkene"": 1, ""Benzene_Ring"": 1, ""Carboxylic_Acid"": 1}"
polyacrylic acid (450000 mw),CC1=CC(=CC=C1)/C=C/C(=O)O,162.18799999999996,2.09282,37.3,47.84880000000002,1,1,1,2,2,2,0.6758950968412794,0,71.15732439713892,313.3695475100625,0,True,True,I,"{""Alkene"": 1, ""Benzene_Ring"": 1, ""Carboxylic_Acid"": 1}"
polyacrylic acid (8000 mw),C1=CC=NC(=C1)/C=C/C(=O)O,149.14899999999997,1.1794,50.19,40.90680000000001,1,2,1,3,2,3,0.6421059096092493,0,64.01203026368881,266.6803640735756,0,True,True,I,"{""Alkene"": 1, ""Carboxylic_Acid"": 1, ""Pyridine_Ring"": 1}"
polyacrylic acid (800000 mw),CC1=CC(=CC=C1)/C=C/C(=O)O,162.18799999999996,2.09282,37.3,47.84880000000002,1,1,1,2,2,2,0.6758950968412794,0,71.15732439713892,313.3695475100625,0,True,True,I,"{""Alkene"": 1, ""Benzene_Ring"": 1, ""Carboxylic_Acid"": 1}"
polybutene (1400 mw),C1=CC(=CC=C1C(=O)O)C(=O)O.C(CCO)CO,256.2539999999999,0.8341999999999998,115.06,63.76620000000002,4,4,4,6,5,6,0.5800120425142336,0,104.12686616827745,333.65895468160346,0,True,True,I,"{""Alcohol"": 1, ""Benzene_Ring"": 1, ""Carboxylic_Acid"": 1}"
polycarbophil,CCOC(=O)P(=O)(O)OCC,182.112,1.3648,72.83000000000001,38.4733,1,4,1,5,4,6,0.6642634146614502,0,64.84480621301736,177.71159065163116,0,True,True,I,"{""Ester"": 1, ""Ether"": 1}"
polydextrose,C([C@H]([C@H]([C@@H]([C@H](C=O)O)O)O)O)O.O,198.171,-4.203499999999998,149.72000000000003,40.7908,5,6,7,7,5,7,0.2825018342065655,0,74.17740588925078,138.94445687710405,0,True,False,III,"{""Alcohol"": 1, ""Aldehyde"": 1}"
polyester-10,CC(=O)OCCC1=CC=C(C=C1)N(CCCl)CCCl,304.217,3.076200000000002,29.54,80.43200000000004,0,3,0,3,8,5,0.5458795644774522,0,123.9923734881872,375.5372835152444,0,True,True,I,"{""Benzene_Ring"": 1, ""Chlorine"": 1, ""Ester"": 1, ""Ether"": 1, ""Tertiary_Amine"": 1}"
polyethylene glycol 1000,CCCCC(CC)COCCO,174.28399999999996,2.211700000000001,29.46,51.21080000000004,1,2,1,2,8,2,0.5716348607832024,0,75.9315090391019,83.9077646698008,0,True,True,I,"{""Alcohol"": 1, ""Ether"": 1}"
polyethylene glycol 10000,CCCCC(CC)COCCO,174.28399999999996,2.211700000000001,29.46,51.21080000000004,1,2,1,2,8,2,0.5716348607832024,0,75.9315090391019,83.9077646698008,0,True,True,I,"{""Alcohol"": 1, ""Ether"": 1}"
polyethylene glycol 100000,CCCCC(CC)COCCO,174.28399999999996,2.211700000000001,29.46,51.21080000000004,1,2,1,2,8,2,0.5716348607832024,0,75.9315090391019,83.9077646698008,0,True,True,I,"{""Alcohol"": 1, ""Ether"": 1}"
polyethylene glycol 12000,CCCCC(CC)COCCO,174.28399999999996,2.211700000000001,29.46,51.21080000000004,1,2,1,2,8,2,0.5716348607832024,0,75.9315090391019,83.9077646698008,0,True,True,I,"{""Alcohol"": 1, ""Ether"": 1}"
polyethylene glycol 1450,CCCCC(CC)COCCO,174.28399999999996,2.211700000000001,29.46,51.21080000000004,1,2,1,2,8,2,0.5716348607832024,0,75.9315090391019,83.9077646698008,0,True,True,I,"{""Alcohol"": 1, ""Ether"": 1}"
polyethylene glycol 1600,CCCCC(CC)COCCO,174.28399999999996,2.211700000000001,29.46,51.21080000000004,1,2,1,2,8,2,0.5716348607832024,0,75.9315090391019,83.9077646698008,0,True,True,I,"{""Alcohol"": 1, ""Ether"": 1}"
polyethylene glycol 200,C(COCCOCCOCCO)O,194.227,-0.9791999999999998,68.15,46.62860000000003,2,5,2,5,10,5,0.4374913994460141,0,78.22294902151847,78.60357147141794,0,True,True,I,"{""Alcohol"": 1, ""Ether"": 1}"
polyethylene glycol 2000,CCCCC(CC)COCCO,174.28399999999996,2.211700000000001,29.46,51.21080000000004,1,2,1,2,8,2,0.5716348607832024,0,75.9315090391019,83.9077646698008,0,True,True,I,"{""Alcohol"": 1, ""Ether"": 1}"
polyethylene glycol 20000,C(CO)O,62.068000000000005,-1.029,40.46,14.171600000000002,2,2,2,2,1,2,0.407527890666417,0,24.69266064661818,6.0,0,True,True,I,"{""Alcohol"": 1}"
polyethylene glycol 2000000,CCCCC(CC)COCCO,174.28399999999996,2.211700000000001,29.46,51.21080000000004,1,2,1,2,8,2,0.5716348607832024,0,75.9315090391019,83.9077646698008,0,True,True,I,"{""Alcohol"": 1, ""Ether"": 1}"
polyethylene glycol 300,COCCOCCOCCOCCOCCOCCOCCOCCOCCO,428.5190000000004,-0.2420999999999941,103.30000000000004,105.51380000000007,1,10,1,10,26,10,0.1856648553195466,0,174.12434990472647,257.7154702712252,0,True,True,I,"{""Alcohol"": 1, ""Ether"": 1}"
polyethylene glycol 3000,CCCCC(CC)COCCO,174.28399999999996,2.211700000000001,29.46,51.21080000000004,1,2,1,2,8,2,0.5716348607832024,0,75.9315090391019,83.9077646698008,0,True,True,I,"{""Alcohol"": 1, ""Ether"": 1}"
polyethylene glycol 3350,CCCCC(CC)COCCO,174.28399999999996,2.211700000000001,29.46,51.21080000000004,1,2,1,2,8,2,0.5716348607832024,0,75.9315090391019,83.9077646698008,0,True,True,I,"{""Alcohol"": 1, ""Ether"": 1}"
polyethylene glycol 3500,CCCCC(CC)COCCO,174.28399999999996,2.211700000000001,29.46,51.21080000000004,1,2,1,2,8,2,0.5716348607832024,0,75.9315090391019,83.9077646698008,0,True,True,I,"{""Alcohol"": 1, ""Ether"": 1}"
polyethylene glycol 400,COCCOCCOCCOCCOCCOCCOCCOCCOCCO,428.5190000000004,-0.2420999999999941,103.30000000000004,105.51380000000007,1,10,1,10,26,10,0.1856648553195466,0,174.12434990472647,257.7154702712252,0,True,True,I,"{""Alcohol"": 1, ""Ether"": 1}"
polyethylene glycol 4000,CCCCC(CC)COCCO,174.28399999999996,2.211700000000001,29.46,51.21080000000004,1,2,1,2,8,2,0.5716348607832024,0,75.9315090391019,83.9077646698008,0,True,True,I,"{""Alcohol"": 1, ""Ether"": 1}"
polyethylene glycol 4500,CCCCC(CC)COCCO,174.28399999999996,2.211700000000001,29.46,51.21080000000004,1,2,1,2,8,2,0.5716348607832024,0,75.9315090391019,83.9077646698008,0,True,True,I,"{""Alcohol"": 1, ""Ether"": 1}"
polyethylene glycol 6000,CCCCC(CC)COCCO,174.28399999999996,2.211700000000001,29.46,51.21080000000004,1,2,1,2,8,2,0.5716348607832024,0,75.9315090391019,83.9077646698008,0,True,True,I,"{""Alcohol"": 1, ""Ether"": 1}"
polyethylene glycol 7000000,CCCCC(CC)COCCO,174.28399999999996,2.211700000000001,29.46,51.21080000000004,1,2,1,2,8,2,0.5716348607832024,0,75.9315090391019,83.9077646698008,0,True,True,I,"{""Alcohol"": 1, ""Ether"": 1}"
polyethylene glycol 800,COCCOCCOCCOCCOCCOCCOCCOCCOCCO,428.5190000000004,-0.2420999999999941,103.30000000000004,105.51380000000007,1,10,1,10,26,10,0.1856648553195466,0,174.12434990472647,257.7154702712252,0,True,True,I,"{""Alcohol"": 1, ""Ether"": 1}"
polyethylene glycol 8000,CCCCC(CC)COCCO,174.28399999999996,2.211700000000001,29.46,51.21080000000004,1,2,1,2,8,2,0.5716348607832024,0,75.9315090391019,83.9077646698008,0,True,True,I,"{""Alcohol"": 1, ""Ether"": 1}"
polyethylene glycol monomethyl ether 350,CC(=C)C(=O)OCCOCCO,174.19599999999997,0.1146,55.760000000000005,43.67780000000002,1,4,1,4,6,4,0.3526763692309684,0,71.78708910767509,153.13685006057713,0,True,True,I,"{""Alcohol"": 1, ""Alkene"": 1, ""Ester"": 1, ""Ether"": 1}"
polyethylene glycol monomethyl ether 550,CC(=C)C(=O)OCCOCCO,174.19599999999997,0.1146,55.760000000000005,43.67780000000002,1,4,1,4,6,4,0.3526763692309684,0,71.78708910767509,153.13685006057713,0,True,True,I,"{""Alcohol"": 1, ""Alkene"": 1, ""Ester"": 1, ""Ether"": 1}"
"polyethylene glycol, unspecified",CCCCC(CC)COCCO,174.28399999999996,2.211700000000001,29.46,51.21080000000004,1,2,1,2,8,2,0.5716348607832024,0,75.9315090391019,83.9077646698008,0,True,True,I,"{""Alcohol"": 1, ""Ether"": 1}"
polyethylene oxide 1000000,C1CN(CCN1CCOCC(=O)OCCO)C(C2=CC=CC=C2)C3=CC=C(C=C3)Cl,432.9480000000001,2.5991000000000017,62.24000000000001,116.61380000000004,1,6,1,6,10,7,0.4596995636893407,0,182.5028093089364,764.5323880019243,0,True,True,I,"{""Alcohol"": 1, ""Benzene_Ring"": 1, ""Chlorine"": 1, ""Ester"": 1, ""Ether"": 1, ""Tertiary_Amine"": 1}"
polyethylene oxide 200000,C1CN1.C(CN)N,103.16900000000004,-1.5065999999999988,73.98,30.9785,3,3,5,3,1,3,0.3532749823187046,0,44.06372094865284,23.36099039894992,0,True,True,I,"{""Primary_Amine"": 1, ""Secondary_Amine"": 1}"
polyethylene oxide 5000000,C1CN(CCN1CCOCC(=O)OCCO)C(C2=CC=CC=C2)C3=CC=C(C=C3)Cl,432.9480000000001,2.5991000000000017,62.24000000000001,116.61380000000004,1,6,1,6,10,7,0.4596995636893407,0,182.5028093089364,764.5323880019243,0,True,True,I,"{""Alcohol"": 1, ""Benzene_Ring"": 1, ""Chlorine"": 1, ""Ester"": 1, ""Ether"": 1, ""Tertiary_Amine"": 1}"
polyethylene oxide 600000,C1CN1.C(CN)N,103.16900000000004,-1.5065999999999988,73.98,30.9785,3,3,5,3,1,3,0.3532749823187046,0,44.06372094865284,23.36099039894992,0,True,True,I,"{""Primary_Amine"": 1, ""Secondary_Amine"": 1}"
polyethylene oxide 900000,C1CN1.C(CN)N,103.16900000000004,-1.5065999999999988,73.98,30.9785,3,3,5,3,1,3,0.3532749823187046,0,44.06372094865284,23.36099039894992,0,True,True,I,"{""Primary_Amine"": 1, ""Secondary_Amine"": 1}"
polyethylene terephthalate (intrinsic viscosity 0.70-1.00),CC1=C(C=CC(=C1)C(=O)OC)C(=O)OC,208.213,1.56822,52.60000000000001,53.858000000000025,0,4,0,4,2,4,0.6920428978260124,0,87.80624835058131,395.5744368852867,0,True,True,I,"{""Benzene_Ring"": 1, ""Ester"": 1, ""Ether"": 1}"
polyglyceryl-10 oleate,CCCCCCCCCCCCCCCCCC(=O)OCC(CO)O,358.56300000000005,5.144300000000007,66.76,103.59760000000009,2,4,2,4,19,4,0.247608775706865,0,154.9016281497044,281.06961450124,1,False,False,IV,"{""Alcohol"": 1, ""Ester"": 1, ""Ether"": 1}"
polyglyceryl-2 isostearate,CC(C)CCCCCCCCCCCCCCC(=O)OCC(COCC(CO)O)O,432.64200000000017,4.377700000000005,96.22,120.35340000000012,3,6,3,6,22,6,0.1735352906399079,0,183.9042334745972,374.7076540327686,0,True,True,I,"{""Alcohol"": 1, ""Ester"": 1, ""Ether"": 1}"
polyglyceryl-3 diisostearate,CC(C)CCCCCCCCCCCCCCC(=O)OCC(COCC(COC(=O)CCCCCCCCCCCCCCC(C)C)O)O,699.111,11.04599999999999,102.29,203.70259999999925,2,7,2,7,38,7,0.0488527027367355,0,302.95402511109074,653.1438459752313,2,False,False,IV,"{""Alcohol"": 1, ""Ester"": 1, ""Ether"": 1}"
polyglyceryl-3 dioleate,CCCCCCCC/C=C\CCCCCCCC(=O)OCC(O)COCC(O)COCC(O)COC(=O)CCCCCCC/C=C\CCCCCCCC,769.1579999999993,10.2637,131.75000000000003,220.4803999999991,3,9,3,9,42,9,0.0315381666408969,0,330.57742437161465,794.0775858043987,2,False,False,IV,"{""Alcohol"": 1, ""Alkene"": 1, ""Ester"": 1, ""Ether"": 1}"
polyglyceryl-3 oleate,CCCCCCCC/C=C\CCCCCCCC(=O)OCC(COCC(COCC(CO)O)O)O,504.70500000000027,3.675300000000005,125.68000000000002,137.1552000000001,4,8,4,8,26,8,0.0798579872471479,0,212.2172357673056,485.80171193904073,1,False,True,II,"{""Alcohol"": 1, ""Alkene"": 1, ""Ester"": 1, ""Ether"": 1}"
polyglyceryl-4 isostearate,CC(C)CCCCCCCCCCCCCCC(=O)OCC(CO)O,358.56300000000005,5.000200000000006,66.76,103.52760000000008,2,4,2,4,18,4,0.267175947964801,0,154.9016281497044,291.6206365834133,1,False,False,IV,"{""Alcohol"": 1, ""Ester"": 1, ""Ether"": 1}"
polyhydroxystearic acid (2300 mw),C(CCCCCCCCC(=O)O)CCCCCCCCO,300.483,5.304900000000005,57.53,88.59360000000007,2,2,2,3,17,3,0.3580731575331437,0,130.6932565770077,216.50897832885147,1,False,False,IV,"{""Alcohol"": 1, ""Carboxylic_Acid"": 1}"
polyisobutylene (1100000 mw),C(CO)O,62.068000000000005,-1.029,40.46,14.171600000000002,2,2,2,2,1,2,0.407527890666417,0,24.69266064661818,6.0,0,True,True,I,"{""Alcohol"": 1}"
polyisobutylene (35000 mw),C(=C(F)F)(C(F)(F)F)C(F)(F)F,200.028,3.2616,0.0,21.352000000000004,0,0,0,0,0,8,0.5261212634391369,0,60.468757562245,172.0838499786226,0,True,True,I,"{""Alkene"": 1, ""Fluorine"": 1}"
polyisobutylene (55000 mw),C(=C(F)F)(C(F)(F)F)C(F)(F)F,200.028,3.2616,0.0,21.352000000000004,0,0,0,0,0,8,0.5261212634391369,0,60.468757562245,172.0838499786226,0,True,True,I,"{""Alkene"": 1, ""Fluorine"": 1}"
polyisobutylene (800000 mw),C(=C(F)F)(C(F)(F)F)C(F)(F)F,200.028,3.2616,0.0,21.352000000000004,0,0,0,0,0,8,0.5261212634391369,0,60.468757562245,172.0838499786226,0,True,True,I,"{""Alkene"": 1, ""Fluorine"": 1}"
polylactide,CC1=CC=CC=C1C(=O)N,135.16599999999997,1.09392,43.09,39.69690000000001,1,1,2,2,1,2,0.6150947811524279,1,59.662700145346655,255.1894333808838,0,True,True,I,"{""Amide"": 1, ""Benzene_Ring"": 1}"
polymethylsilsesquioxane (4.5 microns),C[Si]12O[Si]3(O[Si]4(O[Si](O1)(O[Si]5(O[Si](O2)(O[Si](O3)(O[Si](O4)(O5)C)C)C)C)C)C)C,536.9560000000002,0.8031999999999988,110.76000000000003,105.96400000000004,0,12,0,12,0,20,0.4082727493742931,0,171.63501547185714,489.3155092387119,2,False,True,II,{}
polyoxyl 100 stearate type i,CCCCCCCCCCCCCCCCCC(=O)O.C1=CC=C(C=C1)N=C(N)N,419.65400000000005,6.924000000000007,101.7,129.0936000000001,3,2,5,5,17,5,0.1447169464246882,0,183.9019941786871,528.4550905640536,1,False,False,IV,"{""Benzene_Ring"": 1, ""Carboxylic_Acid"": 1, ""Primary_Amine"": 1}"
polyoxyl 15 hydroxystearate,C(CCCCC(CCCCCOCCOCCOCCOCCOCCOCCOCCOCCOCCOCCOCCOCCOCCOCCOCCO)O)CCCCC(=O)O,949.2229999999996,3.744500000000015,216.21,243.0343999999989,3,18,3,19,60,19,0.0740528812182669,0,390.4090479749119,880.5543815228448,2,False,False,IV,"{""Alcohol"": 1, ""Carboxylic_Acid"": 1, ""Ether"": 1}"
polyoxyl 20 cetostearyl ether,CCCCCCCCCCCCCCCCOCCOCCOCCOCCOCCOCCOCCOCCOCCOCCOCCOCCO,771.0829999999999,5.659200000000009,130.99000000000004,207.2257999999991,1,13,1,13,50,13,0.0765023646925422,0,323.128769995576,571.1843288416134,3,False,False,IV,"{""Alcohol"": 1, ""Ether"": 1}"
polyoxyl 35 castor oil,CCCCCCCCCCCCOCCOCC=O,272.4289999999999,4.139400000000003,35.53,79.54600000000006,0,3,0,3,16,3,0.3127849681467279,0,118.60199530283624,171.3769807641209,0,True,True,I,"{""Aldehyde"": 1, ""Ether"": 1}"
polyoxyl 40 hydrogenated castor oil,C1CC=CC(C1)C2=CC=C(C=C2)C3CCC=CC3,238.374,5.334000000000004,0.0,77.90600000000005,0,0,0,0,2,0,0.6104729226032157,0,110.41984012082928,435.611044134908,1,False,False,IV,"{""Alkene"": 1, ""Benzene_Ring"": 1}"
polyoxyl 40 stearate,CCCCCCCCCC1(N(C(CO1)(C)C)[O])CCCCCCCC(=O)O,384.5810000000002,6.095000000000006,69.67,107.8523000000001,1,3,1,5,16,5,0.3266300238585589,0,165.97461128025313,413.11695797010566,1,False,False,IV,"{""Carboxylic_Acid"": 1, ""Ether"": 1, ""Tertiary_Amine"": 1}"
polypropylene (30000 mw),CC(=O)OCC(COC1=CC=CC=C1)OC(=O)C,252.266,1.5602,61.830000000000005,64.12400000000004,0,5,0,5,6,5,0.7188799067206958,0,105.6496778088814,387.6278939761866,0,True,True,I,"{""Benzene_Ring"": 1, ""Ester"": 1, ""Ether"": 1}"
polypropylene glycol 15 stearyl ether,CC(COC(=O)C)OC(=O)C,160.16899999999998,0.5011,52.6,37.861,0,4,0,4,3,4,0.5639952854428814,0,65.47903837331049,152.51956340253028,0,True,True,I,"{""Ester"": 1, ""Ether"": 1}"
polysorbate 20,C/C=C/C=C/C(=O)[O-].[K+],150.218,-3.127399999999999,40.13,28.960999999999988,0,2,0,2,2,3,0.237184003952915,0,97.06307608304644,127.01955000865388,0,True,True,I,"{""Alkene"": 1}"
polysorbate 40,C/C=C/C=C/C(=O)[O-].[K+],150.218,-3.127399999999999,40.13,28.960999999999988,0,2,0,2,2,3,0.237184003952915,0,97.06307608304644,127.01955000865388,0,True,True,I,"{""Alkene"": 1}"
polysorbate 60,CCCCCCCCCCCC(=O)OC[C@H]([C@@H]1[C@@H]([C@H](CO1)OCCO)OCCO)O,434.5700000000003,1.9652000000000005,114.68000000000002,112.20140000000008,3,8,3,8,19,8,0.208792369256426,0,180.39560855128843,419.9417132799475,0,True,True,I,"{""Alcohol"": 1, ""Ester"": 1, ""Ether"": 1}"
polysorbate 65,C/C=C/C=C/C(=O)[O-].[K+],150.218,-3.127399999999999,40.13,28.960999999999988,0,2,0,2,2,3,0.237184003952915,0,97.06307608304644,127.01955000865388,0,True,True,I,"{""Alkene"": 1}"
polysorbate 80,C/C=C/C=C/C(=O)[O-].[K+],150.218,-3.127399999999999,40.13,28.960999999999988,0,2,0,2,2,3,0.237184003952915,0,97.06307608304644,127.01955000865388,0,True,True,I,"{""Alkene"": 1}"
polystyrene sulfonic acid,C=CC1=CC=C(C=C1)S(=O)(=O)O,184.216,1.5762999999999998,54.370000000000005,46.34760000000002,1,2,1,3,2,4,0.7097120448777469,0,71.10032032614654,375.268929301176,0,True,True,I,"{""Alkene"": 1, ""Benzene_Ring"": 1}"
polytetrafluoroethylene,C(=C(F)F)(F)F,100.014,1.991,0.0,11.458000000000002,0,0,0,0,0,4,0.4081112544268904,0,31.07673172174684,55.61727061434748,0,True,True,I,"{""Alkene"": 1, ""Fluorine"": 1}"
polyvinyl acetate,CCOC(=O)CC1=CC=CC=N1,165.192,1.1872,39.19,44.57400000000003,0,3,0,3,3,3,0.631310527424403,0,71.38588688758053,245.96526492984668,0,True,True,I,"{""Ester"": 1, ""Ether"": 1, ""Pyridine_Ring"": 1}"
polyvinyl acetate phthalate,CC(=O)NC1=CC(=C(C=C1)C(=O)OC)C(=O)OC,251.238,1.2181999999999995,81.7,63.42470000000002,1,5,1,6,3,6,0.8165871057135426,1,103.88257474862972,495.24117909327657,0,True,True,I,"{""Amide"": 1, ""Benzene_Ring"": 1, ""Ester"": 1, ""Ether"": 1}"
polyvinyl alcohol,C(CSSCCO)N,153.272,0.3188,46.25,41.05620000000001,2,4,3,2,5,4,0.4408961283561304,0,57.61438395730824,39.01955000865387,0,True,True,I,"{""Alcohol"": 1, ""Primary_Amine"": 1}"
polyvinyl alcohol (100000 mw),C=CC1=CC=C(C=C1)CO,134.178,1.8219,20.23,42.455800000000025,1,1,1,1,2,1,0.6537447475538449,0,60.63086018269854,210.67480493540785,0,True,True,I,"{""Alcohol"": 1, ""Alkene"": 1, ""Benzene_Ring"": 1}"
polyvinyl alcohol (130000 mw),C=CC1=CC=C(C=C1)CO,134.178,1.8219,20.23,42.455800000000025,1,1,1,1,2,1,0.6537447475538449,0,60.63086018269854,210.67480493540785,0,True,True,I,"{""Alcohol"": 1, ""Alkene"": 1, ""Benzene_Ring"": 1}"
polyvinyl alcohol (40000 mw),C1OC2=C(O1)C=C(C=C2)CO,152.14899999999997,0.9076,38.69,38.487800000000014,1,3,1,3,1,3,0.6495531494143051,0,64.17678040597072,270.0397225795641,0,True,True,I,"{""Alcohol"": 1, ""Benzene_Ring"": 1, ""Ether"": 1}"
polyvinyl alcohol (94000 mw),C1OC2=C(O1)C=C(C=C2)CO,152.14899999999997,0.9076,38.69,38.487800000000014,1,3,1,3,1,3,0.6495531494143051,0,64.17678040597072,270.0397225795641,0,True,True,I,"{""Alcohol"": 1, ""Benzene_Ring"": 1, ""Ether"": 1}"
polyvinyl alcohol graft polyethylene glycol copolymer (3:1; 45000 mw),C=CO,44.053,0.6879,20.23,12.8258,1,1,1,1,0,1,0.3964563870227384,0,19.20882386223792,10.264662506490405,0,True,True,I,"{""Alkene"": 1}"
ponceau 4r,C1=CC=C2C(=C1)C(=CC=C2S(=O)(=O)[O-])N=NC3=C(C=CC4=CC(=CC(=C43)S(=O)(=O)[O-])S(=O)(=O)[O-])O.[Na+].[Na+].[Na+],604.4830000000003,-6.161699999999998,216.55,117.62640000000002,1,12,1,12,5,18,0.1291400094112907,0,283.21894488397425,1897.0401715043104,2,False,False,IV,"{""Azo"": 1, ""Benzene_Ring"": 1, ""Phenol"": 1}"
poppy seed oil,C1=C(OC(=C(C1=O)O)C(=O)O)C(=O)O,200.102,-0.2582,125.04,40.56139999999999,3,5,3,7,2,7,0.5999315459102103,0,75.83337172901857,455.5963816284177,0,True,True,I,"{""Carboxylic_Acid"": 1, ""Phenol"": 1}"
potassium acetate,CC(=O)[O-].[K+],98.142,-4.2398,40.13,10.681,0,2,0,2,0,3,0.287927067739671,0,72.98251368982851,30.629190483090685,0,True,True,I,{}
potassium bicarbonate,C(=O)(O)[O-].[K+],100.114,-4.1083,60.36,8.0248,1,2,1,3,0,4,0.314613871198609,0,71.41180532762793,29.87430298092722,0,True,True,I,"{""Carboxylic_Acid"": 1}"
potassium bisulfite,OS(=O)[O-].[K+],120.17,-3.6575,60.36,11.5486,1,2,1,3,0,5,0.2646759681637236,0,74.6776030688795,29.87430298092722,0,True,True,I,{}
potassium bitartrate,[C@@H]([C@H](C(=O)[O-])O)(C(=O)O)O.[K+],188.176,-6.453299999999999,117.89,24.65639999999999,3,5,3,6,3,7,0.3789418825217034,0,104.25662127525352,138.66127285260657,0,True,True,I,"{""Alcohol"": 1, ""Carboxylic_Acid"": 1}"
potassium carbonate,C(=O)([O-])[O-].[K+].[K+],138.204,-8.439,63.19,5.396,0,3,0,3,0,5,0.3122594796993859,0,120.33437002299053,31.774437510817343,0,True,True,I,{}
potassium cation,[K+],39.098,-2.996,0.0,0.0,0,0,0,0,0,1,0.2522876668859571,0,50.29104245526629,0.0,0,True,True,I,{}
potassium chloride,[Cl-].[K+],74.551,-5.992,0.0,0.0,0,0,0,0,0,2,0.2511530548165482,0,62.44413570781571,2.0,0,True,True,I,"{""Chlorine"": 1}"
potassium citrate,C(C(=O)[O-])C(CC(=O)[O-])(C(=O)[O-])O.O.[K+].[K+].[K+],324.408,-15.065300000000002,172.11999999999998,32.81859999999999,1,7,3,8,5,11,0.4885713521772029,0,224.47391042323,239.6450711381022,0,True,False,III,"{""Alcohol"": 1}"
potassium citrate anhydrous,C(C(=O)[O-])C(CC(=O)[O-])(C(=O)[O-])O.[K+].[K+].[K+],306.39300000000003,-14.240600000000002,140.61999999999998,29.204799999999988,1,7,1,7,5,10,0.4970539953295319,0,218.99315699481568,238.5067183824432,0,True,False,III,"{""Alcohol"": 1}"
potassium hydroxide,[OH-].[K+],56.105,-3.1728,30.0,1.9358,0,1,1,1,0,2,0.2691704359282608,0,55.771795883680674,2.0,0,True,True,I,{}
potassium iodide,[K+].[I-],166.002,-5.992,0.0,0.0,0,0,0,0,0,2,0.24806899046579,0,73.43483487190015,2.0,0,True,True,I,"{""Iodine"": 1}"
potassium metabisulfite,[O-]S(=O)S(=O)(=O)[O-].[K+].[K+],222.325,-7.6663,97.33,18.617,0,5,0,5,1,9,0.1899136941662148,0,139.62552823237831,167.39701629525194,0,True,True,I,{}
potassium nitrate,[N+](=O)([O-])[O-].[K+],101.102,-3.2351,66.2,10.3614,0,3,0,4,0,5,0.182871350343771,0,70.6981215829693,29.87430298092722,0,True,True,I,"{""Nitro"": 1, ""Tertiary_Amine"": 1}"
"potassium phosphate, dibasic",OP(=O)([O-])[O-].[K+].[K+],174.17399999999998,-8.1846,83.42,9.8253,1,3,1,4,0,7,0.2918512879947016,0,126.15175023522124,55.82538384566007,0,True,True,I,{}
"potassium phosphate, monobasic",OP(=O)(O)[O-].[K+],136.084,-4.5566,80.59,12.0441,2,2,2,4,0,6,0.2593730243123169,0,77.22918553985866,53.68367439558378,0,True,True,I,{}
"potassium phosphate, unspecified form",OP(=O)(O)[O-].[K+],136.084,-4.5566,80.59,12.0441,2,2,2,4,0,6,0.2593730243123169,0,77.22918553985866,53.68367439558378,0,True,True,I,{}
potassium pyrophosphate,[O-]P(=O)([O-])OP(=O)([O-])[O-].[K+].[K+].[K+].[K+],330.333,-15.3236,135.61,16.298,0,7,0,7,2,13,0.3620805352327104,0,245.4542692821244,158.93156363813893,0,True,True,I,{}
potassium sodium saccharate,[C@H]([C@@H]([C@@H](C(=O)[O-])O)O)([C@H](C(=O)[O-])O)O.[Na+].[K+],270.21,-12.0622,161.17999999999998,34.0412,4,8,4,8,5,10,0.3578558827939903,0,154.98837263115072,212.56842503028852,0,True,False,III,"{""Alcohol"": 1}"
potassium sorbate,C/C=C/C=C/C(=O)[O-].[K+],150.218,-3.127399999999999,40.13,28.960999999999988,0,2,0,2,2,3,0.237184003952915,0,97.06307608304644,127.01955000865388,0,True,True,I,"{""Alkene"": 1}"
povidone,CN1C=CC=CC1=O,109.128,0.3852999999999998,22.0,31.68299999999999,0,1,0,2,0,2,0.4719138439954858,0,47.38748680147917,225.97018649302456,0,True,True,I,"{""Pyridine_Ring"": 1}"
povidone k12,CN1C=CC=CC1=O,109.128,0.3852999999999998,22.0,31.68299999999999,0,1,0,2,0,2,0.4719138439954858,0,47.38748680147917,225.97018649302456,0,True,True,I,"{""Pyridine_Ring"": 1}"
povidone k25,CN1C=CC=CC1=O,109.128,0.3852999999999998,22.0,31.68299999999999,0,1,0,2,0,2,0.4719138439954858,0,47.38748680147917,225.97018649302456,0,True,True,I,"{""Pyridine_Ring"": 1}"
povidone k27,CN1C=CC=CC1=O,109.128,0.3852999999999998,22.0,31.68299999999999,0,1,0,2,0,2,0.4719138439954858,0,47.38748680147917,225.97018649302456,0,True,True,I,"{""Pyridine_Ring"": 1}"
povidone k30,CN1C=CC=CC1=O,109.128,0.3852999999999998,22.0,31.68299999999999,0,1,0,2,0,2,0.4719138439954858,0,47.38748680147917,225.97018649302456,0,True,True,I,"{""Pyridine_Ring"": 1}"
povidone k90,CN1C=CC=CC1=O,109.128,0.3852999999999998,22.0,31.68299999999999,0,1,0,2,0,2,0.4719138439954858,0,47.38748680147917,225.97018649302456,0,True,True,I,"{""Pyridine_Ring"": 1}"
powdered cellulose,CC(=O)OC[C@@H]1[C@H]([C@@H]([C@H]([C@@H](O1)O[C@@H]2[C@H](O[C@H]([C@@H]([C@H]2O)OC(=O)C3=CC=CC=C3C(=O)O)O)COC(=O)C)O)OC(=O)C4=CC=CC=C4C(=O)O)O,722.6050000000005,-1.1297999999999948,288.41,160.90979999999985,6,17,6,19,12,19,0.1115685495942155,0,287.3050290264215,1624.9753633731643,3,False,False,IV,"{""Alcohol"": 1, ""Benzene_Ring"": 1, ""Carboxylic_Acid"": 1, ""Ester"": 1, ""Ether"": 1}"
ppg-11 stearyl ether,CCCCCCCCC1C(O1)CCCCCCCC(=O)OCC(CC)CCCC,410.6830000000002,7.99470000000001,38.83,123.23800000000011,0,3,0,3,21,3,0.1092549271669729,0,181.2455852932731,382.14972878871424,1,False,False,IV,"{""Ester"": 1, ""Ether"": 1}"
ppg-2 hydroxyethyl cocamide,C(CO)N,61.084,-1.0626,46.25,16.140200000000004,2,2,3,2,1,2,0.4055784163621654,0,25.238317591434885,8.0,0,True,True,I,"{""Alcohol"": 1, ""Primary_Amine"": 1}"
ppg-2 myristyl ether propionate,CCCCCCCCCCCCCCOCC(C)OCC(C)OC(=O)CC,386.6170000000001,6.450900000000007,44.760000000000005,113.1560000000001,0,4,0,4,20,4,0.1780509516501528,0,168.27013533311938,319.5002088130887,1,False,False,IV,"{""Ester"": 1, ""Ether"": 1}"
ppg-20 methyl glucose ether distearate,CO[C@@H]1[C@H](O[C@H]([C@@H]([C@H]1O)O)OCCC2=CC=CC=C2)CO,298.33500000000004,-0.3003000000000006,88.38000000000001,74.65540000000004,3,6,3,6,6,6,0.668139454203161,0,123.43338794064591,409.88468623674817,0,True,True,I,"{""Alcohol"": 1, ""Benzene_Ring"": 1, ""Ether"": 1}"
prezatide copper acetate,CC(=O)O.CC(=O)O.C1=C(NC=N1)C[C@@H](C(=O)N[C@@H](CCCCN)C(=O)[O-])NC(=O)CN.C1=C(NC=N1)C[C@@H](C(=O)N[C@@H](CCCCN)C(=O)[O-])NC(=O)CN.[Cu+2],862.4019999999998,-6.301900000000018,432.6999999999999,192.8593999999997,12,16,16,24,22,25,0.0386831845358029,4,338.4758461682199,1349.8142598639351,3,False,False,IV,"{""Amide"": 1, ""Carboxylic_Acid"": 1, ""Primary_Amine"": 1}"
proline,C1C[C@H](NC1)C(=O)O,115.132,-0.1770000000000003,49.33,28.660499999999992,2,2,2,3,1,3,0.4982089208893278,0,47.69880636773457,96.6017921972316,0,True,True,I,"{""Carboxylic_Acid"": 1, ""Secondary_Amine"": 1}"
propane,CCC,44.097,1.4163,0.0,15.965000000000003,0,0,0,0,0,0,0.3854706587740357,0,21.469135256622767,0.0,0,True,True,I,{}
propanediol,C(CO)CO,76.095,-0.6389,40.46,18.7886,2,2,2,2,2,2,0.4590493065582775,0,31.057602761014792,12.36452797660028,0,True,True,I,"{""Alcohol"": 1}"
propolis wax,C/C(=C\CC1=C(C(=CC(=C1)[C@@H]2CC(=O)C3=C(C=C(C=C3O2)O)O)O)O)/CCCC(C)(C)O,442.5080000000002,4.6455000000000055,127.45000000000002,119.46950000000008,5,7,5,7,7,7,0.3119961356317582,0,186.7835467175341,1047.2315542190954,0,True,True,I,"{""Alcohol"": 1, ""Alkene"": 1, ""Benzene_Ring"": 1, ""Ether"": 1, ""Ketone"": 1, ""Phenol"": 1}"
propranolol glycol,C1=CC=C2C(=C1)C=CC=C2OCC(CO)O,218.25199999999995,1.5717999999999996,49.69,62.53560000000004,2,3,2,3,4,3,0.8186089674167728,0,93.9099067283209,462.1892893635285,0,True,True,I,"{""Alcohol"": 1, ""Benzene_Ring"": 1, ""Ether"": 1}"
propyl gallate,CCCOC(=O)C1=CC(=C(C(=C1)O)O)O,212.201,1.3702,86.99000000000001,52.00990000000003,3,5,3,5,3,5,0.519957062705858,0,86.5489401632221,349.07065170154243,0,True,True,I,"{""Benzene_Ring"": 1, ""Ester"": 1, ""Ether"": 1, ""Phenol"": 1}"
propylene,CC=C,42.081,1.1923,0.0,15.871000000000002,0,0,0,0,0,0,0.3570688167166915,0,20.779532224438512,7.509775004326936,0,True,True,I,"{""Alkene"": 1}"
propylene carbonate,CC1COC(=O)O1,102.08899999999998,0.5417000000000001,35.53,21.89499999999999,0,3,0,3,0,3,0.4186141489390607,0,41.21685877654767,88.93569696954752,0,True,True,I,"{""Ester"": 1, ""Ether"": 1}"
propylene glycol,CC(CO)O,76.095,-0.6405,40.46,18.766600000000004,2,2,2,2,1,2,0.4358349966110497,0,31.057602761014785,18.854752972273342,0,True,True,I,"{""Alcohol"": 1}"
"propylene glycol 1,2-distearate",CCCCCCCCCCCCCCCCCC(=O)OCC(C)OC(=O)CCCCCCCCCCCCCCCCC,609.0330000000001,12.984299999999978,52.6,185.6049999999994,0,4,0,4,35,4,0.0530253388981513,0,269.157186034002,575.5843168940348,2,False,False,IV,"{""Ester"": 1, ""Ether"": 1}"
propylene glycol 1-(2-methylbutyrate),CCC(C)C(=O)OCC(C)O,160.213,0.9565,46.53,42.09480000000001,1,3,1,3,4,3,0.6228577750217595,0,67.36314691035246,120.50557817110236,0,True,True,I,"{""Alcohol"": 1, ""Ester"": 1, ""Ether"": 1}"
propylene glycol alginate,CCCCCCCCCCCCCCCC(=O)OCC(C)O,314.51,5.3917000000000055,46.53,92.95180000000008,1,3,1,3,16,3,0.3066733478582819,0,137.3775101687152,238.83479484116515,1,False,False,IV,"{""Alcohol"": 1, ""Ester"": 1, ""Ether"": 1}"
propylene glycol diacetate,CC(COC(=O)C)OC(=O)C,160.16899999999998,0.5011,52.6,37.861,0,4,0,4,3,4,0.5639952854428814,0,65.47903837331049,152.51956340253028,0,True,True,I,"{""Ester"": 1, ""Ether"": 1}"
propylene glycol dicaprylate/dicaprate,CCCCCCCCCC(=O)O.CCCCCCCC(=O)O.CC(CO)O,392.5770000000001,5.002700000000005,115.06,110.02420000000008,4,4,4,6,15,6,0.2914179521777421,0,165.54973483169178,305.0469574122439,1,False,False,IV,"{""Alcohol"": 1, ""Carboxylic_Acid"": 1}"
propylene glycol dipropionate,CCC(=O)OCC(C)OC(=O)CC,188.223,1.2813,52.6,47.09500000000003,0,4,0,4,5,4,0.6097309558447225,0,78.20892260210368,176.4535151183479,0,True,True,I,"{""Ester"": 1, ""Ether"": 1}"
propylene glycol mono- and dicaprylate,CCCCCCCC(=O)OCC(C)O,202.294,2.2709000000000006,46.53,56.01580000000005,1,3,1,3,8,3,0.4849021421323419,0,86.45797325354228,143.46807020414428,0,True,True,I,"{""Alcohol"": 1, ""Ester"": 1, ""Ether"": 1}"
propylene glycol monocaprylate,CCCCCCCC(=O)OCC(C)O,202.294,2.2709000000000006,46.53,56.01580000000005,1,3,1,3,8,3,0.4849021421323419,0,86.45797325354228,143.46807020414428,0,True,True,I,"{""Alcohol"": 1, ""Ester"": 1, ""Ether"": 1}"
propylene glycol monolaurate,CCCCCCCCCCCC(=O)OCC(C)O,258.402,3.831300000000003,46.53,74.48380000000006,1,3,1,3,12,3,0.4272548682419908,0,111.91774171112874,190.1777353463783,0,True,True,I,"{""Alcohol"": 1, ""Ester"": 1, ""Ether"": 1}"
propylene glycol monopalmitostearate,CCCCCCCCCCCCCCCCCC(=O)OCC(C)O,342.564,6.171900000000008,46.53,102.18580000000009,1,3,1,3,18,3,0.2391327298366479,0,150.1073943975084,263.80947175361763,1,False,False,IV,"{""Alcohol"": 1, ""Ester"": 1, ""Ether"": 1}"
propylene glycol monostearate,CCCCCCCCCCCCCCCCCC(=O)OCC(C)O,342.564,6.171900000000008,46.53,102.18580000000009,1,3,1,3,18,3,0.2391327298366479,0,150.1073943975084,263.80947175361763,1,False,False,IV,"{""Alcohol"": 1, ""Ester"": 1, ""Ether"": 1}"
"propylene glycol, (r)-",C[C@H](CO)O,76.095,-0.6405,40.46,18.766600000000004,2,2,2,2,1,2,0.4358349966110497,0,31.057602761014785,18.854752972273342,0,True,True,I,"{""Alcohol"": 1}"
propylparaben,CCCOC(=O)C1=CC=C(C=C1)O,180.203,1.959,46.53,48.68030000000003,1,3,1,3,3,3,0.723052379328443,0,76.96047265883006,276.7262618127396,0,True,True,I,"{""Benzene_Ring"": 1, ""Ester"": 1, ""Ether"": 1, ""Phenol"": 1}"
propylparaben sodium,CCCOC(=O)C1=CC=C(C=C1)[O-].[Na+],202.185,-1.6689999999999985,49.36,46.46150000000003,0,3,0,3,3,4,0.4347984831127108,0,105.373872281542,281.9235143857119,0,True,True,I,"{""Benzene_Ring"": 1, ""Ester"": 1, ""Ether"": 1}"
protamine sulfate,CC(CSS(=O)(=O)C)O,170.255,0.0600000000000001,54.370000000000005,38.982600000000005,1,4,1,3,3,5,0.6084958713570056,0,58.77678161671687,158.65156130631183,0,True,True,I,"{""Alcohol"": 1}"
pullulan,C[C@H]1C(=O)O[C@@H](C(=O)N2CCC[C@H]2C(=O)N[C@H](C(=O)N([C@H](C(=O)N[C@H](C(=O)N1C)CC3=CC=C(C=C3)OCC=C(C)C)C(C)C)C)CO)CC4=CC=CC=C4,761.9169999999999,2.0250000000000066,174.89,204.40819999999937,3,9,3,14,9,14,0.2553084061972442,5,322.7402354931184,1710.0486498100631,1,False,False,IV,"{""Alcohol"": 1, ""Alkene"": 1, ""Amide"": 1, ""Benzene_Ring"": 1, ""Ester"": 1, ""Ether"": 1}"
putrescine dihydrochloride,C(CCN)CN.Cl.Cl,161.07600000000002,0.5276000000000003,52.04,41.838800000000006,2,2,4,2,3,4,0.5928293682482155,0,62.82004527014364,24.0,0,True,True,I,"{""Chlorine"": 1, ""Primary_Amine"": 1}"
pyridoxal hydrochloride,CC1=NC=C(C(=C1O)C=O)CO.Cl,203.625,0.82222,70.42,49.19710000000002,2,4,2,4,2,5,0.6986838848772815,0,81.64896030061851,314.5026032889556,0,True,True,I,"{""Alcohol"": 1, ""Aldehyde"": 1, ""Chlorine"": 1, ""Phenol"": 1, ""Pyridine_Ring"": 1}"
pyridoxal phosphate anhydrous,CC1=NC=C(C(=C1O)C=O)COP(=O)(O)O,247.143,0.5174199999999998,116.95000000000002,52.85940000000002,3,5,3,7,4,8,0.5238999149743511,0,90.95325670424708,454.0869118636696,0,True,True,I,"{""Aldehyde"": 1, ""Phenol"": 1, ""Pyridine_Ring"": 1}"
pyridoxine,CC1=NC=C(C(=C1O)CO)CO,169.17999999999998,0.08022,73.58000000000001,42.484400000000015,3,4,3,4,2,4,0.5858308475922274,0,70.12857870022134,285.87661626856533,0,True,True,I,"{""Alcohol"": 1, ""Phenol"": 1, ""Pyridine_Ring"": 1}"
pyridoxine hydrochloride,CC1=NC=C(C(=C1O)CO)CO.Cl,205.641,0.5020199999999999,73.58000000000001,49.73240000000003,3,4,3,4,2,5,0.6576684884044585,0,82.28167195277076,290.96278259574564,0,True,True,I,"{""Alcohol"": 1, ""Chlorine"": 1, ""Phenol"": 1, ""Pyridine_Ring"": 1}"
pyrithione zinc,C1=CC=[N+](C(=C1)[S-])[O-].C1=CC=[N+](C(=C1)[S-])[O-].[Zn+2],317.71,0.4491,53.88,62.06600000000002,0,4,0,4,0,7,0.3063266559050845,0,123.04357328689017,386.06381519038,0,True,True,I,"{""Pyridine_Ring"": 1}"
quaternium-22,C[N+](C)(CCCNC(=O)[C@@H]([C@H]([C@@H]([C@@H](CO)O)O)O)O)CCO.[Cl-],360.83500000000015,-6.998699999999994,150.48,77.66790000000002,7,7,7,9,11,10,0.1428044906745863,1,141.71824160676485,333.4448954430602,1,True,False,III,"{""Alcohol"": 1, ""Amide"": 1, ""Chlorine"": 1}"
racementhol,C[C@@H]1CC[C@H]([C@@H](C1)O)C(C)C,156.26899999999998,2.4395000000000007,20.23,47.34980000000002,1,1,1,1,1,1,0.6179494584335713,0,69.8121326560658,120.0411847243922,0,True,True,I,"{""Alcohol"": 1}"
raspberry,CC(=O)CCC1=CC=C(C=C1)O,164.204,1.9138,37.3,47.10880000000003,1,2,1,2,3,2,0.7405311470971961,0,71.84692742932317,261.6719978261822,0,True,True,I,"{""Benzene_Ring"": 1, ""Ketone"": 1, ""Phenol"": 1}"
raspberry juice,CC(=O)CCC1=CC=C(C=C1)O[C@H]2[C@@H]([C@H]([C@@H]([C@H](O2)CO)O)O)O,326.3450000000001,-0.6131,116.45000000000002,79.83920000000003,4,7,4,7,6,7,0.550710672684521,0,133.64054067777536,513.6649654619011,0,True,True,I,"{""Alcohol"": 1, ""Benzene_Ring"": 1, ""Ether"": 1, ""Ketone"": 1}"
raw sugar,C([C@@H]1[C@H]([C@@H]([C@H]([C@H](O1)O[C@]2([C@H]([C@@H]([C@H](O2)CO)O)O)CO)O)O)O)O,342.297,-5.395599999999995,189.53,68.64140000000003,8,11,8,11,5,11,0.2378914345193498,0,130.43645768522256,393.2032272794937,2,True,False,III,"{""Alcohol"": 1, ""Ether"": 1}"
rebaudioside a,C[C@@]12CCC[C@@]([C@H]1CC[C@]34[C@H]2CC[C@](C3)(C(=C)C4)O[C@H]5[C@@H]([C@H]([C@@H]([C@H](O5)CO)O)O[C@H]6[C@@H]([C@H]([C@@H]([C@H](O6)CO)O)O)O)O[C@H]7[C@@H]([C@H]([C@@H]([C@H](O7)CO)O)O)O)(C)C(=O)O[C@H]8[C@@H]([C@H]([C@@H]([C@H](O8)CO)O)O)O,967.0210000000008,-5.11389999999998,374.13000000000005,219.02919999999943,14,23,14,23,12,23,0.0494113575325969,0,385.8846661533086,1756.0296278647718,3,False,False,IV,"{""Alcohol"": 1, ""Alkene"": 1, ""Ester"": 1, ""Ether"": 1}"
retinol,CC1=C(C(CCC1)(C)C)/C=C/C(=C/C=C/C(=C/CO)/C)/C,286.45900000000006,5.510300000000006,20.23,93.21180000000004,1,1,1,1,5,1,0.6605933879271789,0,130.0135386391106,495.9314560383046,1,False,False,IV,"{""Alcohol"": 1, ""Alkene"": 1}"
retinyl palmitate,CCCCCCCCCCCCCCCC(=O)OC/C=C(\C)/C=C/C=C(\C)/C=C/C1=C(CCCC1(C)C)C,524.8740000000004,11.542499999999986,26.3,167.39699999999962,0,2,0,2,20,2,0.089874345152857,0,236.33344604681105,803.1988918689792,2,False,False,IV,"{""Alkene"": 1, ""Ester"": 1, ""Ether"": 1}"
riboflavin,CC1=CC2=C(C=C1C)N(C3=NC(=O)NC(=O)C3=N2)C[C@@H]([C@@H]([C@@H](CO)O)O)O,376.369,-1.7235599999999995,161.56,95.62090000000002,5,8,5,10,5,10,0.3284121594560428,0,152.29232415746094,1075.4539948567035,0,True,False,III,"{""Alcohol"": 1, ""Benzene_Ring"": 1}"
riboprine,CC(=CCNC1=C2C(=NC=N1)N(C=N2)[C@H]3[C@@H]([C@@H]([C@H](O3)CO)O)O)C,335.3640000000001,-0.1841000000000003,125.55,86.25310000000002,4,8,4,9,5,9,0.5543788681403139,0,138.19123912963687,742.5396802955138,0,True,True,I,"{""Alcohol"": 1, ""Alkene"": 1, ""Ether"": 1, ""Secondary_Amine"": 1}"
rose petal extract,CN(C)C1=CC=C(C=C1)C(=C2C=CC(=[N+](C)C)C=C2)C3=CC=C(C=C3)N(C)C.[Cl-],407.989,1.4636000000000002,9.49,122.95540000000004,0,2,0,3,4,4,0.7097759763658067,0,180.9361591280465,884.6329894509923,0,True,True,I,"{""Alkene"": 1, ""Benzene_Ring"": 1, ""Chlorine"": 1, ""Tertiary_Amine"": 1}"
rosemary,C1=CC(=C(C=C1C[C@H](C(=O)O)OC(=O)/C=C/C2=CC(=C(C=C2)O)O)O)O,360.318,1.7613000000000012,144.52,89.79700000000003,5,7,5,8,6,8,0.2976482103733652,0,147.39630517033083,856.2647524998478,0,True,False,III,"{""Alkene"": 1, ""Benzene_Ring"": 1, ""Carboxylic_Acid"": 1, ""Ester"": 1, ""Ether"": 1, ""Phenol"": 1}"
rosemary oil,C1=CC(=C(C=C1C[C@H](C(=O)O)OC(=O)/C=C/C2=CC(=C(C=C2)O)O)O)O,360.318,1.7613000000000012,144.52,89.79700000000003,5,7,5,8,6,8,0.2976482103733652,0,147.39630517033083,856.2647524998478,0,True,False,III,"{""Alkene"": 1, ""Benzene_Ring"": 1, ""Carboxylic_Acid"": 1, ""Ester"": 1, ""Ether"": 1, ""Phenol"": 1}"
saccharin,C1=CC=C2C(=C1)C(=O)NS2(=O)=O,183.188,0.1187,63.24,41.09400000000001,1,3,1,4,0,5,0.62091720771658,1,69.26267425643123,449.4742221869952,0,True,True,I,"{""Amide"": 1, ""Benzene_Ring"": 1, ""Sulfonamide"": 1}"
saccharin sodium,C1=CC=C2C(=C1)C(=O)[N-]S2(=O)=O.[Na+],205.17,-2.0931999999999995,65.31,41.31730000000001,0,3,0,4,0,6,0.4559079934201544,1,97.67607387914316,454.5603885141756,0,True,True,I,"{""Benzene_Ring"": 1}"
saccharin sodium anhydrous,C1=CC=C2C(=C1)C(=O)[N-]S2(=O)=O.[Na+],205.17,-2.0931999999999995,65.31,41.31730000000001,0,3,0,4,0,6,0.4559079934201544,1,97.67607387914316,454.5603885141756,0,True,True,I,"{""Benzene_Ring"": 1}"
saccharin sodium monohydrate,C1=CC=C2C(=C1)C(=O)[N-]S2(=O)=O.O.[Na+],223.185,-2.9178999999999995,96.81,44.931100000000015,0,3,2,5,0,7,0.440567710939858,1,103.15682730755756,456.5125285893113,0,True,True,I,"{""Benzene_Ring"": 1}"
saccharomyces cerevisiae,CC(C)C[C@@H](C(=O)N[C@@H](CCCCN)C(=O)N1CCC[C@H]1C(=O)NCC(=O)N[C@@H](CCC(=O)N)C(=O)N2CCC[C@H]2C(=O)N[C@@H](CCSC)C(=O)N[C@@H](CC3=CC=C(C=C3)O)C(=O)O)NC(=O)[C@H](CCC(=O)N)NC(=O)[C@H](CC(C)C)NC(=O)[C@H](CC4=CNC5=CC=CC=C54)NC(=O)[C@H](CC6=CN=CN6)NC(=O)[C@H](CC7=CNC8=CC=CC=C87)N,1684.0040000000004,-0.2729000000000371,587.6299999999998,445.2463000000012,19,20,23,37,48,38,0.0218600612072349,14,698.1154432536491,4555.422775046534,3,False,False,IV,"{""Amide"": 1, ""Benzene_Ring"": 1, ""Carboxylic_Acid"": 1, ""Phenol"": 1, ""Primary_Amine"": 1, ""Sulfide"": 1}"
safflower,C1=CC(=CC=C1/C=C/C(=C/2\C(=C(C(=O)C(C2=O)(C3C(C(C(C(O3)CO)O)O)O)O)C(C4=C(/C(=C(\C=C/C5=CC=C(C=C5)O)/O)/C(=O)C(C4=O)(C6C(C(C(C(O6)CO)O)O)O)O)O)C(C(C(C(CO)O)O)O)O)O)/O)O,1062.933000000001,-6.424499999999984,511.57000000000016,244.96579999999983,21,27,21,27,15,27,0.0447981850265159,0,421.01755829192166,2534.1678876867786,3,False,False,IV,"{""Alcohol"": 1, ""Alkene"": 1, ""Benzene_Ring"": 1, ""Ether"": 1, ""Ketone"": 1, ""Phenol"": 1}"
safflower oil,C1=CC(=CC=C1/C=C/C(=C/2\C(=C(C(=O)C(C2=O)(C3C(C(C(C(O3)CO)O)O)O)O)C(C4=C(/C(=C(\C=C/C5=CC=C(C=C5)O)/O)/C(=O)C(C4=O)(C6C(C(C(C(O6)CO)O)O)O)O)O)C(C(C(C(CO)O)O)O)O)O)/O)O,1062.933000000001,-6.424499999999984,511.57000000000016,244.96579999999983,21,27,21,27,15,27,0.0447981850265159,0,421.01755829192166,2534.1678876867786,3,False,False,IV,"{""Alcohol"": 1, ""Alkene"": 1, ""Benzene_Ring"": 1, ""Ether"": 1, ""Ketone"": 1, ""Phenol"": 1}"
salcaprozate sodium,C1=CC=C(C(=C1)C(=O)NCCCCCCCC(=O)[O-])O.[Na+],301.3179999999999,-1.783499999999998,89.46000000000001,73.14900000000003,2,4,2,5,9,6,0.4166237985265609,1,146.59065565986603,451.0546872153888,0,True,True,I,"{""Amide"": 1, ""Benzene_Ring"": 1, ""Phenol"": 1}"
salicylic acid,C1=CC=C(C(=C1)C(=O)O)O,138.122,1.0903999999999998,57.53,35.06609999999999,2,2,2,3,1,3,0.6102585058580265,0,57.54633483832936,254.78306142431708,0,True,True,I,"{""Benzene_Ring"": 1, ""Carboxylic_Acid"": 1, ""Phenol"": 1}"
salicyloyl phytosphingosine,CCCCCCCCCCCCCC[C@H]([C@H]([C@H](CO)NC(=O)C1=CC=CC=C1O)O)O,437.621,4.295900000000006,110.02,124.15540000000009,5,5,5,6,18,6,0.2200357344517999,1,187.2536225854684,595.0300123539477,0,True,True,I,"{""Alcohol"": 1, ""Amide"": 1, ""Benzene_Ring"": 1, ""Phenol"": 1}"
serine,C([C@@H](C(=O)O)N)O,105.093,-1.6093999999999995,83.55,22.697000000000003,3,3,4,4,2,4,0.3942403492047702,0,40.55901555807127,72.58027134782354,0,True,True,I,"{""Alcohol"": 1, ""Carboxylic_Acid"": 1, ""Primary_Amine"": 1}"
sesame oil,C1OC2=C(O1)C=C(C=C2)O,138.122,1.1209,38.69,34.229800000000004,1,3,1,3,0,3,0.5834330941778786,0,57.81183829157411,257.0281739221536,0,True,True,I,"{""Benzene_Ring"": 1, ""Ether"": 1, ""Phenol"": 1}"
shellac,CC(C)CC(=O)C,100.161,1.6215,17.07,30.13599999999998,0,1,0,1,2,1,0.5150193170931499,0,44.72548369985636,64.58027134782355,0,True,True,I,"{""Ketone"": 1}"
shellac,CC(C)CC(=O)C,100.161,1.6215,17.07,30.13599999999998,0,1,0,1,2,1,0.5150193170931499,0,44.72548369985636,64.58027134782355,0,True,True,I,"{""Ketone"": 1}"
silica dimethyl silylate,CCCCCCCCCCCCCCCCCC(=O)O[Si](C)(C)OC(=O)CCCCCCCCCCCCCCCCC,625.108,13.297599999999976,52.6,188.75799999999936,0,4,0,4,34,5,0.0527686909431323,0,270.419888222799,556.7538696280076,2,False,False,IV,{}
"silica, trimethylsilyl capped",CCOC(=O)C[Si](C)(C)C,160.289,1.8877,26.3,44.78600000000002,0,2,0,2,3,3,0.4653056506118108,0,63.58495828913695,115.26473935839904,0,True,True,I,"{""Ester"": 1, ""Ether"": 1}"
silicified microcrystalline cellulose (125 .micro.m),C[C@@H]1CC(=O)C=C([C@]12C(=O)C3=C(O2)C(=C(C=C3OC)OC)Cl)OC,352.77000000000004,2.8103000000000007,71.06000000000002,86.12550000000005,0,6,0,6,3,7,0.8326610784751868,0,143.82499238361365,768.8345393102228,0,True,True,I,"{""Alkene"": 1, ""Benzene_Ring"": 1, ""Chlorine"": 1, ""Ether"": 1, ""Ketone"": 1}"
"silicified microcrystalline cellulose (125 .micro.m, high-density)",C[C@@H]1CC(=O)C=C([C@]12C(=O)C3=C(O2)C(=C(C=C3OC)OC)Cl)OC,352.77000000000004,2.8103000000000007,71.06000000000002,86.12550000000005,0,6,0,6,3,7,0.8326610784751868,0,143.82499238361365,768.8345393102228,0,True,True,I,"{""Alkene"": 1, ""Benzene_Ring"": 1, ""Chlorine"": 1, ""Ether"": 1, ""Ketone"": 1}"
silicified microcrystalline cellulose (50 .micro.m),C[C@@H]1CC(=O)C=C([C@]12C(=O)C3=C(O2)C(=C(C=C3OC)OC)Cl)OC,352.77000000000004,2.8103000000000007,71.06000000000002,86.12550000000005,0,6,0,6,3,7,0.8326610784751868,0,143.82499238361365,768.8345393102228,0,True,True,I,"{""Alkene"": 1, ""Benzene_Ring"": 1, ""Chlorine"": 1, ""Ether"": 1, ""Ketone"": 1}"
silicon,[Si],28.086,-0.3808,0.0,5.754,0,0,0,0,0,1,0.3174712642097558,0,12.14199463402282,0.0,0,True,True,I,{}
silicon dioxide,O=[Si]=O,60.084,-0.6184000000000001,34.14,7.126999999999999,0,2,0,2,0,3,0.3490914202027598,0,19.40222479242814,23.774437510817343,0,True,True,I,{}
silicon nitride,N12[Si]34N5[Si]16N3[Si]25N46,140.286,-2.4172,12.96,24.617999999999995,0,4,0,4,0,7,0.3472891427742092,0,42.48102800738141,183.23183265413536,0,True,True,I,"{""Tertiary_Amine"": 1}"
silodrate,O.[O-2].[O-2].[O-][Si](=O)[O-].[O-][Si](=O)[O-].[O-][Si](=O)[O-].[Mg+2].[Mg+2].[Al+3].[Al+3],380.836,-11.218300000000005,278.07,47.3243,0,9,2,12,0,19,0.3593542470364354,0,165.23377747908452,126.5241602835532,0,True,False,III,{}
smcc,C1CC(CCC1CN2C(=O)C=CC2=O)C(=O)ON3C(=O)CCC3=O,334.32800000000015,0.3249999999999995,101.06,78.48700000000002,0,6,0,8,4,8,0.6865837470012539,4,137.90114782061718,598.4788935006935,0,True,True,I,"{""Alkene"": 1, ""Amide"": 1}"
sodium,[Na],22.99,-0.3808,0.0,5.754,0,0,0,0,0,1,0.3153579320684796,0,29.78187738261566,0.0,0,True,True,I,{}
"sodium 1,2-distearoyl-sn-glycero-3-phospho-(1'-rac-glycerol)",CCCCCCCCCCCCCCCCCC(=O)OC[C@H](COP(=O)([O-])OCC(CO)O)OC(=O)CCCCCCCCCCCCCCCCC.[Na+],801.0719999999991,7.823200000000011,151.65,212.53409999999909,2,10,2,10,42,12,0.0270683289122889,0,352.8248143899804,864.9622588212918,2,False,False,IV,"{""Alcohol"": 1, ""Ester"": 1, ""Ether"": 1}"
sodium acetate,CC(=O)[O-].[Na+],82.034,-4.2398,40.13,10.681,0,2,0,2,0,3,0.2776494086617133,0,52.47334861717789,30.629190483090685,0,True,True,I,{}
sodium acetate anhydrous,CC(=O)[O-].[Na+],82.034,-4.2398,40.13,10.681,0,2,0,2,0,3,0.2776494086617133,0,52.47334861717789,30.629190483090685,0,True,True,I,{}
sodium acrylate/sodium acryloyldimethyltaurate copolymer (4000000 mw),CC(C)(CS(=O)(=O)[O-])NC(=O)C=C.C=CC(=O)O.[Na+],301.296,-3.1265999999999963,123.6,64.81570000000002,2,5,2,7,5,9,0.3143329187807114,1,134.35953091520392,429.3008311809105,0,True,True,I,"{""Alkene"": 1, ""Amide"": 1, ""Carboxylic_Acid"": 1}"
sodium acryloyldimethyltaurate,CC(C)(CS(=O)(=O)[O-])NC(=O)C=C.[Na+],229.233,-3.3835999999999977,86.30000000000001,46.982900000000015,1,4,1,5,4,7,0.3093896328830009,1,105.99272059842932,309.6514844544032,0,True,True,I,"{""Alkene"": 1, ""Amide"": 1}"
sodium acryloyldimethyltaurate-acrylamide copolymer (1:1; 90000-150000 mpa.s),CC(C)(CS(=O)(=O)[O-])NC(=O)C=C.[NH4+],224.282,-0.0113999999999999,122.8,52.96770000000001,2,4,5,6,4,7,0.514435849030513,1,83.715071339664,307.6514844544032,0,True,True,I,"{""Alkene"": 1, ""Amide"": 1}"
sodium alginate,C1=CC=NC(=C1)S(=O)[O-].[Na+],165.14899999999997,-2.6763999999999992,53.02,31.422799999999995,0,3,0,3,1,5,0.3365054001601052,0,83.44194255498537,216.14775252012024,0,True,True,I,"{""Pyridine_Ring"": 1}"
sodium aluminium silicate,O.[O-2].[O-2].[O-2].[O-2].[O-2].[O-2].[Na+].[Na+].[Al+3].[Al+3].[Si+4],242.039,-8.671899999999999,202.5,24.9948,0,0,2,7,0,12,0.3626612389996702,0,141.08109386232076,19.368065554250645,0,True,False,III,{}
sodium ascorbate,C([C@@H]([C@@H]1C(=C(C(=O)O1)O)[O-])O)O.[Na+],198.106,-5.601099999999998,110.05,32.62739999999999,3,6,3,6,2,7,0.3012007736869436,0,95.73392937514572,237.27897581591657,0,True,True,I,"{""Alcohol"": 1, ""Alkene"": 1, ""Ester"": 1, ""Ether"": 1}"
sodium ascorbyl phosphate,C([C@@H]([C@@H]1C(=C(C(=O)O1)OP(=O)([O-])[O-])[O-])O)O.[Na+].[Na+].[Na+],322.049,-13.305800000000003,162.23999999999998,38.69010000000001,2,9,2,9,4,13,0.290494187800043,0,174.01811827674766,380.1512353398034,0,True,False,III,"{""Alcohol"": 1, ""Alkene"": 1, ""Ester"": 1, ""Ether"": 1}"
sodium benzoate,C1=CC=C(C=C1)C(=O)[O-].[Na+],144.10499999999996,-2.945899999999999,40.13,30.7725,0,2,0,2,1,3,0.3953739668088787,0,81.1655007088453,208.10590854015385,0,True,True,I,"{""Benzene_Ring"": 1}"
sodium bicarbonate,C(=O)(O)[O-].[Na+],84.006,-4.1083,60.36,8.0248,1,2,1,3,0,4,0.3032761073151483,0,50.902640254977285,29.87430298092722,0,True,True,I,"{""Carboxylic_Acid"": 1}"
sodium bisulfite,OS(=O)[O-].[Na+],104.06199999999998,-3.6575,60.36,11.5486,1,2,1,3,0,5,0.2543822748541687,0,54.16843799622888,29.87430298092722,0,True,True,I,{}
sodium borate,B1(OB2OB(OB(O1)O2)[O-])[O-].O.O.O.O.O.O.O.O.O.O.[Na+].[Na+],381.37100000000015,-18.48220000000001,407.27,64.57900000000005,0,7,20,17,0,23,0.363462061651408,0,174.8632022313683,130.01901828624014,0,True,False,III,{}
sodium c14-16 olefin sulfonate,CCCCCCCCCCCC(CC)S(=O)(=O)[O-].[Na+],300.44,1.2351000000000003,57.2,75.62020000000007,0,3,0,3,12,5,0.309407743247915,0,141.52553414773803,278.4156640618574,0,True,True,I,{}
sodium caprylate,CCCCCCCC(=O)[O-].[Na+],166.196,-1.899199999999997,40.13,38.383,0,2,0,2,6,3,0.3414414229111712,0,90.66300130355754,94.09284782231803,0,True,True,I,{}
sodium carbonate,C(=O)([O-])[O-].[Na+].[Na+],105.988,-8.439,63.19,5.396,0,3,0,3,0,5,0.2879230608862559,0,79.31603987768925,31.774437510817343,0,True,True,I,{}
sodium carbonate decahydrate,C(=O)([O-])[O-].O.O.O.O.O.O.O.O.O.O.[Na+].[Na+],286.1379999999999,-16.685999999999996,378.19,41.53400000000002,0,3,20,13,0,15,0.3908390799880753,0,134.123574161833,36.91383367281968,0,True,False,III,{}
sodium carbonate monohydrate,C(=O)([O-])[O-].O.[Na+].[Na+],124.003,-9.2637,94.69,9.0098,0,3,2,4,0,6,0.2997879466501717,0,84.79679330610361,32.671034463057104,0,True,True,I,{}
sodium caseinate,C(CC(=O)[O-])C(=O)O.[Na+],140.07,-4.3949,77.42999999999999,21.8768,1,3,1,4,3,5,0.4013963378479953,0,74.15898869821088,97.13526283059372,0,True,True,I,"{""Carboxylic_Acid"": 1}"
sodium cetostearyl sulfate,CCCCCCCCCCCCCCCCCCOS(=O)(=O)[O-].CCCCCCCCCCCCCCCCOS(=O)(=O)[O-].[Na+].[Na+],717.0400000000002,4.677200000000005,132.86,181.15639999999945,0,8,0,8,34,12,0.0406249792838556,0,330.5173414330818,769.1101133761113,1,False,True,II,{}
sodium chlorate,[O-]Cl(=O)=O.[Na+],106.44,-6.563000000000001,69.17999999999999,0.0,0,3,0,3,0,5,0.2884381631142809,0,54.30271901771743,11.609640474436814,0,True,True,I,"{""Chlorine"": 1}"
sodium chloride,[Na+].[Cl-],58.443,-5.992,0.0,0.0,0,0,0,0,0,2,0.2433924207514857,0,41.93497063516508,2.0,0,True,True,I,"{""Chlorine"": 1}"
sodium chloride na-22,[22Na+].[Cl-],57.4474364,-5.992,0.0,0.0,0,0,0,0,0,2,0.2429513850280329,0,41.93497063516508,2.0,0,True,True,I,"{""Chlorine"": 1}"
sodium chlorite,[O-]Cl=O.[Na+],90.441,-5.3740000000000006,46.12,0.0,0,2,0,2,0,4,0.278921998673275,0,50.18013622353332,6.0,0,True,True,I,"{""Chlorine"": 1}"
"sodium citrate, unspecified form",C(C(=O)[O-])C(CC(=O)[O-])(C(=O)[O-])O.[Na+].[Na+].[Na+],258.069,-14.240600000000002,140.61999999999998,29.204799999999988,1,7,1,7,5,10,0.4823259485784412,0,157.46566177686375,238.5067183824432,0,True,False,III,"{""Alcohol"": 1}"
sodium coco-sulfate,C1=CC=NC(=C1)C(C2=CC=C(C=C2)OS(=O)(=O)[O-])C3=CC=C(C=C3)OS(=O)(=O)[O-].[Na+].[Na+],481.4150000000002,-4.0521999999999965,145.75,98.71640000000002,0,9,0,9,7,13,0.1869289189589882,0,223.8593511036031,1110.0718627467472,0,True,False,III,"{""Benzene_Ring"": 1, ""Pyridine_Ring"": 1}"
sodium cocoyl glutamate,C(CC(=O)[O-])[C@@H](C(=O)O)N.[Na+],169.112,-5.0676,103.45,29.8522,2,4,3,5,4,6,0.4096944816864734,0,85.8638215096202,149.417843933085,0,True,True,I,"{""Carboxylic_Acid"": 1, ""Primary_Amine"": 1}"
sodium cocoyl isethionate,CCCCCCCCCCCC(=O)OCCS(=O)(=O)[O-].[Na+],330.422,-0.0002999999999986,83.5,77.36720000000005,0,5,0,5,13,7,0.2053842900114662,0,150.80060147728867,343.2735297001339,0,True,True,I,"{""Ester"": 1, ""Ether"": 1}"
sodium copper chlorophyllin,CCC1=C(C2=NC1=CC3=C(C(=C([N-]3)C(=C4[C@H]([C@@H](C(=N4)C=C5C(=C(C(=C2)[N-]5)C=C)C)C)CCC(=O)[O-])CC(=O)[O-])C(=O)[O-])C)C.[Na+].[Na+].[Na+].[Cu+2],724.1600000000004,-6.74366000000001,174.37,159.72249999999966,0,8,0,10,8,14,0.2034330630153533,0,355.61742585113456,1967.5004751350928,1,False,False,IV,"{""Alkene"": 1}"
sodium dehydroacetate,CC1=CC(=O)[C-](C(=O)O1)C(=O)C.[Na+],190.13,-2.7660799999999988,64.35,41.58250000000001,0,4,0,4,1,5,0.2730886448114515,0,96.22901220953908,395.2555465983429,0,True,True,I,"{""Ketone"": 1}"
sodium dihydroxycetyl phosphate,CCCCCCCCCCCCCCC(COP(=O)([O-])OCC(CCCCCCCCCCCCCC)O)O.[Na+],600.8380000000005,6.396200000000007,99.05,162.91409999999976,2,6,2,6,32,8,0.0527079402824718,0,270.6252585869133,497.5350487484128,2,False,False,IV,"{""Alcohol"": 1}"
sodium dodecylbenzenesulfonate,CCCCCCCCCCCCC1=CC=CC=C1S(=O)(=O)[O-].[Na+],348.48400000000004,2.0581,57.2,89.95320000000007,0,3,0,3,12,5,0.3299922414704668,0,163.85274412500888,514.7529123881794,0,True,True,I,"{""Benzene_Ring"": 1}"
sodium formaldehyde sulfoxylate,C(O)S(=O)[O-].[Na+],118.08899999999998,-4.180699999999999,60.36,16.0056,1,3,1,3,1,5,0.2804722528016351,0,60.32437623456747,46.05785641096992,0,True,True,I,"{""Alcohol"": 1}"
sodium formaldehyde sulfoxylate dihydrate,C(O)S(=O)[O-].O.O.[Na+],154.119,-5.830099999999997,123.36,23.2332,1,3,5,5,1,7,0.2984818390850917,0,71.2858830913962,47.69332843436965,0,True,True,I,"{""Alcohol"": 1}"
sodium gluconate,C([C@H]([C@H]([C@@H]([C@H](C(=O)[O-])O)O)O)O)O.[Na+],218.137,-7.823799999999997,141.28,36.11999999999999,5,7,5,7,5,8,0.2883716307050574,0,101.90428583574436,175.56295496093256,0,True,False,III,"{""Alcohol"": 1}"
sodium glycolate,C(C(=O)[O-])O.[Na+],98.033,-5.267399999999999,60.36,12.0928,1,3,1,3,1,4,0.3331780561383934,0,57.26758236937389,44.05785641096992,0,True,True,I,"{""Alcohol"": 1}"
sodium hydroxide,[OH-].[Na+],39.997,-3.1728,30.0,1.9358,0,1,1,1,0,2,0.2620380630766484,0,35.26263081103004,2.0,0,True,True,I,{}
sodium hypochlorite,[O-]Cl.[Na+],74.44200000000001,-3.4955,23.06,5.853,0,1,0,1,0,3,0.2736150242606354,0,46.0575534293492,4.754887502163468,0,True,True,I,"{""Chlorine"": 1}"
sodium iodide,[Na+].[I-],149.894,-5.992,0.0,0.0,0,0,0,0,0,2,0.2379722228392619,0,52.92566979924951,2.0,0,True,True,I,"{""Iodine"": 1}"
sodium lactate,CC(C(=O)[O-])O.[Na+],112.06,-4.878899999999999,60.36,16.687800000000003,1,3,1,3,1,4,0.3458383093975277,0,63.632524483770496,61.20035947603792,0,True,True,I,"{""Alcohol"": 1}"
sodium laureth-12 sulfate,CCCCCCCCCCCCOCCOCCOCCOS(=O)(=O)[O-].[Na+],420.54400000000015,0.4379000000000035,94.12,99.95020000000008,0,7,0,7,21,9,0.1150742177890953,0,187.64848739941007,379.9064281818953,0,True,True,I,"{""Ether"": 1}"
sodium laureth-2 sulfate,CCCCCCCCCCCCOCCOCCOS(=O)(=O)[O-].[Na+],376.491,0.4213000000000022,84.89,89.13120000000008,0,6,0,6,18,8,0.1491866855309341,0,169.80505794111,337.4593368906387,0,True,True,I,"{""Ether"": 1}"
sodium laureth-3 sulfate,CCCCCCCCCCCCOCCOCCOCCOS(=O)(=O)[O-].[Na+],420.54400000000015,0.4379000000000035,94.12,99.95020000000008,0,7,0,7,21,9,0.1150742177890953,0,187.64848739941007,379.9064281818953,0,True,True,I,"{""Ether"": 1}"
sodium lauroamphoacetate,CCCCCCCCCCCC(=O)NCCN(CCO)CC(=O)[O-].[Na+],366.4780000000001,-1.9282999999999928,92.70000000000002,93.38650000000004,2,5,2,6,17,7,0.2310864975975194,1,174.5778741535748,330.1979259623928,0,True,True,I,"{""Alcohol"": 1, ""Amide"": 1, ""Tertiary_Amine"": 1}"
sodium lauroyl lactylate,CCCCCCCCCCCC(=O)OC(C)C(=O)OC(C)C(=O)[O-].[Na+],366.43000000000006,-0.4753999999999971,92.73000000000002,87.95900000000006,0,6,0,6,14,7,0.2343103729158224,0,172.86255710662493,385.76257981792605,0,True,True,I,"{""Ester"": 1, ""Ether"": 1}"
sodium lauroyl sarcosinate,CCCCCCCCCCCC(=O)N(C)CC(=O)[O-].[Na+],293.383,-0.8803999999999967,60.44,74.48800000000006,0,3,0,4,12,5,0.3467133406342052,1,145.13895187458098,259.5031808047928,0,True,True,I,"{""Amide"": 1}"
sodium lauryl fumarate,CCCCCCCCCCCCOC(=O)/C=C/C(=O)[O-].[Na+],306.378,-0.2393999999999978,66.43,76.95000000000005,0,4,0,4,13,5,0.2038343892840166,0,150.16800251609683,290.0015635957531,0,True,True,I,"{""Alkene"": 1, ""Ester"": 1, ""Ether"": 1}"
sodium lauryl sulfate,CCCCCCCCCCCCOS(=O)(=O)[O-].[Na+],288.385,0.3881000000000005,66.43,67.49320000000006,0,4,0,4,12,6,0.2254153242200697,0,134.11819902450972,254.80302513413508,0,True,True,I,{}
sodium lauryl sulfoacetate,CCCCCCCCCCCCOC(=O)CS(=O)(=O)[O-].[Na+],330.422,-0.0002999999999986,83.5,77.36720000000005,0,5,0,5,13,7,0.2053842900114662,0,150.8006014772887,343.2735297001339,0,True,True,I,"{""Ester"": 1, ""Ether"": 1}"
sodium magnesium fluorosilicate,[O-][Si]12O[Si]3(O[Si](O1)(O[Si](O2)(O3)[O-])[O-])[O-].[O-][Si]12O[Si]3(O[Si](O1)(O[Si](O2)(O3)[O-])[O-])[O-].[O-][Si]12O[Si]3(O[Si](O1)(O[Si](O2)(O3)[O-])[O-])[O-].[O-][Si]12O[Si]3(O[Si](O1)(O[Si](O2)(O3)[O-])[O-])[O-].[O-][Si]12O[Si]3(O[Si](O1)(O[Si](O2)(O3)[O-])[O-])[O-].[O-][Si]12O[Si]3(O[Si](O1)(O[Si](O2)(O3)[O-])[O-])[O-].O=[Si]=O.O=[Si]=O.O=[Si]=O.[F-].[F-].[F-].[F-].[F-].[F-].[F-].[F-].[F-].[F-].[F-].[F-].[F-].[F-].[F-].[F-].[F-].[F-].[Na+].[Na+].[Na+].[Na+].[Na+].[Na+].[Na+].[Na+].[Na+].[Na+].[Mg+2].[Mg+2].[Mg+2].[Mg+2].[Mg+2].[Mg+2].[Mg+2].[Mg+2].[Mg+2].[Mg+2].[Mg+2].[Mg+2].[Mg+2].[Mg+2].[Mg+2].[Mg+2],2774.9999999999973,-131.97359999999983,988.14,290.60099999999994,0,66,0,66,0,137,0.1604916671166241,0,1257.1004785101998,2160.9498862336136,2,False,False,IV,"{""Fluorine"": 1}"
sodium metabisulfite,[O-]S(=O)S(=O)(=O)[O-].[Na+].[Na+],190.109,-7.6663,97.33,18.617,0,5,0,5,1,9,0.176904251843052,0,98.60719808707708,167.39701629525194,0,True,True,I,{}
sodium metasilicate,[O-][Si](=O)[O-].[Na+].[Na+],122.063,-8.8696,63.19,6.440499999999999,0,3,0,3,0,6,0.2995986404909013,0,81.24068428325153,31.774437510817343,0,True,True,I,{}
sodium metavanadate tetrahydrate,O.O.O.O.[O-2].[O-2].[O-2].[Na+].[V],193.991,-6.653699999999997,211.5,16.514699999999998,0,0,8,7,0,9,0.3284513098632038,0,86.1552945426441,8.877840558577583,0,True,False,III,{}
sodium methyl cocoyl taurate,CNCCS(=O)(=O)[O-].[Na+],161.158,-4.244999999999998,69.23,28.4909,1,4,1,4,3,6,0.3360761680807254,0,77.06103307298338,143.1368500605771,0,True,True,I,"{""Secondary_Amine"": 1}"
"sodium n-(carbonyl-methoxypolyethylene glycol 2000)-1,2-distearoyl-sn-glycero-3-phosphoethanolamine",CCOC(=O)P(=O)([O-])[O-].[Na+].[Na+],198.022,-6.935399999999999,89.49000000000001,24.62849999999999,0,5,0,5,2,8,0.3246040483087999,0,108.62240975233716,153.80651988033324,0,True,True,I,"{""Ester"": 1, ""Ether"": 1}"
sodium oleate,CCCCCCCC/C=C\CCCCCCCC(=O)[O-].[Na+],304.44999999999993,1.7777999999999994,40.13,84.45900000000006,0,2,0,2,15,3,0.2627763091786181,0,153.6228194153394,239.37282534112853,0,True,True,I,"{""Alkene"": 1}"
sodium peroxide,[O-][O-].[Na+].[Na+],77.978,-8.370000000000001,46.12,0.0,0,2,0,2,0,4,0.163966604795177,0,68.71887097898717,4.0,0,True,True,I,{}
sodium phosphate,[O-]P(=O)([O-])[O-].[Na+],117.96,-5.820600000000001,86.25,7.6065,0,4,0,4,0,6,0.233921628041834,0,56.720020467208016,53.68367439558378,0,True,True,I,{}
sodium phosphate dibasic dihydrate,O.O.OP(=O)([O-])[O-].[Na+].[Na+],177.98800000000003,-9.833999999999998,146.42000000000002,17.0529,1,3,5,6,0,9,0.2892839903287113,0,96.09492694674871,57.19344939991072,0,True,False,III,{}
"sodium phosphate p-32, unspecified",O[32P](=O)([O-])[O-].[Na+].[Na+],142.95790727,-8.1846,83.42,9.8253,1,3,1,4,0,7,0.2693374376049403,0,85.13342008991997,55.82538384566007,0,True,True,I,{}
"sodium phosphate, dibasic, anhydrous",OP(=O)([O-])[O-].[Na+].[Na+],141.958,-8.1846,83.42,9.8253,1,3,1,4,0,7,0.268640334829501,0,85.13342008991997,55.82538384566007,0,True,True,I,{}
"sodium phosphate, dibasic, dodecahydrate",O.O.O.O.O.O.O.O.O.O.O.O.OP(=O)([O-])[O-].[Na+].[Na+],358.13800000000003,-18.081000000000003,461.42,53.19090000000005,1,3,25,16,0,19,0.3247645049162808,0,150.9024612308925,60.884522146684965,0,True,False,III,{}
"sodium phosphate, dibasic, heptahydrate",O.O.O.O.O.O.O.OP(=O)([O-])[O-].[Na+].[Na+],268.063,-13.957499999999994,303.92,35.121900000000004,1,3,15,11,0,14,0.3294656800933962,0,123.4986940888206,59.42312049505303,0,True,False,III,{}
"sodium phosphate, dibasic, unspecified form",OP(=O)([O-])[O-].[Na+].[Na+],141.958,-8.1846,83.42,9.8253,1,3,1,4,0,7,0.268640334829501,0,85.13342008991997,55.82538384566007,0,True,True,I,{}
"sodium phosphate, monobasic, anhydrous",OP(=O)(O)[O-].[Na+],119.97599999999998,-4.5566,80.59,12.0441,2,2,2,4,0,6,0.2489232619718011,0,56.720020467208016,53.68367439558378,0,True,True,I,{}
"sodium phosphate, monobasic, dihydrate",O.O.OP(=O)(O)[O-].[Na+],156.006,-6.205999999999998,143.59,19.2717,2,2,6,6,0,8,0.2651632231766026,0,67.68152732403676,54.6641243869299,0,True,False,III,{}
"sodium phosphate, monobasic, monohydrate",O.OP(=O)(O)[O-].[Na+],137.991,-5.381299999999999,112.09000000000002,15.6579,2,2,4,5,0,7,0.2566848769723692,0,62.2007738956224,54.215743371223255,0,True,True,I,{}
"sodium phosphate, monobasic, unspecified form",OP(=O)(O)[O-].[Na+],119.97599999999998,-4.5566,80.59,12.0441,2,2,2,4,0,6,0.2489232619718011,0,56.720020467208016,53.68367439558378,0,True,True,I,{}
"sodium phosphate, tribasic, anhydrous",[O-]P(=O)([O-])[O-].[Na+].[Na+].[Na+],163.94,-11.812600000000002,86.25,7.6065,0,4,0,4,0,8,0.2624496011353996,0,113.54681971263192,57.41901188909337,0,True,True,I,{}
"sodium phosphate, tribasic, dodecahydrate",O.O.O.O.O.O.O.O.O.O.O.O.[O-]P(=O)([O-])[O-].[Na+].[Na+].[Na+],380.12000000000006,-21.709000000000028,464.25,50.97210000000004,0,4,24,16,0,20,0.2911625334544486,0,179.31586085360445,63.85757378684062,0,True,False,III,{}
sodium polyacrylate (2500000 mw),CCOC(=O)/C=C/O,116.11599999999996,0.6212,46.53,28.401799999999987,1,3,1,3,2,3,0.3265879920241922,0,47.57871753497837,95.84690469506812,0,True,True,I,"{""Alkene"": 1, ""Ester"": 1, ""Ether"": 1}"
sodium polyacrylate (8000 mw),CCOC(=O)/C=C/O,116.11599999999996,0.6212,46.53,28.401799999999987,1,3,1,3,2,3,0.3265879920241922,0,47.57871753497837,95.84690469506812,0,True,True,I,"{""Alkene"": 1, ""Ester"": 1, ""Ether"": 1}"
sodium polymetaphosphate,[O-]P(=O)=O.[O-]P(=O)=O.[Ba+2],295.27,-1.5116000000000005,114.39999999999998,22.34,0,6,0,6,0,9,0.3961667224232176,0,91.53753716657512,127.8966738041484,0,True,True,I,{}
sodium polystyrene sulfonate,C=CC1=CC=C(C=C1)S(=O)(=O)[O-].[Na+],206.198,-1.762299999999999,57.2,44.49620000000002,0,3,0,3,2,5,0.4251674618719674,0,99.51371994885848,380.35509562835625,0,True,True,I,"{""Alkene"": 1, ""Benzene_Ring"": 1}"
sodium propionate,CCC(=O)[O-].[Na+],96.061,-3.8497,40.13,15.298000000000002,0,2,0,2,1,3,0.3134658838124572,0,58.83829073157449,44.05785641096992,0,True,True,I,{}
sodium propionate anhydrous,CCC(=O)[O-].[Na+],96.061,-3.8497,40.13,15.298000000000002,0,2,0,2,1,3,0.3134658838124572,0,58.83829073157449,44.05785641096992,0,True,True,I,{}
sodium pyrophosphate,[O-]P(=O)([O-])OP(=O)([O-])[O-].[Na+].[Na+].[Na+].[Na+],265.901,-15.3236,135.61,16.298,0,7,0,7,2,13,0.3571445796565767,0,163.41760899152186,158.93156363813893,0,True,True,I,{}
sodium pyrrolidone carboxylate,C1CC(=O)NC1C(=O)[O-].[Na+],151.09699999999998,-4.981099999999999,69.23,26.1717,1,3,1,4,1,5,0.3814569693291642,1,80.27372809049028,158.97205302419655,0,True,True,I,"{""Amide"": 1}"
sodium pyruvate,CC(=O)C(=O)[O-].[Na+],110.04399999999998,-4.670699999999999,57.2,15.688,0,3,0,3,1,4,0.2516501543805171,0,62.99981283161825,76.18080946738405,0,True,True,I,"{""Ketone"": 1}"
sodium selenite,[O-][Se](=O)[O-].[Na+].[Na+],172.93699999999998,-8.8696,63.19,6.440499999999999,0,3,0,3,0,6,0.3414674979529264,0,84.44067163269855,31.774437510817343,0,True,True,I,{}
sodium silicate,[O-][Si](=O)[O-].[Na+].[Na+],122.063,-8.8696,63.19,6.440499999999999,0,3,0,3,0,6,0.2995986404909013,0,81.24068428325153,31.774437510817343,0,True,True,I,{}
sodium starch glycolate type a,CCCS(=O)(=O)CC(=O)NC1=CC=C(C=C1)F,259.302,1.5889999999999995,63.24,63.97450000000003,1,3,1,4,5,6,0.8730008201046424,1,99.75843175984468,481.9429368431554,0,True,True,I,"{""Amide"": 1, ""Benzene_Ring"": 1, ""Fluorine"": 1, ""Sulfone"": 1}"
sodium starch glycolate type a corn,C(C(=O)[O-])S.[Na+],114.101,-4.329899999999999,40.13,18.86,1,3,0,2,1,4,0.2764231123736863,0,63.6284152805796,46.81274391313339,0,True,True,I,"{""Thiol"": 1}"
sodium starch glycolate type a potato,CCCS(=O)(=O)CC(=O)NC1=CC=C(C=C1)F,259.302,1.5889999999999995,63.24,63.97450000000003,1,3,1,4,5,6,0.8730008201046424,1,99.75843175984468,481.9429368431554,0,True,True,I,"{""Amide"": 1, ""Benzene_Ring"": 1, ""Fluorine"": 1, ""Sulfone"": 1}"
sodium starch glycolate type b,C(C(=O)[O-])S.[Na+],114.101,-4.329899999999999,40.13,18.86,1,3,0,2,1,4,0.2764231123736863,0,63.6284152805796,46.81274391313339,0,True,True,I,"{""Thiol"": 1}"
sodium starch glycolate type b potato,C(C(=O)[O-])S.[Na+],114.101,-4.329899999999999,40.13,18.86,1,3,0,2,1,4,0.2764231123736863,0,63.6284152805796,46.81274391313339,0,True,True,I,"{""Thiol"": 1}"
sodium stearate,CCCCCCCCCCCCCCCCCC(=O)[O-].[Na+],306.46599999999995,2.0018,40.13,84.55300000000007,0,2,0,2,16,3,0.323156229825869,0,154.31242244752366,207.3950070724334,0,True,True,I,{}
sodium stearoyl glutamate,CCCCCCCCCCCCCCCCCC(=O)N[C@@H](CCC(=O)[O-])C(=O)O.[Na+],435.5810000000001,1.3514000000000026,106.53000000000002,113.3535000000001,2,4,2,6,21,7,0.2090905783123091,1,204.80427315539828,445.3093999954965,0,True,True,I,"{""Amide"": 1, ""Carboxylic_Acid"": 1}"
sodium stearyl fumarate,CCCCCCCCCCCCCCCCCCOC(=O)/C=C/C(=O)[O-].[Na+],390.54,2.1012,66.43,104.65200000000009,0,4,0,4,19,5,0.1466149651441223,0,188.35765520247645,369.3242781345408,0,True,True,I,"{""Alkene"": 1, ""Ester"": 1, ""Ether"": 1}"
sodium succinate anhydrous,C(CC(=O)[O-])C(=O)[O-].[Na+].[Na+],162.052,-8.725600000000004,80.25999999999999,19.248,0,4,0,4,3,6,0.3857581166240185,0,102.57238832092284,99.82521876648654,0,True,True,I,{}
sodium succinate hexahydrate,C(CC(=O)[O-])C(=O)[O-].O.O.O.O.O.O.[Na+].[Na+],270.14199999999994,-13.673799999999998,269.26,40.930800000000005,0,4,12,10,3,12,0.4508025962910538,0,135.45690889140909,105.3866568687393,0,True,False,III,{}
sodium sulfate,[O-]S(=O)(=O)[O-].[Na+].[Na+],142.04299999999998,-7.33,80.25999999999999,10.4746,0,4,0,4,0,7,0.1910031150809145,0,85.83298179715149,92.8582023226588,0,True,True,I,{}
sodium sulfate anhydrous,[O-]S(=O)(=O)[O-].[Na+].[Na+],142.04299999999998,-7.33,80.25999999999999,10.4746,0,4,0,4,0,7,0.1910031150809145,0,85.83298179715149,92.8582023226588,0,True,True,I,{}
sodium sulfite,[O-]S(=O)[O-].[Na+].[Na+],126.04399999999998,-6.9961,63.19,9.6972,0,3,0,3,0,6,0.2391372143275812,0,82.58183761894082,31.774437510817343,0,True,True,I,{}
sodium tartrate,[C@@H]([C@H](C(=O)[O-])O)(C(=O)[O-])O.[Na+].[Na+],194.05,-10.784,120.72,22.0276,2,6,2,6,3,8,0.4300506502703787,0,112.16085582531484,141.62707505625016,0,True,True,I,"{""Alcohol"": 1}"
sodium tartrate dihydrate,[C@@H]([C@H](C(=O)[O-])O)(C(=O)[O-])O.O.O.[Na+].[Na+],230.08,-12.4334,183.72000000000003,29.255199999999988,2,6,6,8,3,10,0.4527970378000662,0,123.1223626821436,143.4202689607297,0,True,False,III,"{""Alcohol"": 1}"
sodium thiosulfate,[O-]S(=O)(=S)[O-].[Na+].[Na+],158.11100000000002,-6.9985,63.19,17.0622,0,4,0,3,0,7,0.3285522667672895,0,91.15949086911584,94.10331482049531,0,True,True,I,{}
sodium thiosulfate anhydrous,[O-]S(=O)(=S)[O-].[Na+].[Na+],158.11100000000002,-6.9985,63.19,17.0622,0,4,0,3,0,7,0.3285522667672895,0,91.15949086911584,94.10331482049531,0,True,True,I,{}
sodium tripolyphosphate,[O-]P(=O)([O-])OP(=O)([O-])OP(=O)([O-])[O-].[Na+].[Na+].[Na+].[Na+].[Na+],367.862,-18.8346,184.97000000000003,24.9895,0,10,0,10,4,18,0.3407322512472444,0,213.28839827041173,287.4748411004877,0,True,False,III,{}
sorbic acid,C/C=C/C=C/C(=O)O,112.128,1.2033,37.3,31.589799999999983,1,1,1,2,2,2,0.4302169742474306,0,48.14051138768385,122.49022499567306,0,True,True,I,"{""Alkene"": 1, ""Carboxylic_Acid"": 1}"
sorbitan,CCCCCCCC/C=C\CCCCCCCC(=O)OC[C@H]([C@@H]1[C@@H]([C@H](CO1)O)O)O,428.61000000000007,4.048600000000005,96.22,118.17140000000008,3,6,3,6,18,6,0.1731356144660243,0,182.20879928888365,452.9771072253039,0,True,True,I,"{""Alcohol"": 1, ""Alkene"": 1, ""Ester"": 1, ""Ether"": 1}"
sorbitan monolaurate,CCCCCCCCCCCC(=O)OC[C@H]([C@@H]1[C@@H]([C@H](CO1)O)O)O,346.46400000000006,1.932,96.22,90.56340000000006,3,6,3,6,13,6,0.3482834485678668,0,144.70874963468822,335.47067498701915,0,True,True,I,"{""Alcohol"": 1, ""Ester"": 1, ""Ether"": 1}"
sorbitan monooleate,CCCCCCCC/C=C\CCCCCCCC(=O)OC[C@H]([C@@H]1[C@@H]([C@H](CO1)O)O)O,428.61000000000007,4.048600000000005,96.22,118.17140000000008,3,6,3,6,18,6,0.1731356144660243,0,182.20879928888365,452.9771072253039,0,True,True,I,"{""Alcohol"": 1, ""Alkene"": 1, ""Ester"": 1, ""Ether"": 1}"
sorbitan monopalmitate,CCCCCCCCCCCCCCCC(=O)OC[C@H]([C@@H]1[C@@H]([C@H](CO1)O)O)O,402.57200000000006,3.4924000000000026,96.22,109.03140000000008,3,6,3,6,17,6,0.2545352232812486,0,170.16851809227467,389.223267307112,0,True,True,I,"{""Alcohol"": 1, ""Ester"": 1, ""Ether"": 1}"
sorbitan monostearate,CCCCCCCCCCCCCCCCCC(=O)OC[C@H]([C@@H]1[C@@H]([C@H](CO1)O)O)O,430.6260000000001,4.272600000000005,96.22,118.2654000000001,3,6,3,6,19,6,0.2091305453626064,0,182.8984023210679,416.50033386833337,0,True,True,I,"{""Alcohol"": 1, ""Ester"": 1, ""Ether"": 1}"
sorbitan olivate,C1[C@H]([C@@H]2[C@H](O1)[C@H](CO2)O[N+](=O)[O-])O[N+](=O)[O-],236.136,-1.0621999999999998,123.20000000000002,43.214800000000025,0,8,0,10,4,10,0.4464104917907699,0,88.22050865473719,278.90366073218416,0,True,True,I,"{""Ether"": 1, ""Nitro"": 1, ""Tertiary_Amine"": 1}"
sorbitan sesquioleate,CCCCCCCC/C=C\CCCCCCCC(=O)O.CCCCCCCC/C=C\CCCCCCCC(=O)O.CCCCCCCC/C=C\CCCCCCCC(=O)O.C(O)[C@@H](O)[C@@H](O)[C@H](O)[C@@H](O)CO.C(O)[C@@H](O)[C@@H](O)[C@H](O)[C@@H](O)CO,1211.7480000000005,11.15469999999998,354.66,337.661,15,15,15,18,55,18,0.0198658305752325,0,508.8130765642447,1241.512922655453,4,False,False,IV,"{""Alcohol"": 1, ""Alkene"": 1, ""Carboxylic_Acid"": 1}"
sorbitan tristearate,CCCCCCCCCCCCCCCCCC(=O)OC[C@H]([C@@H]1[C@@H]([C@H](CO1)O)OC(=O)CCCCCCCCCCCCCCCCC)OC(=O)CCCCCCCCCCCCCCCCC,963.5639999999984,17.897399999999976,108.36,285.10379999999924,1,8,1,8,53,8,0.0364785066696052,0,420.99798559405446,1097.443364495343,2,False,False,IV,"{""Alcohol"": 1, ""Ester"": 1, ""Ether"": 1}"
sorbitol,C([C@H]([C@H]([C@@H]([C@H](CO)O)O)O)O)O,182.172,-3.585399999999998,121.38,38.19879999999999,6,6,6,6,5,6,0.2612626527203185,0,69.32936411298864,104.6059378176129,1,True,True,I,"{""Alcohol"": 1}"
sorbitol monooleate,CCCCCCCC/C=C\CCCCCCCC(=O)OC[C@@H]([C@H]([C@@H]([C@@H](CO)O)O)O)O,446.62500000000006,3.003000000000004,127.45000000000002,121.5240000000001,5,7,5,7,21,7,0.1041503899173147,0,187.689552717298,441.64374874127134,0,True,True,I,"{""Alcohol"": 1, ""Alkene"": 1, ""Ester"": 1, ""Ether"": 1}"
sorbitol solution,C([C@H]([C@H]([C@@H]([C@H](CO)O)O)O)O)O,182.172,-3.585399999999998,121.38,38.19879999999999,6,6,6,6,5,6,0.2612626527203185,0,69.32936411298864,104.6059378176129,1,True,True,I,"{""Alcohol"": 1}"
sour cherry,CCOC(=O)COC1=CC=C(C=C1)C,194.23,1.93692,35.53,53.30700000000003,0,3,0,3,4,3,0.6869531811045638,0,83.64472625053752,289.90588306124454,0,True,True,I,"{""Benzene_Ring"": 1, ""Ester"": 1, ""Ether"": 1}"
soy acid,C1=CC=C(C(=C1)C(=O)O)O,138.122,1.0903999999999998,57.53,35.06609999999999,2,2,2,3,1,3,0.6102585058580265,0,57.54633483832936,254.78306142431708,0,True,True,I,"{""Benzene_Ring"": 1, ""Carboxylic_Acid"": 1, ""Phenol"": 1}"
soy protein,CC[C@H](C)[C@@H](C(=O)N[C@@H](C)C(=O)N[C@@H](CO)C(=O)NCC(=O)N[C@@H](CCCNC(=N)N)C(=O)N[C@@H]([C@@H](C)O)C(=O)NCC(=O)N[C@@H](CCCNC(=N)N)C(=O)N[C@@H](CCCNC(=N)N)C(=O)N[C@@H](CC(=O)N)C(=O)N[C@@H](C)C(=O)N[C@@H]([C@@H](C)CC)C(=O)O)NC(=O)[C@H](CC1=CC=CC=C1)NC(=O)[C@H](CC(=O)O)NC(=O)[C@H](C)NC(=O)[C@H](CC2=CC=C(C=C2)O)NC(=O)[C@H]([C@@H](C)O)NC(=O)[C@H]([C@@H](C)O)N,1970.181,-12.4797899999999,925.2600000000002,494.124700000001,35,29,40,55,63,55,0.0166097156040072,18,799.3071579833834,4572.433076739787,3,False,False,IV,"{""Alcohol"": 1, ""Amide"": 1, ""Benzene_Ring"": 1, ""Carboxylic_Acid"": 1, ""Phenol"": 1, ""Primary_Amine"": 1, ""Secondary_Amine"": 1}"
soy sterol,CC(C)CCOC(=O)CC(C)C,172.26799999999997,2.621800000000001,26.3,49.86900000000003,0,2,0,2,5,2,0.5957782183942469,0,75.29879738694964,127.80026905978023,0,True,True,I,"{""Ester"": 1, ""Ether"": 1}"
soybean,CCCCCCCCCCCCCCCC(=O)OC[C@H](COP(=O)([O-])OCC[N+](C)(C)C)OC(=O)CCCCCCC/C=C\C/C=C\CCCCC,758.0749999999995,10.943999999999994,111.19,212.91889999999907,0,8,0,9,38,10,0.0201171211278441,0,319.4135463553067,948.7585621566834,2,False,False,IV,"{""Alkene"": 1, ""Ester"": 1, ""Ether"": 1}"
soybean oil,CC(=O)OC[C@H](COP(=O)([O-])OCC[N+](C)(C)C)O,299.26,-0.8817999999999988,105.12,65.04970000000004,1,7,1,8,9,9,0.3345940453282057,0,112.63377118162924,328.3300823478244,0,True,True,I,"{""Alcohol"": 1, ""Ester"": 1, ""Ether"": 1}"
soybean phosphatidylcholine,CCCCCCCCCCCCCCCC(=O)OC[C@H](COP(=O)([O-])OCC[N+](C)(C)C)OC(=O)CCCCCCC/C=C/C/C=C/CCCCC,758.0749999999995,10.943999999999994,111.19,212.91889999999907,0,8,0,9,38,10,0.0201171211278441,0,319.4135463553067,948.7585621566834,2,False,False,IV,"{""Alkene"": 1, ""Ester"": 1, ""Ether"": 1}"
spearmint,C(CCNCCCN)CNCCCN,202.346,-0.3565999999999975,76.1,62.31620000000004,4,4,6,4,11,4,0.3452806057714905,0,87.80323581864053,86.12278797724058,0,True,True,I,"{""Primary_Amine"": 1, ""Secondary_Amine"": 1}"
squalane,CC(C)CCCC(C)CCCC(C)CCCCC(C)CCCC(C)CCCC(C)C,422.8260000000003,11.08439999999999,0.0,140.20399999999998,0,0,0,0,21,0,0.1612391061381526,0,193.3225723453312,307.9474732050231,1,False,False,IV,{}
squalene,CC(=CCC/C(=C/CC/C(=C/CC/C=C(/CC/C=C(/CCC=C(C)C)\C)\C)/C)/C)C,410.73000000000025,10.604999999999992,0.0,140.05999999999997,0,0,0,0,15,0,0.185870428960186,0,189.1849541522257,577.5257954347983,1,False,False,IV,"{""Alkene"": 1}"
stannous 2-ethylhexanoate,CCCCC(CC)C(=O)[O-].CCCCC(CC)C(=O)[O-].[Sn+2],405.123,1.5246000000000002,80.25999999999999,82.38000000000005,0,4,0,4,10,5,0.5167432495857649,0,146.20920845405547,230.6615312216908,0,True,True,I,{}
stannous chloride,Cl[Sn]Cl,189.617,0.9982,0.0,17.46,0,0,0,0,0,3,0.4990825883703836,0,36.76276998586008,2.754887502163468,0,True,True,I,"{""Chlorine"": 1}"
stannous chloride anhydrous,Cl[Sn]Cl,189.617,0.9982,0.0,17.46,0,0,0,0,0,3,0.4990825883703836,0,36.76276998586008,2.754887502163468,0,True,True,I,"{""Chlorine"": 1}"
stannous fluoride,F[Sn]F,156.707,0.4596,0.0,7.970000000000001,0,0,0,0,0,3,0.4474930504044671,0,28.608503427826378,2.754887502163468,0,True,True,I,"{""Fluorine"": 1}"
"starch, corn",C1=CC=C(C(=C1)C(=O)O)O,138.122,1.0903999999999998,57.53,35.06609999999999,2,2,2,3,1,3,0.6102585058580265,0,57.54633483832936,254.78306142431708,0,True,True,I,"{""Benzene_Ring"": 1, ""Carboxylic_Acid"": 1, ""Phenol"": 1}"
"starch, potato",CCO,46.069,-0.0014,20.23,12.759800000000002,1,1,1,1,0,1,0.4068079656553945,0,19.89842689442217,2.754887502163468,0,True,True,I,"{""Alcohol"": 1}"
"starch, rice",CCCC[Sn](CCCC)(CCCC)OC1=CC(=C(C=C1Cl)Cl)Cl,486.49900000000014,8.371400000000003,9.23,106.99900000000004,0,1,0,1,11,5,0.2255267661600874,0,161.0007916533143,457.80521908094994,1,False,False,IV,"{""Benzene_Ring"": 1, ""Chlorine"": 1}"
"starch, wheat",C1CC(N(C1)C(=O)C(CCC(=O)N)NC(=O)C2CCCN2C(=O)C(CC3=CC=C(C=C3)O)N)C(=O)NC(CCC(=O)N)C(=O)O,631.6870000000001,-2.170799999999989,268.55,157.61019999999988,7,9,10,16,15,16,0.1100282548799605,6,259.17159544691987,1289.1565507319183,2,False,False,IV,"{""Amide"": 1, ""Benzene_Ring"": 1, ""Carboxylic_Acid"": 1, ""Phenol"": 1, ""Primary_Amine"": 1}"
stearalkonium chloride,CCCCCCCCCCCCCCCCCC[N+](C)(C)CC1=CC=CC=C1.[Cl-],424.157,5.5285000000000055,0.0,126.6674000000001,0,0,0,1,19,2,0.2025402053406214,0,189.21808593117387,443.110835674773,1,False,False,IV,"{""Benzene_Ring"": 1, ""Chlorine"": 1}"
steareth-10,CCCCCCCCCCCCCCCCCCOCCOCCO,358.6070000000001,6.273400000000008,38.69,108.26980000000007,1,3,1,3,22,3,0.2316508481296524,0,157.42435964136814,199.31787161080672,1,False,False,IV,"{""Alcohol"": 1, ""Ether"": 1}"
steareth-100,CCCCCCCCCCCCCCCCCCOCCOCCO,358.6070000000001,6.273400000000008,38.69,108.26980000000007,1,3,1,3,22,3,0.2316508481296524,0,157.42435964136814,199.31787161080672,1,False,False,IV,"{""Alcohol"": 1, ""Ether"": 1}"
steareth-2,CCCCCCCCCCCCCCCCCCOCCOCCO,358.6070000000001,6.273400000000008,38.69,108.26980000000007,1,3,1,3,22,3,0.2316508481296524,0,157.42435964136814,199.31787161080672,1,False,False,IV,"{""Alcohol"": 1, ""Ether"": 1}"
steareth-20,CCCCCCCCCCCCCCCCCCOCCOCCO,358.6070000000001,6.273400000000008,38.69,108.26980000000007,1,3,1,3,22,3,0.2316508481296524,0,157.42435964136814,199.31787161080672,1,False,False,IV,"{""Alcohol"": 1, ""Ether"": 1}"
steareth-21,CCCCCCCCCCCCCCCCCCOCCOCCO,358.6070000000001,6.273400000000008,38.69,108.26980000000007,1,3,1,3,22,3,0.2316508481296524,0,157.42435964136814,199.31787161080672,1,False,False,IV,"{""Alcohol"": 1, ""Ether"": 1}"
stearic acid,CCCCCCCCCCCCCCCCCC(=O)O,284.4839999999999,6.332500000000007,37.3,87.18180000000008,1,1,1,2,16,2,0.3360419785922725,0,125.89902282481172,201.5949030918267,1,False,False,IV,"{""Carboxylic_Acid"": 1}"
stearic acid d7,[2H]C([2H])([2H])C([2H])([2H])C([2H])([2H])CCCCCCCCCCCCCCC(=O)O,291.5267124459999,6.332500000000004,37.3,87.18180000000007,1,1,1,2,17,2,0.3177381020443055,0,135.7338163259864,409.0045440954344,1,False,False,IV,"{""Carboxylic_Acid"": 1}"
stearoyl polyoxyl-32 glycerides,CCCCCCCCCCCCCCCCCC(=O)OCC(COC(=O)CCCCCCCCCCCCCCC)O,596.9780000000003,11.176499999999988,72.83,177.78279999999953,1,5,1,5,34,5,0.0590587016068159,0,261.2215355574048,564.3594814772907,2,False,False,IV,"{""Alcohol"": 1, ""Ester"": 1, ""Ether"": 1}"
stearyl alcohol,CCCCCCCCCCCCCCCCCCO,270.50099999999986,6.240200000000008,20.23,86.63180000000007,1,1,1,1,16,1,0.3290608710763124,0,121.73750072476794,128.62570933197804,1,False,False,IV,"{""Alcohol"": 1}"
strawberry,CCOC(=O)C1C(O1)(C)C2=CC=CC=C2,206.241,1.8637,38.83,55.30000000000003,0,3,0,3,3,3,0.5594241086868413,0,89.00383721140493,360.389798120526,0,True,True,I,"{""Benzene_Ring"": 1, ""Ester"": 1, ""Ether"": 1}"
strontium nitrate,[N+](=O)([O-])[O-].[N+](=O)([O-])[O-].[Sr+2],211.628,-0.8590000000000002,132.4,26.476800000000004,0,6,0,8,0,9,0.2908709945527818,0,85.57063180010196,69.05865002596163,0,True,True,I,"{""Nitro"": 1, ""Tertiary_Amine"": 1}"
succinic acid,C(CC(=O)O)C(=O)O,118.08799999999998,-0.0642000000000001,74.6,24.5056,2,2,2,4,3,4,0.5437714031598523,0,45.74558907549892,92.60593781761293,0,True,True,I,"{""Carboxylic_Acid"": 1}"
sucralose,C([C@@H]1[C@@H]([C@@H]([C@H]([C@H](O1)O[C@]2([C@H]([C@@H]([C@H](O2)CCl)O)O)CCl)O)O)Cl)O,397.6350000000001,-1.6561000000000008,128.84,79.54400000000001,5,8,5,8,5,11,0.3488810747714889,0,146.9635551092795,402.5020875823405,0,True,True,I,"{""Alcohol"": 1, ""Chlorine"": 1, ""Ether"": 1}"
sucrose,C([C@@H]1[C@H]([C@@H]([C@H]([C@H](O1)O[C@]2([C@H]([C@@H]([C@H](O2)CO)O)O)CO)O)O)O)O,342.297,-5.395599999999995,189.53,68.64140000000003,8,11,8,11,5,11,0.2378914345193498,0,130.43645768522256,393.2032272794937,2,True,False,III,"{""Alcohol"": 1, ""Ether"": 1}"
sucrose acetate isobutyrate,CC(C)C(=O)OC[C@@H]1[C@H]([C@@H]([C@](O1)(COC(=O)C)O[C@@H]2[C@@H]([C@H]([C@@H]([C@H](O2)COC(=O)C)OC(=O)C(C)C)OC(=O)C(C)C)OC(=O)C(C)C)OC(=O)C(C)C)OC(=O)C(C)C,846.917,2.98740000000001,238.08999999999995,200.0029999999993,0,19,0,19,19,19,0.1341027479268089,0,344.5015055071645,1501.3873303368514,2,False,False,IV,"{""Ester"": 1, ""Ether"": 1}"
sucrose laurate,CCCCCCCCCCCC(=O)O[C@@]1([C@@H]([C@H]([C@@H]([C@H](O1)CO)O)O)O)[C@@]2([C@H]([C@@H]([C@H](O2)CO)O)O)CO,524.6040000000003,-1.535399999999998,206.6,124.43540000000009,8,12,8,12,15,12,0.0906378248780297,0,210.97728515802552,663.0082185136744,3,False,False,IV,"{""Alcohol"": 1, ""Ester"": 1, ""Ether"": 1}"
sucrose palmitate,CCCCCCCCCCCCCCCC(=O)O[C@H]1[C@@H]([C@H](O[C@@]1(CO)O[C@@H]2[C@@H]([C@H]([C@@H]([C@H](O2)CO)O)O)O)CO)O,580.7120000000003,0.6366000000000007,195.6,142.82660000000007,7,12,7,12,20,12,0.0785181493845732,0,236.75636509292283,694.2010975840086,3,False,False,IV,"{""Alcohol"": 1, ""Ester"": 1, ""Ether"": 1}"
sucrose stearate,CCCCCCCCCCCCCCCCCC(=O)O.C([C@@H]1[C@H]([C@@H]([C@H]([C@H](O1)O[C@]2([C@H]([C@@H]([C@H](O2)CO)O)O)CO)O)O)O)O,626.7810000000004,0.9369000000000028,226.83,155.8232,9,12,9,13,21,13,0.080943593615973,0,254.96700275013043,711.5427456828985,3,False,False,IV,"{""Alcohol"": 1, ""Carboxylic_Acid"": 1, ""Ether"": 1}"
"sucrose, 6-stearate",CCCCCCCCCCCCCCCCCC(=O)OC[C@@H]1[C@H]([C@@H]([C@H]([C@H](O1)O[C@]2([C@H]([C@@H]([C@H](O2)CO)O)O)CO)O)O)O,608.7660000000004,1.4168000000000012,195.6,152.0606,7,12,7,12,22,12,0.0690789299428387,0,249.4862493217161,726.4029437044956,3,False,False,IV,"{""Alcohol"": 1, ""Ester"": 1, ""Ether"": 1}"
sugarcane,C(C(F)(F)F)(OC(F)F)F,168.03599999999997,2.0835,9.23,18.040000000000003,0,1,0,1,2,7,0.5732475481548114,0,51.575892903687055,97.65627610972469,0,True,True,I,"{""Ether"": 1, ""Fluorine"": 1}"
sulfur,S1SSSSSSS1,256.536,5.1856,0.0,60.728,0,8,0,0,0,8,0.5364262339931881,0,77.5530546536229,24.0,1,False,False,IV,{}
sulfur dioxide,O=S=O,64.065,-0.6701999999999999,34.14,8.9198,0,2,0,2,0,3,0.3740899592691337,0,21.0636205712925,23.774437510817343,0,True,True,I,{}
sulfuric acid,OS(=O)(=O)O,98.07899999999998,-0.6527999999999998,74.6,14.1774,2,2,2,4,0,5,0.3945181101484369,0,29.0061825517276,86.81635834269238,0,True,True,I,{}
synthetic wax (1200 mw),CC1(C2CCC1(C(C2)O)C)C,154.253,2.1935,20.23,45.23580000000002,1,1,1,1,0,1,0.5667995799649952,0,68.80630150253657,185.3117986128446,0,True,True,I,"{""Alcohol"": 1}"
synthetic wax (1800 mw),CC1(C2CCC1(C(C2)O)C)C,154.253,2.1935,20.23,45.23580000000002,1,1,1,1,0,1,0.5667995799649952,0,68.80630150253657,185.3117986128446,0,True,True,I,"{""Alcohol"": 1}"
talc,[OH-].[OH-].[O-][Si]12O[Si]3(O[Si](O1)(O[Si](O2)(O3)[O-])[O-])[O-].[Mg+2].[Mg+2].[Mg+2],379.2630000000001,-8.185599999999999,207.62,50.6596,0,12,2,12,0,19,0.3593279583593477,0,158.48342156382867,217.8007459594872,1,True,False,III,{}
tangerine,C1=CC=C2C(=C1)C=CC(=C2N=NC3=C(C=C(C=C3)[N+](=O)[O-])[N+](=O)[O-])O,338.27900000000005,4.777200000000003,131.23,89.53960000000005,1,7,1,9,4,9,0.4152491088216357,0,139.71712489898087,1032.208852862142,0,True,True,I,"{""Azo"": 1, ""Benzene_Ring"": 1, ""Nitro"": 1, ""Phenol"": 1, ""Tertiary_Amine"": 1}"
tartaric acid,[C@@H]([C@H](C(=O)O)O)(C(=O)O)O,150.08599999999998,-2.1226,115.06,27.2852,4,4,4,6,3,6,0.3652291848585975,0,55.33405657989094,133.82680599646991,0,True,True,I,"{""Alcohol"": 1, ""Carboxylic_Acid"": 1}"
taurine,C(CS(=O)(=O)O)N,125.149,-1.167099999999999,80.39,25.47,2,3,3,4,2,5,0.4556990896241571,0,42.07271984927949,125.87033355475133,0,True,True,I,"{""Primary_Amine"": 1}"
tea leaf,CCCCSP(SCCCC)SCCCC,298.523,6.8132000000000055,0.0,89.01800000000006,0,3,0,0,12,4,0.2866442354010311,0,115.86838361251677,109.65784284662088,1,False,False,IV,{}
tea tree oil,CCCCCCC(C)OC(=O)CCCCCCCCCCCCCCC(C)C,396.7000000000002,9.005900000000002,26.3,123.78900000000012,0,2,0,2,21,2,0.1427987789539636,0,177.13787121729544,324.39450514594444,1,False,False,IV,"{""Ester"": 1, ""Ether"": 1}"
terpene resin,C=CC=C(C=C)C1NC(=NC(=N1)C2=CC(=CC(=C2)C3=CC=CC=C3)C4=CC=CC=C4)C5=CC(=C(C(=C5)C6=CCCC=C6)N7C8=CC=CC=C8C9=C7C1=C(C=C9)N(C2=CC=CC=C21)C1=CC=CC=C1)C1=CC=CC=C1,950.202,17.036299999999972,46.61,312.6957000000006,1,3,1,5,11,5,0.1290561271097781,0,430.6938517013388,4108.259945753442,2,False,False,IV,"{""Alkene"": 1, ""Benzene_Ring"": 1, ""Secondary_Amine"": 1}"
terpineol,CC1=CCC(CC1)C(C)(C)O,154.253,2.5037000000000007,20.23,47.39580000000002,1,1,1,1,1,1,0.5752598158037694,0,69.12252962388156,162.20181564730422,0,True,True,I,"{""Alcohol"": 1, ""Alkene"": 1}"
tert-butyl alcohol,CC(C)(C)O,74.12299999999999,0.7771999999999999,20.23,21.971799999999995,1,1,1,1,0,1,0.4498276567484776,0,32.62831112321538,19.11941547876375,0,True,True,I,"{""Alcohol"": 1}"
tert-butylhydroquinone,CC(C)(C)C1=C(C=CC(=C1)O)O,166.22,2.395300000000001,40.46,48.47160000000004,2,2,2,2,0,2,0.5808370712927262,0,72.47963908147543,284.3803204812324,0,True,True,I,"{""Benzene_Ring"": 1, ""Phenol"": 1}"
tetraethyl silicate,CCO[Si](OCC)(OCC)OCC,208.33,1.568,36.92,52.258000000000045,0,4,0,4,8,5,0.5673627158643818,0,81.62232810764343,91.20187914912016,0,True,True,I,{}
tetrahexyldecyl ascorbate,CCCCCCCCC(CCCCCC)C(=O)OC[C@@H]([C@@H]1C(=C(C(=O)O1)OC(=O)C(CCCCCC)CCCCCCCC)OC(=O)C(CCCCCC)CCCCCCCC)OC(=O)C(CCCCCC)CCCCCCCC,1129.783999999999,21.013600000000004,131.50000000000003,330.89700000000016,0,10,0,10,58,10,0.032940472734593,0,492.6001593832346,1556.8456009617996,2,False,False,IV,"{""Alkene"": 1, ""Ester"": 1, ""Ether"": 1}"
tetrahydrobisdemethoxydiferuloylmethane,C1=CC(=CC=C1CCC(=O)CC(=O)CCC2=CC=C(C=C2)O)O,312.36499999999995,3.1915000000000022,74.60000000000001,87.48660000000004,2,4,2,4,8,4,0.7341060706240414,0,134.95460383081684,597.2738976432677,0,True,True,I,"{""Benzene_Ring"": 1, ""Ketone"": 1, ""Phenol"": 1}"
tetrahydrodemethoxydiferuloylmethane,COC1=C(C=CC(=C1)CCC(=O)CC(=O)CCC2=CC=C(C=C2)O)O,342.391,3.2001000000000026,83.83000000000001,94.03860000000005,2,5,2,5,9,5,0.6838010560293716,0,146.43309117472032,734.2517745187788,0,True,True,I,"{""Benzene_Ring"": 1, ""Ether"": 1, ""Ketone"": 1, ""Phenol"": 1}"
tetrahydrodiferuloylmethane,COC1=C(C=CC(=C1)CCC(=O)CC(=O)CCC2=CC(=C(C=C2)O)OC)O,372.417,3.2087000000000026,93.06000000000002,100.59060000000004,2,6,2,6,10,6,0.6222673432996175,0,157.9115785186238,744.8142857361565,0,True,True,I,"{""Benzene_Ring"": 1, ""Ether"": 1, ""Ketone"": 1, ""Phenol"": 1}"
tetrapropyl orthosilicate,CCCO[Si](OCCC)(OCCC)OCCC,264.438,3.128400000000002,36.92,70.72600000000006,0,4,0,4,12,5,0.5074984435343535,0,107.08209656522988,129.0748433401982,0,True,True,I,{}
tetraxetan,C1CN(CCN(CCN(CCN1CC(=O)O)CC(=O)O)CC(=O)O)CC(=O)O,404.4200000000002,-2.453599999999992,162.16000000000005,96.30320000000006,4,8,4,12,8,12,0.3381329578357058,0,162.06990968002205,446.762337886844,0,True,False,III,"{""Carboxylic_Acid"": 1, ""Tertiary_Amine"": 1}"
theobromine,CN1C=NC2=C1C(=O)NC(=O)N2C,180.167,-1.0397,72.68,46.575700000000005,1,3,1,6,0,6,0.5624722357827983,0,72.4540434171574,574.1705593822572,0,True,True,I,{}
thiamine,CC1=C(SC=[N+]1CC2=CN=C(N=C2N)C)CCO,265.362,0.60774,75.91,70.32420000000002,2,5,3,5,4,6,0.79412732636072,0,109.95661104659912,553.005593291334,0,True,True,I,"{""Alcohol"": 1, ""Primary_Amine"": 1}"
thiamine hydrochloride,CC1=C(SC=[N+]1CC2=CN=C(N=C2N)C)CCO.Cl.[Cl-],337.27599999999995,-1.966459999999998,75.91,77.57220000000001,2,5,3,5,4,8,0.6352026131224129,0,134.26279755169796,562.3855051631195,0,True,True,I,"{""Alcohol"": 1, ""Chlorine"": 1, ""Primary_Amine"": 1}"
thiamine mononitrate,CC1=C(SC=[N+]1CC2=CN=C(N=C2N)C)CCO.[N+](=O)([O-])[O-],327.36600000000004,0.3686400000000002,142.11,80.68560000000001,2,8,3,9,4,10,0.4689087279930644,0,130.36369017430212,642.4420076300128,0,True,False,III,"{""Alcohol"": 1, ""Nitro"": 1, ""Primary_Amine"": 1, ""Tertiary_Amine"": 1}"
thimerosal,CC[Hg]SC1=CC=CC=C1C(=O)[O-].[Na+],404.81600000000014,-1.4181,40.13,47.110500000000016,0,3,0,2,4,5,0.5785588119947458,0,120.69836646700853,306.6183578237682,0,True,True,I,"{""Benzene_Ring"": 1}"
threonine,C[C@H]([C@@H](C(=O)O)N)O,119.12,-1.2208999999999997,83.55,27.291999999999994,3,3,4,4,2,4,0.4250956026269513,0,46.92395767246787,91.28421251514428,0,True,True,I,"{""Alcohol"": 1, ""Carboxylic_Acid"": 1, ""Primary_Amine"": 1}"
thymidine,CC1=CN(C(=O)NC1=O)[C@H]2C[C@@H]([C@H](O2)CO)O,242.231,-1.5142799999999992,104.55,57.679300000000026,3,5,3,7,2,7,0.5842742137821719,0,96.28954903482216,520.1629217962845,0,True,True,I,"{""Alcohol"": 1, ""Ether"": 1}"
thymol,CC1=CC(=C(C=C1)C(C)C)O,150.22099999999998,2.8240200000000013,20.23,46.93280000000003,1,1,1,1,1,1,0.6522740358347691,0,67.6854053292794,251.0497317859833,0,True,True,I,"{""Benzene_Ring"": 1, ""Phenol"": 1}"
titanium,[Ti],47.867,-0.0025,0.0,0.0,0,0,0,0,0,1,0.3376882922454179,0,22.37461137442572,0.0,0,True,True,I,{}
titanium dioxide,O=[Ti]=O,79.865,-0.2401,34.14,1.373,0,2,0,2,0,3,0.3760076837741772,0,26.406113307128383,23.774437510817343,0,True,True,I,{}
tocopherol,CC1=C(C=C2CCC(OC2=C1C)(C)CCCC(C)CCCC(C)CCCC(C)C)O,416.6900000000003,8.531840000000003,29.46,129.6538000000001,1,2,1,2,12,2,0.3697007878533773,0,186.362077464396,663.0932036772859,1,False,False,IV,"{""Benzene_Ring"": 1, ""Ether"": 1, ""Phenol"": 1}"
tragacanth,CC(=C[C@@H]1[C@H](C1(C)C)C(=O)O)C,168.236,2.3094,37.3,47.827800000000025,1,1,1,2,2,2,0.6422782158345622,0,73.2840517239253,234.2231344031171,0,True,True,I,"{""Alkene"": 1, ""Carboxylic_Acid"": 1}"
trehalose,C([C@@H]1[C@H]([C@@H]([C@H]([C@H](O1)O[C@@H]2[C@@H]([C@H]([C@@H]([C@H](O2)CO)O)O)O)O)O)O)O,342.297,-5.397199999999994,189.53,68.61940000000003,8,11,8,11,4,11,0.2432584676077655,0,130.43645768522254,344.0184383617948,2,True,False,III,"{""Alcohol"": 1, ""Ether"": 1}"
trehalose dihydrate,C([C@@H]1[C@H]([C@@H]([C@H]([C@H](O1)O[C@@H]2[C@@H]([C@H]([C@@H]([C@H](O2)CO)O)O)O)O)O)O)O.O.O,378.3270000000001,-7.046599999999992,252.53,75.84700000000001,8,11,12,13,4,13,0.2278454998266949,0,141.39796454205128,346.02094958602765,2,True,False,III,"{""Alcohol"": 1, ""Ether"": 1}"
treprostinil sodium,CCCCC[C@@H](CC[C@H]1[C@@H](C[C@H]2[C@@H]1CC3=C(C2)C(=CC=C3)OCC(=O)[O-])O)O.[Na+],412.5020000000001,-0.7474999999999966,89.82000000000001,104.82860000000008,2,5,2,5,10,6,0.3900742327906737,0,195.69492496603144,664.6683210498862,0,True,True,I,"{""Alcohol"": 1, ""Benzene_Ring"": 1, ""Ether"": 1}"
triacetin,CC(=O)OCC(COC(=O)C)OC(=O)C,218.205,0.0442999999999997,78.9,48.82000000000003,0,6,0,6,5,6,0.4786981605537972,0,87.48398993165434,228.9871242601569,0,True,True,I,"{""Ester"": 1, ""Ether"": 1}"
tribasic calcium phosphate,[OH-].[O-]P(=O)([O-])[O-].[O-]P(=O)([O-])[O-].[O-]P(=O)([O-])[O-].[Ca+2].[Ca+2].[Ca+2].[Ca+2].[Ca+2],502.3069999999999,-10.554600000000002,288.75,53.5253,0,13,1,13,0,21,0.2196815668289092,0,268.242500418216,213.8389947613247,2,False,False,IV,{}
tribasic sodium phosphate,[O-]P(=O)([O-])[O-].[Na+].[Na+].[Na+],163.94,-11.812600000000002,86.25,7.6065,0,4,0,4,0,8,0.2624496011353996,0,113.54681971263192,57.41901188909337,0,True,True,I,{}
tricalcium phosphate,[O-]P(=O)([O-])[O-].[O-]P(=O)([O-])[O-].[Ca+2].[Ca+2].[Ca+2],310.174,-6.7916,172.5,32.474999999999994,0,8,0,8,0,13,0.3132510451905381,0,163.59206791476095,129.6986276161844,0,True,False,III,{}
tricaprilin,CCCCCCCC(=O)OCC(COC(=O)CCCCCCC)OC(=O)CCCCCCC,470.6910000000005,7.066100000000009,78.9,131.92600000000004,0,6,0,6,23,6,0.09026518387328,0,202.0529479907933,461.0032508161707,1,False,False,IV,"{""Ester"": 1, ""Ether"": 1}"
tricaprin,CCCCCCCCCC(=O)OCC(COC(=O)CCCCCCCCC)OC(=O)CCCCCCCCC,554.8530000000005,9.406700000000004,78.9,159.6279999999997,0,6,0,6,29,6,0.0520341250836913,0,240.24260067717304,542.5415245699442,2,False,False,IV,"{""Ester"": 1, ""Ether"": 1}"
tricetin,C1=C(C=C(C(=C1O)O)O)C2=CC(=O)C3=C(C=C(C=C3O2)O)O,302.238,1.988000000000001,131.36,76.24399999999999,5,7,5,7,1,7,0.4341904402990982,0,122.10766954232908,932.9926827834672,0,True,True,I,"{""Benzene_Ring"": 1, ""Phenol"": 1}"
trichloromonofluoromethane,C(F)(Cl)(Cl)Cl,137.368,2.2836,0.0,21.398,0,0,0,0,0,4,0.4494251669146117,0,43.8145851114008,22.36452797660028,0,True,True,I,"{""Chlorine"": 1, ""Fluorine"": 1}"
trideceth-6 phosphate,CCCCCCCCCCCCCOCCOCCOP(=O)(O)O,368.451,4.439900000000005,85.22000000000001,96.09510000000007,2,4,2,6,19,7,0.2589279573400261,0,147.05703872556307,294.8053544291242,0,True,True,I,"{""Ether"": 1}"
tridecyl alcohol,CCCCCCCCCCCCCO,200.366,4.289700000000004,20.23,63.54680000000006,1,1,1,1,11,1,0.4932559566480433,0,89.9127901527849,79.23635259028,0,True,True,I,"{""Alcohol"": 1}"
triethanolamine benzoate,C1=CC=C(C=C1)C(=O)O.C(CO)N(CCO)CCO,271.3129999999999,-0.3499,101.23,71.09870000000002,4,5,4,6,7,6,0.5405994521187997,0,112.09011985283368,316.8006155913405,0,True,True,I,"{""Alcohol"": 1, ""Benzene_Ring"": 1, ""Carboxylic_Acid"": 1, ""Tertiary_Amine"": 1}"
triethanolamine glutamate,C(CC(=O)O)[C@@H](C(=O)O)N.C(CO)N(CCO)CCO,296.32000000000005,-2.4715999999999965,164.54999999999998,70.17840000000002,6,7,7,9,10,9,0.255992958557263,0,116.78844065360856,248.89153247518016,1,True,False,III,"{""Alcohol"": 1, ""Carboxylic_Acid"": 1, ""Primary_Amine"": 1, ""Tertiary_Amine"": 1}"
triethanolamine lauryl sulfate,CCCCCCCCCCCCOS(=O)(=O)O.C(CO)N(CCO)CCO,415.59300000000025,1.9920000000000004,127.53000000000002,107.04200000000009,4,7,4,8,18,9,0.1976467657111218,0,165.04281816849806,365.6417656754049,0,True,True,I,"{""Alcohol"": 1, ""Tertiary_Amine"": 1}"
triethoxycaprylylsilane,CCCCCCCC[Si](OCC)(OCC)OCC,276.493,4.395300000000004,27.69,78.81500000000007,0,3,0,3,13,4,0.3685757657793342,0,114.57510703560796,159.40248911719408,0,True,True,I,{}
triethyl citrate,CCOC(=O)CC(CC(=O)OCC)(C(=O)OCC)O,276.285,0.1870000000000001,99.13000000000002,64.08280000000003,1,7,1,7,8,7,0.4985962550960754,0,111.37305002704016,304.03958829237104,0,True,True,I,"{""Alcohol"": 1, ""Ester"": 1, ""Ether"": 1}"
triethylene glycol,C(COCCOCCO)O,150.174,-0.9958,58.92,35.80959999999999,2,4,2,4,7,4,0.4571376225737072,0,60.379519563218366,49.70950594454669,0,True,True,I,"{""Alcohol"": 1, ""Ether"": 1}"
trihydroxystearin,CCCCCCC(CCCCCCCCCCC(=O)OCC(COC(=O)CCCCCCCCCCC(CCCCCC)O)OC(=O)CCCCCCCCCCC(CCCCCC)O)O,939.4979999999993,15.681499999999964,139.59,274.6053999999989,3,9,3,9,53,9,0.0308863879863253,0,407.38391267927926,983.4344512392644,2,False,False,IV,"{""Alcohol"": 1, ""Ester"": 1, ""Ether"": 1}"
trimyristin,CCCCCCCCCCCCCC(=O)OCC(COC(=O)CCCCCCCCCCCCC)OC(=O)CCCCCCCCCCCCC,723.1769999999998,14.087899999999973,78.9,215.03199999999904,0,6,0,6,41,6,0.0355019024083876,0,316.62190604993214,710.9708705893563,2,False,False,IV,"{""Ester"": 1, ""Ether"": 1}"
tripalmitin,CCCCCCCCCCCCCCCC(=O)OCC(COC(=O)CCCCCCCCCCCCCCC)OC(=O)CCCCCCCCCCCCCCC,807.3389999999995,16.428499999999964,78.9,242.7339999999988,0,6,0,6,47,6,0.0346152110321355,0,354.8115587363116,797.5662097725631,2,False,False,IV,"{""Ester"": 1, ""Ether"": 1}"
trisodium citrate dihydrate,C(C(=O)[O-])C(CC(=O)[O-])(C(=O)[O-])O.O.O.[Na+].[Na+].[Na+],294.099,-15.89,203.62,36.4324,1,7,5,9,5,12,0.4836941724258805,0,168.4271686336925,240.68752784982723,0,True,False,III,"{""Alcohol"": 1}"
trisodium ethylenediamine disuccinate,C(CN[C@@H](CC(=O)[O-])C(=O)[O-])N[C@@H](CC(=O)[O-])C(=O)O.[Na+].[Na+].[Na+],358.19000000000005,-14.970699999999995,181.75,55.472200000000015,3,9,3,10,11,13,0.2367647252885868,0,198.18667670171007,360.3023566421208,0,True,False,III,"{""Carboxylic_Acid"": 1, ""Secondary_Amine"": 1}"
trolamine,C(CO)N(CCO)CCO,149.19,-1.7347,63.93000000000001,37.6974,3,4,3,4,6,4,0.419530358360434,0,60.70649652660399,55.74860596185443,0,True,True,I,"{""Alcohol"": 1, ""Tertiary_Amine"": 1}"
trolamine salicylate,C1=CC=C(C(=C1)C(=O)O)O.C(CO)N(CCO)CCO,287.312,-0.6443000000000003,121.46,72.76350000000002,5,6,5,7,7,7,0.4517948441620458,0,116.88435360502967,370.6143972461476,0,True,True,I,"{""Alcohol"": 1, ""Benzene_Ring"": 1, ""Carboxylic_Acid"": 1, ""Phenol"": 1, ""Tertiary_Amine"": 1}"
tromethamine,C(C(CO)(CO)N)O,121.136,-2.339199999999999,86.71000000000001,28.175799999999995,4,4,5,4,3,4,0.3368315430776369,0,47.55666932462013,54.03910001730775,0,True,True,I,"{""Alcohol"": 1, ""Primary_Amine"": 1}"
tromethamine hydrochloride,C(C(CO)(CO)N)O.Cl,157.597,-1.9174,86.71000000000001,35.4238,4,4,5,4,3,5,0.3849584989273507,0,59.70976257716954,58.568425030288566,0,True,True,I,"{""Alcohol"": 1, ""Chlorine"": 1, ""Primary_Amine"": 1}"
tropolone,C1=CC=C(C(=O)C=C1)O,122.12299999999996,0.7523999999999997,37.3,34.3768,1,2,1,2,0,2,0.5509952407058899,0,52.39764653166896,254.8079593687372,0,True,True,I,"{""Phenol"": 1}"
tryptophan,C1=CC=C2C(=C1)C(=CN2)C[C@@H](C(=O)O)N,204.229,1.1222999999999996,79.11,57.613900000000015,3,2,4,4,3,4,0.7005840997557369,0,86.7127009646888,490.0485079143072,0,True,True,I,"{""Benzene_Ring"": 1, ""Carboxylic_Acid"": 1, ""Primary_Amine"": 1}"
turmeric,C(=C/C(=O)O)\C(=O)O,116.07199999999996,-0.2881999999999998,74.6,24.4116,2,2,2,4,2,4,0.4859839100851221,0,45.05598604331467,118.97373660251154,0,True,True,I,"{""Alkene"": 1, ""Carboxylic_Acid"": 1}"
turmeric oil,CC1=C(C=C(C=C1)[C@@H](C)CC(=O)C=C(C)C)O,232.32299999999995,3.729520000000003,37.3,70.31380000000003,1,2,1,2,4,2,0.8030308715988924,0,102.98203496912195,440.2350837372881,0,True,True,I,"{""Alkene"": 1, ""Benzene_Ring"": 1, ""Ketone"": 1, ""Phenol"": 1}"
tyloxapol,C[C@H](/C=C/[C@@H](C)C(C)C)[C@H]1CCC2[C@@]1(CC=C3[C@]4(CC[C@@H](CC4CC=C2O3)O)C)C,412.6580000000002,7.262400000000009,29.46,124.5668000000001,1,2,1,2,4,2,0.492229839154589,0,184.4083333875712,730.9211225386149,1,False,False,IV,"{""Alcohol"": 1, ""Alkene"": 1, ""Ether"": 1}"
tyrosine,C1=CC(=CC=C1C[C@@H](C(=O)O)N)O,181.191,0.3465999999999994,83.55,47.42200000000001,3,3,4,4,3,4,0.6277204469356521,0,75.61610976413529,294.23305328030176,0,True,True,I,"{""Benzene_Ring"": 1, ""Carboxylic_Acid"": 1, ""Phenol"": 1, ""Primary_Amine"": 1}"
ubidecarenone,CC1=C(C(=O)C(=C(C1=O)OC)OC)C/C=C(\C)/CC/C=C(\C)/CC/C=C(\C)/CC/C=C(\C)/CC/C=C(\C)/CC/C=C(\C)/CC/C=C(\C)/CC/C=C(\C)/CC/C=C(\C)/CCC=C(C)C,863.3649999999994,17.853899999999975,52.60000000000001,274.72499999999934,0,4,0,4,31,4,0.0514626915844789,0,387.1749607821935,1844.232906471872,2,False,False,IV,"{""Alkene"": 1, ""Ether"": 1, ""Ketone"": 1}"
undecylenic acid,C=CCCCCCCCCC(=O)O,184.279,3.377800000000001,37.3,54.76880000000004,1,1,1,2,9,2,0.440335169452804,0,80.65482499185119,141.0257051333355,0,True,True,I,"{""Alkene"": 1, ""Carboxylic_Acid"": 1}"
urea,C(=O)(N)N,60.05599999999999,-0.9762,69.11,13.7708,2,1,4,3,0,3,0.3705073514035382,2,23.580554521898744,29.01955000865388,0,True,True,I,"{""Urea"": 1}"
ursodiol,C[C@H](CCC(=O)O)[C@H]1CC[C@@H]2[C@@]1(CC[C@H]3[C@H]2[C@H](C[C@H]4[C@@]3(CC[C@H](C4)O)C)O)C,392.58000000000015,4.477900000000006,77.76,108.64740000000008,3,3,3,4,4,4,0.659162096020487,0,169.6538184014664,605.412568486979,0,True,True,I,"{""Alcohol"": 1, ""Carboxylic_Acid"": 1}"
valine,CC(C)[C@@H](C(=O)O)N,117.148,0.0543,63.31999999999999,30.44919999999999,2,2,3,3,2,3,0.5369765717084767,0,48.49466603466847,90.42945954287092,0,True,True,I,"{""Carboxylic_Acid"": 1, ""Primary_Amine"": 1}"
vanilla,COC1=C(C=CC(=C1)C=O)O,152.14899999999997,1.2133,46.53,40.046300000000016,1,3,1,3,2,3,0.6477438574453785,0,64.23058843003683,268.03972257956417,0,True,True,I,"{""Aldehyde"": 1, ""Benzene_Ring"": 1, ""Ether"": 1, ""Phenol"": 1}"
vanillin,COC1=C(C=CC(=C1)C=O)O,152.14899999999997,1.2133,46.53,40.046300000000016,1,3,1,3,2,3,0.6477438574453785,0,64.23058843003683,268.03972257956417,0,True,True,I,"{""Aldehyde"": 1, ""Benzene_Ring"": 1, ""Ether"": 1, ""Phenol"": 1}"
verbena,C[C@H]1CC(=O)[C@H]2[C@@H]1[C@@H](OC=C2C(=O)OC)O[C@H]3[C@@H]([C@H]([C@@H]([C@H](O3)CO)O)O)O,388.369,-1.9425999999999983,151.98000000000002,85.59220000000002,4,10,4,10,4,10,0.4001613658838331,0,154.82538849230238,616.8353814919832,0,True,False,III,"{""Alcohol"": 1, ""Alkene"": 1, ""Ester"": 1, ""Ether"": 1, ""Ketone"": 1}"
vetiver oil,CC1CC(C=C(C2C1CC(=C(C)C)C2)C)OC(=O)C,262.393,4.266800000000004,26.3,77.68000000000005,0,2,0,2,1,2,0.5209273201181246,0,116.46252381629893,426.5430188328553,0,True,True,I,"{""Alkene"": 1, ""Ester"": 1, ""Ether"": 1}"
vinyl acetate,CC(=O)OC=C,86.09,0.693,26.3,21.96299999999999,0,2,0,2,1,2,0.346443425050646,0,36.41954166838576,65.94833690207419,0,True,True,I,"{""Alkene"": 1, ""Ester"": 1, ""Ether"": 1}"
vitamin e polyethylene glycol succinate,CCCCC(CC)COCCO,174.28399999999996,2.211700000000001,29.46,51.21080000000004,1,2,1,2,8,2,0.5716348607832024,0,75.9315090391019,83.9077646698008,0,True,True,I,"{""Alcohol"": 1, ""Ether"": 1}"
vitis vinifera (grape) seed extract,CCCCCCC(=O)OCC,158.241,2.5199000000000007,26.3,45.39200000000002,0,2,0,2,6,2,0.4383150695699537,0,68.93385527255305,99.73585546369786,0,True,True,I,"{""Ester"": 1, ""Ether"": 1}"
water,O,18.015,-0.8247,31.5,3.6138,0,0,2,1,0,1,0.3277476769246249,0,6.84923118831809,0.0,0,True,True,I,{}
water o-15,[15OH2],17.019065599999998,-0.8247,31.5,3.6138,0,0,2,1,0,1,0.3273603042298602,0,6.84923118831809,0.0,0,True,True,I,{}
water o-18,[18OH2],20.015161,-0.8247,31.5,3.6138,0,0,2,1,0,1,0.3073379636119172,0,6.84923118831809,0.0,0,True,True,I,{}
wheat germ,C1CC(N(C1)C(=O)C(CCC(=O)N)NC(=O)C2CCCN2C(=O)C(CC3=CC=C(C=C3)O)N)C(=O)NC(CCC(=O)N)C(=O)O,631.6870000000001,-2.170799999999989,268.55,157.61019999999988,7,9,10,16,15,16,0.1100282548799605,6,259.17159544691987,1289.1565507319183,2,False,False,IV,"{""Amide"": 1, ""Benzene_Ring"": 1, ""Carboxylic_Acid"": 1, ""Phenol"": 1, ""Primary_Amine"": 1}"
wheat germ oil,C1CC(N(C1)C(=O)C(CCC(=O)N)NC(=O)C2CCCN2C(=O)C(CC3=CC=C(C=C3)O)N)C(=O)NC(CCC(=O)N)C(=O)O,631.6870000000001,-2.170799999999989,268.55,157.61019999999988,7,9,10,16,15,16,0.1100282548799605,6,259.17159544691987,1289.1565507319183,2,False,False,IV,"{""Amide"": 1, ""Benzene_Ring"": 1, ""Carboxylic_Acid"": 1, ""Phenol"": 1, ""Primary_Amine"": 1}"
whey,C1=C(NC(=O)NC1=O)C(=O)O,156.09699999999998,-1.2386,103.02,34.64269999999999,3,3,3,6,1,6,0.472751724776492,0,59.5144412481139,359.7091580824157,0,True,True,I,"{""Carboxylic_Acid"": 1}"
white petrolatum,C1=CC=C(C=C1)N=NC2=C(C=CC3=CC(=CC(=C32)S(=O)(=O)[O-])S(=O)(=O)[O-])O.[Na+].[Na+],452.3770000000002,-3.2229999999999968,159.35,92.15720000000005,1,9,1,9,4,13,0.2475552232287474,0,210.49524471948644,1279.6161715165297,0,True,False,III,"{""Azo"": 1, ""Benzene_Ring"": 1, ""Phenol"": 1}"
white wax,CC(C)(C)C1=CC=C(C=C1)S(=O)(=O)NC2=CC=C(C=C2)N3C=CN=C3,355.463,3.970600000000002,63.99,99.51450000000004,1,3,1,5,4,6,0.7700267861258238,0,147.9547779537907,937.4087361118212,0,True,True,I,"{""Benzene_Ring"": 1, ""Sulfonamide"": 1}"
wine grape,C([C@@H]1[C@H]([C@@H]([C@H](C(O1)O)O)O)O)O,180.156,-3.2213999999999987,110.38,35.98599999999999,5,6,5,6,1,6,0.290152854529958,0,68.64284443677028,146.2188491003481,0,True,True,I,"{""Alcohol"": 1, ""Ether"": 1}"
xanthan gum,[La+3],138.906,0.0,0.0,0.0,0,0,0,0,0,1,0.4426165819805239,0,35.47218132420978,0.0,0,True,True,I,{}
xylitol,C([C@H](C([C@H](CO)O)O)O)O,152.146,-2.9462999999999995,101.15,32.191999999999986,5,5,5,5,4,5,0.2963895134660185,0,58.17018824639603,76.10749561002055,0,True,True,I,"{""Alcohol"": 1}"
yellow wax,CC1=CC(=C(C=C1)O)N=NC2=CC=C(C=C2)NC(=O)C,269.30400000000003,4.074420000000002,74.05000000000001,77.76550000000003,2,4,2,5,3,5,0.8238898599683054,1,116.53571954908772,648.6682438497095,0,True,True,I,"{""Amide"": 1, ""Azo"": 1, ""Benzene_Ring"": 1, ""Phenol"": 1}"
zein,CC1=C(C(C[C@@H](C1)O)(C)C)/C=C/C(=C/C=C/C(=C/C=C/C=C(\C)/C=C/C=C(\C)/C=C/[C@H]2C(=CCCC2(C)C)C)/C)/C,552.8870000000003,11.432499999999989,20.23,182.71179999999944,1,1,1,1,10,1,0.2109891196839013,0,252.168931580408,1237.265637840428,2,False,False,IV,"{""Alcohol"": 1, ""Alkene"": 1}"
zinc,[Zn],65.39,-0.0025,0.0,0.0,0,0,0,0,0,1,0.3485136100351551,0,20.251805802468564,0.0,0,True,True,I,{}
zinc acetate,CC(=O)[O-].CC(=O)[O-].[Zn+2],183.478,-2.490099999999999,80.25999999999999,21.36199999999999,0,4,0,4,0,5,0.3893043909735945,0,65.634748271593,70.56842503028855,0,True,True,I,{}
zinc ascorbate,C([C@@H]([C@@H]1C(=C(C(=O)O1)[O-])O)O)O.C([C@@H]([C@@H]1C(=C(C(=O)O1)[O-])O)O)O.[Zn+2],415.622,-5.212699999999996,220.1,65.25480000000002,6,12,6,12,4,13,0.1871984828133157,0,152.15590978752877,520.4429237045329,2,True,False,III,"{""Alcohol"": 1, ""Alkene"": 1, ""Ester"": 1, ""Ether"": 1}"
zinc chloride,Cl[Zn]Cl,136.296,1.3765,0.0,11.706,0,0,0,0,0,3,0.4413180516290674,0,34.79345895529392,2.754887502163468,0,True,True,I,"{""Chlorine"": 1}"
zinc gluconate,C([C@H]([C@H]([C@@H]([C@H](C(=O)[O-])O)O)O)O)O.C([C@H]([C@H]([C@@H]([C@H](C(=O)[O-])O)O)O)O)O.[Zn+2],455.6840000000001,-9.6581,282.56,72.24000000000001,10,14,10,14,10,15,0.136803462133258,0,164.49662270872597,384.9019346626658,2,True,False,III,"{""Alcohol"": 1}"
zinc lactate,CC(C(=O)[O-])O.CC(C(=O)[O-])O.[Zn+2],243.53,-3.7683,120.72,33.375599999999984,2,6,2,6,2,7,0.4804411376997234,0,87.95310000477825,137.2034663791036,0,True,True,I,"{""Alcohol"": 1}"
zinc oxide,[O-2].[Zn+2],81.389,-0.1213,28.5,0.6865,0,0,0,1,0,2,0.3638318840865774,0,25.73255923088293,2.0,0,True,True,I,{}
zinc stearate,CCCCCCCCCCCCCCCCCC(=O)[O-].CCCCCCCCCCCCCCCCCC(=O)[O-].[Zn+2],632.3420000000006,9.993099999999997,80.25999999999999,169.10599999999965,0,4,0,4,32,5,0.0546329652309076,0,269.3128959322846,453.9723145775002,2,False,False,IV,{}
zinc sulfate heptahydrate,O.O.O.O.O.O.O.[O-]S(=O)(=O)[O-].[Zn+2],287.558,-7.113399999999995,300.76,35.7712,0,4,14,11,0,13,0.2376017769149722,0,86.25478459319307,93.2586863990795,0,True,False,III,{}
